 [INFO] 2025-11-17 18:26:41,357 [SIYISDK::connect] :	Attempting to connect to camera, attempt 1
 [INFO] 2025-11-17 18:26:41,471 [SIYISDK::connect] :	Successfully connected to camera on attempt 1
 [INFO] 2025-11-17 18:26:42,874 [SIYISDK::disconnect] :	Stopping all threads and disconnecting
 [WARNING] 2025-11-17 18:26:42,883 [SIYISDK::bufferCallback] :	[Errno 9] Bad file descriptor. Did not receive message within 5 second(s)
0:00:00.000201670 [34m18843[00m 0xffff4c005e00 [36mINFO   [00m [00;01;31m            GST_INIT gst.c:592:init_pre:[00m Initializing GStreamer Core Library version 1.20.3
0:00:00.000345099 [34m18843[00m 0xffff4c005e00 [36mINFO   [00m [00;01;31m            GST_INIT gst.c:593:init_pre:[00m Using library installed in /usr/lib/aarch64-linux-gnu
0:00:00.000393165 [34m18843[00m 0xffff4c005e00 [36mINFO   [00m [00;01;31m            GST_INIT gst.c:611:init_pre:[00m Linux homa1 5.15.148-tegra #1 SMP PREEMPT Thu Sep 18 15:08:33 PDT 2025 aarch64
0:00:00.001068163 [34m18843[00m 0xffff4c005e00 [36mINFO   [00m [00;01;31m            GST_INIT gstmessage.c:129:_priv_gst_message_initialize:[00m init messages
0:00:00.001847101 [34m18843[00m 0xffff4c005e00 [36mINFO   [00m [00;01;31m            GST_INIT gstcontext.c:86:_priv_gst_context_initialize:[00m init contexts
0:00:00.002146502 [34m18843[00m 0xffff4c005e00 [36mINFO   [00m [00;01;36m  GST_PLUGIN_LOADING gstplugin.c:324:_priv_gst_plugin_initialize:[00m registering 0 static plugins
0:00:00.002338605 [34m18843[00m 0xffff4c005e00 [36mINFO   [00m [00;01;36m  GST_PLUGIN_LOADING gstplugin.c:232:gst_plugin_register_static:[00m registered static plugin "staticelements"
0:00:00.002376366 [34m18843[00m 0xffff4c005e00 [36mINFO   [00m [00;01;36m  GST_PLUGIN_LOADING gstplugin.c:234:gst_plugin_register_static:[00m added static plugin "staticelements", result: 1
0:00:00.002479505 [34m18843[00m 0xffff4c005e00 [36mINFO   [00m [00m        GST_REGISTRY gstregistry.c:1827:ensure_current_registry:[00m reading registry cache: /home/homa1/.cache/gstreamer-1.0/registry.aarch64.bin
0:00:00.024786352 [34m18843[00m 0xffff4c005e00 [36mINFO   [00m [00m        GST_REGISTRY gstregistrybinary.c:683:priv_gst_registry_binary_read_cache:[00m loaded /home/homa1/.cache/gstreamer-1.0/registry.aarch64.bin in 0.022250 seconds
0:00:00.024975478 [34m18843[00m 0xffff4c005e00 [36mINFO   [00m [00m        GST_REGISTRY gstregistry.c:1693:scan_and_update_registry:[00m Validating plugins from registry cache: /home/homa1/.cache/gstreamer-1.0/registry.aarch64.bin
0:00:00.028433704 [34m18843[00m 0xffff4c005e00 [36mINFO   [00m [00m        GST_REGISTRY gstregistry.c:1785:scan_and_update_registry:[00m Registry cache has not changed
0:00:00.028503915 [34m18843[00m 0xffff4c005e00 [36mINFO   [00m [00m        GST_REGISTRY gstregistry.c:1862:ensure_current_registry:[00m registry reading and updating done, result = 1
0:00:00.028523659 [34m18843[00m 0xffff4c005e00 [36mINFO   [00m [00;01;31m            GST_INIT gst.c:833:init_post:[00m GLib runtime version: 2.72.4
0:00:00.028537900 [34m18843[00m 0xffff4c005e00 [36mINFO   [00m [00;01;31m            GST_INIT gst.c:835:init_post:[00m GLib headers version: 2.72.4
0:00:00.028547340 [34m18843[00m 0xffff4c005e00 [36mINFO   [00m [00;01;31m            GST_INIT gst.c:837:init_post:[00m initialized GStreamer successfully
0:00:00.028606254 [34m18843[00m 0xffff4c005e00 [36mINFO   [00m [00;01;37;41m        GST_PIPELINE gstparse.c:344:gst_parse_launch_full:[00m parsing pipeline description 'rtspsrc location=rtsp://192.168.144.25:8554/main.264 protocols=tcp latency=200 ! rtpjitterbuffer latency=200 ! rtph265depay ! queue max-size-buffers=2 leaky=downstream ! h265parse ! queue max-size-buffers=2 leaky=downstream ! nvv4l2decoder ! nvvidconv ! video/x-raw, format=BGRx ! videoconvert ! video/x-raw, format=BGR ! appsink drop=true sync=false'
0:00:00.032048095 [34m18843[00m 0xffff4c005e00 [36mINFO   [00m [00;01;36m  GST_PLUGIN_LOADING gstplugin.c:987:_priv_gst_plugin_load_file_for_registry:[00m plugin "/usr/lib/aarch64-linux-gnu/gstreamer-1.0/libgstrtsp.so" loaded
0:00:00.032165187 [34m18843[00m 0xffff4c005e00 [36mINFO   [00m [00;01;37;41m GST_ELEMENT_FACTORY gstelementfactory.c:489:gst_element_factory_create_with_properties:[00m creating element "rtspsrc"
0:00:00.034838427 [34m18843[00m 0xffff4c005e00 [36mINFO   [00m [00;01;36m  GST_PLUGIN_LOADING gstplugin.c:987:_priv_gst_plugin_load_file_for_registry:[00m plugin "/usr/lib/aarch64-linux-gnu/gstreamer-1.0/libgstrealmedia.so" loaded
0:00:00.034912958 [34m18843[00m 0xffff4c005e00 [36mINFO   [00m [00;01;37;41m GST_ELEMENT_FACTORY gstelementfactory.c:489:gst_element_factory_create_with_properties:[00m creating element "rtspreal"
0:00:00.036466897 [34m18843[00m 0xffff4c005e00 [36mINFO   [00m [00;01;36m  GST_PLUGIN_LOADING gstplugin.c:987:_priv_gst_plugin_load_file_for_registry:[00m plugin "/usr/lib/aarch64-linux-gnu/gstreamer-1.0/libgstasf.so" loaded
0:00:00.036529619 [34m18843[00m 0xffff4c005e00 [36mINFO   [00m [00;01;37;41m GST_ELEMENT_FACTORY gstelementfactory.c:489:gst_element_factory_create_with_properties:[00m creating element "rtspwms"
0:00:00.038305230 [34m18843[00m 0xffff4c005e00 [36mINFO   [00m [00;01;36m  GST_PLUGIN_LOADING gstplugin.c:987:_priv_gst_plugin_load_file_for_registry:[00m plugin "/usr/lib/aarch64-linux-gnu/gstreamer-1.0/libgstrtpmanager.so" loaded
0:00:00.038367440 [34m18843[00m 0xffff4c005e00 [36mINFO   [00m [00;01;37;41m GST_ELEMENT_FACTORY gstelementfactory.c:489:gst_element_factory_create_with_properties:[00m creating element "rtpjitterbuffer"
0:00:00.039213099 [34m18843[00m 0xffff4c005e00 [36mINFO   [00m [00;01;37;41m    GST_ELEMENT_PADS gstelement.c:759:gst_element_add_pad:<GstRtpJitterBuffer@0xffff4c27eb70>[00m adding pad 'src'
0:00:00.039256429 [34m18843[00m 0xffff4c005e00 [36mINFO   [00m [00;01;37;41m    GST_ELEMENT_PADS gstelement.c:759:gst_element_add_pad:<GstRtpJitterBuffer@0xffff4c27eb70>[00m adding pad 'sink'
0:00:00.041146827 [34m18843[00m 0xffff4c005e00 [36mINFO   [00m [00;01;36m  GST_PLUGIN_LOADING gstplugin.c:987:_priv_gst_plugin_load_file_for_registry:[00m plugin "/usr/lib/aarch64-linux-gnu/gstreamer-1.0/libgstrtp.so" loaded
0:00:00.041205517 [34m18843[00m 0xffff4c005e00 [36mINFO   [00m [00;01;37;41m GST_ELEMENT_FACTORY gstelementfactory.c:489:gst_element_factory_create_with_properties:[00m creating element "rtph265depay"
0:00:00.041394291 [34m18843[00m 0xffff4c005e00 [36mINFO   [00m [00;01;37;41m    GST_ELEMENT_PADS gstelement.c:759:gst_element_add_pad:<GstRTPBaseDepayload@0xffff4c28e3b0>[00m adding pad 'sink'
0:00:00.041427540 [34m18843[00m 0xffff4c005e00 [36mINFO   [00m [00;01;37;41m    GST_ELEMENT_PADS gstelement.c:759:gst_element_add_pad:<GstRTPBaseDepayload@0xffff4c28e3b0>[00m adding pad 'src'
0:00:00.042964647 [34m18843[00m 0xffff4c005e00 [36mINFO   [00m [00;01;36m  GST_PLUGIN_LOADING gstplugin.c:987:_priv_gst_plugin_load_file_for_registry:[00m plugin "/usr/lib/aarch64-linux-gnu/gstreamer-1.0/libgstcoreelements.so" loaded
0:00:00.043017385 [34m18843[00m 0xffff4c005e00 [36mINFO   [00m [00;01;37;41m GST_ELEMENT_FACTORY gstelementfactory.c:489:gst_element_factory_create_with_properties:[00m creating element "queue"
0:00:00.043347892 [34m18843[00m 0xffff4c005e00 [36mINFO   [00m [00;01;37;41m    GST_ELEMENT_PADS gstelement.c:759:gst_element_add_pad:<GstQueue@0xffff4c2980d0>[00m adding pad 'sink'
0:00:00.043407286 [34m18843[00m 0xffff4c005e00 [36mINFO   [00m [00;01;37;41m    GST_ELEMENT_PADS gstelement.c:759:gst_element_add_pad:<GstQueue@0xffff4c2980d0>[00m adding pad 'src'
0:00:00.044853189 [34m18843[00m 0xffff4c005e00 [36mINFO   [00m [00;01;36m  GST_PLUGIN_LOADING gstplugin.c:987:_priv_gst_plugin_load_file_for_registry:[00m plugin "/usr/lib/aarch64-linux-gnu/gstreamer-1.0/libgstvideoparsersbad.so" loaded
0:00:00.044893831 [34m18843[00m 0xffff4c005e00 [36mINFO   [00m [00;01;37;41m GST_ELEMENT_FACTORY gstelementfactory.c:489:gst_element_factory_create_with_properties:[00m creating element "h265parse"
0:00:00.045017995 [34m18843[00m 0xffff4c005e00 [36mINFO   [00m [00;01;37;41m    GST_ELEMENT_PADS gstelement.c:759:gst_element_add_pad:<GstBaseParse@0xffff4c29e270>[00m adding pad 'sink'
0:00:00.045078317 [34m18843[00m 0xffff4c005e00 [36mINFO   [00m [00;01;37;41m    GST_ELEMENT_PADS gstelement.c:759:gst_element_add_pad:<GstBaseParse@0xffff4c29e270>[00m adding pad 'src'
0:00:00.045116238 [34m18843[00m 0xffff4c005e00 [36mINFO   [00m [00m           baseparse gstbaseparse.c:4046:gst_base_parse_set_pts_interpolation:<GstH265Parse@0xffff4c29e270>[00m PTS interpolation: no
0:00:00.045138703 [34m18843[00m 0xffff4c005e00 [36mINFO   [00m [00m           baseparse gstbaseparse.c:4064:gst_base_parse_set_infer_ts:<GstH265Parse@0xffff4c29e270>[00m TS inferring: no
0:00:00.045169296 [34m18843[00m 0xffff4c005e00 [36mINFO   [00m [00;01;37;41m GST_ELEMENT_FACTORY gstelementfactory.c:489:gst_element_factory_create_with_properties:[00m creating element "queue"
0:00:00.045202929 [34m18843[00m 0xffff4c005e00 [36mINFO   [00m [00;01;37;41m    GST_ELEMENT_PADS gstelement.c:759:gst_element_add_pad:<GstQueue@0xffff4c2983d0>[00m adding pad 'sink'
0:00:00.045229682 [34m18843[00m 0xffff4c005e00 [36mINFO   [00m [00;01;37;41m    GST_ELEMENT_PADS gstelement.c:759:gst_element_add_pad:<GstQueue@0xffff4c2983d0>[00m adding pad 'src'
0:00:00.069072867 [34m18843[00m 0xffff4c005e00 [36mINFO   [00m [00;01;36m  GST_PLUGIN_LOADING gstplugin.c:987:_priv_gst_plugin_load_file_for_registry:[00m plugin "/usr/lib/aarch64-linux-gnu/gstreamer-1.0/libgstnvvideo4linux2.so" loaded
0:00:00.069151814 [34m18843[00m 0xffff4c005e00 [36mINFO   [00m [00;01;37;41m GST_ELEMENT_FACTORY gstelementfactory.c:489:gst_element_factory_create_with_properties:[00m creating element "nvv4l2decoder"
0:00:00.069549715 [34m18843[00m 0xffff4c005e00 [36mINFO   [00m [00;01;37;41m    GST_ELEMENT_PADS gstelement.c:759:gst_element_add_pad:<GstVideoDecoder@0xffff4c2a8d90>[00m adding pad 'sink'
0:00:00.069591988 [34m18843[00m 0xffff4c005e00 [36mINFO   [00m [00;01;37;41m    GST_ELEMENT_PADS gstelement.c:759:gst_element_add_pad:<GstVideoDecoder@0xffff4c2a8d90>[00m adding pad 'src'
0:00:00.072152136 [34m18843[00m 0xffff4c005e00 [36mINFO   [00m [00;01;36m  GST_PLUGIN_LOADING gstplugin.c:987:_priv_gst_plugin_load_file_for_registry:[00m plugin "/usr/lib/aarch64-linux-gnu/gstreamer-1.0/libgstnvvidconv.so" loaded
0:00:00.072209770 [34m18843[00m 0xffff4c005e00 [36mINFO   [00m [00;01;37;41m GST_ELEMENT_FACTORY gstelementfactory.c:489:gst_element_factory_create_with_properties:[00m creating element "nvvidconv"
0:00:00.072489684 [34m18843[00m 0xffff4c005e00 [36mINFO   [00m [00;01;37;41m    GST_ELEMENT_PADS gstelement.c:759:gst_element_add_pad:<GstBaseTransform@0xffff4c2b0130>[00m adding pad 'sink'
0:00:00.072528117 [34m18843[00m 0xffff4c005e00 [36mINFO   [00m [00;01;37;41m    GST_ELEMENT_PADS gstelement.c:759:gst_element_add_pad:<GstBaseTransform@0xffff4c2b0130>[00m adding pad 'src'
0:00:00.073185674 [34m18843[00m 0xffff4c005e00 [36mINFO   [00m [00;01;36m  GST_PLUGIN_LOADING gstplugin.c:987:_priv_gst_plugin_load_file_for_registry:[00m plugin "/usr/lib/aarch64-linux-gnu/gstreamer-1.0/libgstvideoconvert.so" loaded
0:00:00.073215787 [34m18843[00m 0xffff4c005e00 [36mINFO   [00m [00;01;37;41m GST_ELEMENT_FACTORY gstelementfactory.c:489:gst_element_factory_create_with_properties:[00m creating element "videoconvert"
0:00:00.073525334 [34m18843[00m 0xffff4c005e00 [36mINFO   [00m [00;01;37;41m    GST_ELEMENT_PADS gstelement.c:759:gst_element_add_pad:<GstBaseTransform@0xffff4c2bd8d0>[00m adding pad 'sink'
0:00:00.073558071 [34m18843[00m 0xffff4c005e00 [36mINFO   [00m [00;01;37;41m    GST_ELEMENT_PADS gstelement.c:759:gst_element_add_pad:<GstBaseTransform@0xffff4c2bd8d0>[00m adding pad 'src'
0:00:00.074052999 [34m18843[00m 0xffff4c005e00 [36mINFO   [00m [00;01;36m  GST_PLUGIN_LOADING gstplugin.c:987:_priv_gst_plugin_load_file_for_registry:[00m plugin "/usr/lib/aarch64-linux-gnu/gstreamer-1.0/libgstapp.so" loaded
0:00:00.074083048 [34m18843[00m 0xffff4c005e00 [36mINFO   [00m [00;01;37;41m GST_ELEMENT_FACTORY gstelementfactory.c:489:gst_element_factory_create_with_properties:[00m creating element "appsink"
0:00:00.074279951 [34m18843[00m 0xffff4c005e00 [36mINFO   [00m [00;01;37;41m    GST_ELEMENT_PADS gstelement.c:759:gst_element_add_pad:<GstBaseSink@0xffff4c2c0950>[00m adding pad 'sink'
0:00:00.074331344 [34m18843[00m 0xffff4c005e00 [36mINFO   [00m [00;01;37;41m GST_ELEMENT_FACTORY gstelementfactory.c:489:gst_element_factory_create_with_properties:[00m creating element "pipeline"
0:00:00.074529783 [34m18843[00m 0xffff4c005e00 [36mINFO   [00m [00;01;37;41m        GST_PIPELINE gst/parse/grammar.y:683:gst_parse_perform_link:[00m linking some pad of GstRTSPSrc named rtspsrc0 to some pad of GstRtpJitterBuffer named rtpjitterbuffer0 (0/0) with caps "(NULL)"
0:00:00.074557304 [34m18843[00m 0xffff4c005e00 [36mINFO   [00m [00;01;37;41m    GST_ELEMENT_PADS gstutils.c:1816:gst_element_link_pads_full:[00m trying to link element rtspsrc0:(any) to element rtpjitterbuffer0:(any)
0:00:00.074584793 [34m18843[00m 0xffff4c005e00 [36mINFO   [00m [00;01;31;44m            GST_PADS gstpad.c:4357:gst_pad_peer_query:<rtpjitterbuffer0:src>[00m pad has no peer
0:00:00.074623130 [34m18843[00m 0xffff4c005e00 [36mINFO   [00m [00;01;37;41m    GST_ELEMENT_PADS gstelement.c:1013:gst_element_get_static_pad:[00m no such pad 'stream_%u' in element "rtspsrc0"
0:00:00.074643675 [34m18843[00m 0xffff4c005e00 [36mINFO   [00m [00;01;37;41m    GST_ELEMENT_PADS gstutils.c:1270:gst_element_get_compatible_pad:<rtspsrc0>[00m Could not find a compatible pad to link to rtpjitterbuffer0:sink
0:00:00.074658331 [34m18843[00m 0xffff4c005e00 [36mINFO   [00m [00;04m             default gstutils.c:2206:gst_element_link_pads_filtered:[00m Could not link pads: rtspsrc0:(null) - rtpjitterbuffer0:(null)
0:00:00.074684028 [34m18843[00m 0xffff4c005e00 [36mINFO   [00m [00;01;37;41m        GST_PIPELINE gst/parse/grammar.y:683:gst_parse_perform_link:[00m linking some pad of GstRtpJitterBuffer named rtpjitterbuffer0 to some pad of GstRtpH265Depay named rtph265depay0 (0/0) with caps "(NULL)"
0:00:00.074698012 [34m18843[00m 0xffff4c005e00 [36mINFO   [00m [00;01;37;41m    GST_ELEMENT_PADS gstutils.c:1816:gst_element_link_pads_full:[00m trying to link element rtpjitterbuffer0:(any) to element rtph265depay0:(any)
0:00:00.075045160 [34m18843[00m 0xffff4c005e00 [36mINFO   [00m [00;01;31;44m            GST_PADS gstutils.c:1079:gst_pad_check_link:[00m trying to link rtpjitterbuffer0:src and rtph265depay0:sink
0:00:00.075084329 [34m18843[00m 0xffff4c005e00 [36mINFO   [00m [00;01;31;44m            GST_PADS gstpad.c:4357:gst_pad_peer_query:<rtpjitterbuffer0:sink>[00m pad has no peer
0:00:00.075119946 [34m18843[00m 0xffff4c005e00 [36mINFO   [00m [00;01;31;44m            GST_PADS gstutils.c:1632:prepare_link_maybe_ghosting:[00m rtpjitterbuffer0 and rtph265depay0 in same bin, no need for ghost pads
0:00:00.075151499 [34m18843[00m 0xffff4c005e00 [36mINFO   [00m [00;01;31;44m            GST_PADS gstpad.c:2382:gst_pad_link_prepare:[00m trying to link rtpjitterbuffer0:src and rtph265depay0:sink
0:00:00.075170700 [34m18843[00m 0xffff4c005e00 [36mINFO   [00m [00;01;31;44m            GST_PADS gstpad.c:4357:gst_pad_peer_query:<rtpjitterbuffer0:sink>[00m pad has no peer
0:00:00.075195533 [34m18843[00m 0xffff4c005e00 [36mINFO   [00m [00;01;31;44m            GST_PADS gstpad.c:2590:gst_pad_link_full:[00m linked rtpjitterbuffer0:src and rtph265depay0:sink, successful
0:00:00.075209997 [34m18843[00m 0xffff4c005e00 [36mINFO   [00m [00;01;34m           GST_EVENT gstevent.c:1660:gst_event_new_reconfigure:[00m creating reconfigure event
0:00:00.075224462 [34m18843[00m 0xffff4c005e00 [36mINFO   [00m [00;01;34m           GST_EVENT gstpad.c:5946:gst_pad_send_event_unchecked:<rtpjitterbuffer0:src>[00m Received event on flushing pad. Discarding
0:00:00.075253199 [34m18843[00m 0xffff4c005e00 [36mINFO   [00m [00;01;37;41m        GST_PIPELINE gst/parse/grammar.y:683:gst_parse_perform_link:[00m linking some pad of GstRtpH265Depay named rtph265depay0 to some pad of GstQueue named queue0 (0/0) with caps "(NULL)"
0:00:00.075295408 [34m18843[00m 0xffff4c005e00 [36mINFO   [00m [00;01;37;41m    GST_ELEMENT_PADS gstutils.c:1816:gst_element_link_pads_full:[00m trying to link element rtph265depay0:(any) to element queue0:(any)
0:00:00.075315921 [34m18843[00m 0xffff4c005e00 [36mINFO   [00m [00;01;31;44m            GST_PADS gstutils.c:1079:gst_pad_check_link:[00m trying to link rtph265depay0:src and queue0:sink
0:00:00.075341874 [34m18843[00m 0xffff4c005e00 [36mINFO   [00m [00;01;31;44m            GST_PADS gstpad.c:4357:gst_pad_peer_query:<queue0:src>[00m pad has no peer
0:00:00.075361906 [34m18843[00m 0xffff4c005e00 [36mINFO   [00m [00;01;31;44m            GST_PADS gstutils.c:1632:prepare_link_maybe_ghosting:[00m rtph265depay0 and queue0 in same bin, no need for ghost pads
0:00:00.075381107 [34m18843[00m 0xffff4c005e00 [36mINFO   [00m [00;01;31;44m            GST_PADS gstpad.c:2382:gst_pad_link_prepare:[00m trying to link rtph265depay0:src and queue0:sink
0:00:00.075399507 [34m18843[00m 0xffff4c005e00 [36mINFO   [00m [00;01;31;44m            GST_PADS gstpad.c:4357:gst_pad_peer_query:<queue0:src>[00m pad has no peer
0:00:00.075417940 [34m18843[00m 0xffff4c005e00 [36mINFO   [00m [00;01;31;44m            GST_PADS gstpad.c:2590:gst_pad_link_full:[00m linked rtph265depay0:src and queue0:sink, successful
0:00:00.075430292 [34m18843[00m 0xffff4c005e00 [36mINFO   [00m [00;01;34m           GST_EVENT gstevent.c:1660:gst_event_new_reconfigure:[00m creating reconfigure event
0:00:00.075442261 [34m18843[00m 0xffff4c005e00 [36mINFO   [00m [00;01;34m           GST_EVENT gstpad.c:5946:gst_pad_send_event_unchecked:<rtph265depay0:src>[00m Received event on flushing pad. Discarding
0:00:00.075466070 [34m18843[00m 0xffff4c005e00 [36mINFO   [00m [00;01;37;41m        GST_PIPELINE gst/parse/grammar.y:683:gst_parse_perform_link:[00m linking some pad of GstQueue named queue0 to some pad of GstH265Parse named h265parse0 (0/0) with caps "(NULL)"
0:00:00.075481558 [34m18843[00m 0xffff4c005e00 [36mINFO   [00m [00;01;37;41m    GST_ELEMENT_PADS gstutils.c:1816:gst_element_link_pads_full:[00m trying to link element queue0:(any) to element h265parse0:(any)
0:00:00.075497111 [34m18843[00m 0xffff4c005e00 [36mINFO   [00m [00;01;31;44m            GST_PADS gstutils.c:1079:gst_pad_check_link:[00m trying to link queue0:src and h265parse0:sink
0:00:00.075523383 [34m18843[00m 0xffff4c005e00 [36mINFO   [00m [00;01;31;44m            GST_PADS gstpad.c:4357:gst_pad_peer_query:<h265parse0:src>[00m pad has no peer
0:00:00.075549944 [34m18843[00m 0xffff4c005e00 [36mINFO   [00m [00;01;31;44m            GST_PADS gstutils.c:1632:prepare_link_maybe_ghosting:[00m queue0 and h265parse0 in same bin, no need for ghost pads
0:00:00.075569817 [34m18843[00m 0xffff4c005e00 [36mINFO   [00m [00;01;31;44m            GST_PADS gstpad.c:2382:gst_pad_link_prepare:[00m trying to link queue0:src and h265parse0:sink
0:00:00.075590618 [34m18843[00m 0xffff4c005e00 [36mINFO   [00m [00;01;31;44m            GST_PADS gstpad.c:4357:gst_pad_peer_query:<h265parse0:src>[00m pad has no peer
0:00:00.075611450 [34m18843[00m 0xffff4c005e00 [36mINFO   [00m [00;01;31;44m            GST_PADS gstpad.c:2590:gst_pad_link_full:[00m linked queue0:src and h265parse0:sink, successful
0:00:00.075623931 [34m18843[00m 0xffff4c005e00 [36mINFO   [00m [00;01;34m           GST_EVENT gstevent.c:1660:gst_event_new_reconfigure:[00m creating reconfigure event
0:00:00.075635547 [34m18843[00m 0xffff4c005e00 [36mINFO   [00m [00;01;34m           GST_EVENT gstpad.c:5946:gst_pad_send_event_unchecked:<queue0:src>[00m Received event on flushing pad. Discarding
0:00:00.075658364 [34m18843[00m 0xffff4c005e00 [36mINFO   [00m [00;01;37;41m        GST_PIPELINE gst/parse/grammar.y:683:gst_parse_perform_link:[00m linking some pad of GstH265Parse named h265parse0 to some pad of GstQueue named queue1 (0/0) with caps "(NULL)"
0:00:00.075689021 [34m18843[00m 0xffff4c005e00 [36mINFO   [00m [00;01;37;41m    GST_ELEMENT_PADS gstutils.c:1816:gst_element_link_pads_full:[00m trying to link element h265parse0:(any) to element queue1:(any)
0:00:00.075706174 [34m18843[00m 0xffff4c005e00 [36mINFO   [00m [00;01;31;44m            GST_PADS gstutils.c:1079:gst_pad_check_link:[00m trying to link h265parse0:src and queue1:sink
0:00:00.075726750 [34m18843[00m 0xffff4c005e00 [36mINFO   [00m [00;01;31;44m            GST_PADS gstpad.c:4357:gst_pad_peer_query:<queue1:src>[00m pad has no peer
0:00:00.075745407 [34m18843[00m 0xffff4c005e00 [36mINFO   [00m [00;01;31;44m            GST_PADS gstutils.c:1632:prepare_link_maybe_ghosting:[00m h265parse0 and queue1 in same bin, no need for ghost pads
0:00:00.075763935 [34m18843[00m 0xffff4c005e00 [36mINFO   [00m [00;01;31;44m            GST_PADS gstpad.c:2382:gst_pad_link_prepare:[00m trying to link h265parse0:src and queue1:sink
0:00:00.075781728 [34m18843[00m 0xffff4c005e00 [36mINFO   [00m [00;01;31;44m            GST_PADS gstpad.c:4357:gst_pad_peer_query:<queue1:src>[00m pad has no peer
0:00:00.075800769 [34m18843[00m 0xffff4c005e00 [36mINFO   [00m [00;01;31;44m            GST_PADS gstpad.c:2590:gst_pad_link_full:[00m linked h265parse0:src and queue1:sink, successful
0:00:00.075812225 [34m18843[00m 0xffff4c005e00 [36mINFO   [00m [00;01;34m           GST_EVENT gstevent.c:1660:gst_event_new_reconfigure:[00m creating reconfigure event
0:00:00.075823393 [34m18843[00m 0xffff4c005e00 [36mINFO   [00m [00;01;34m           GST_EVENT gstpad.c:5946:gst_pad_send_event_unchecked:<h265parse0:src>[00m Received event on flushing pad. Discarding
0:00:00.075845218 [34m18843[00m 0xffff4c005e00 [36mINFO   [00m [00;01;37;41m        GST_PIPELINE gst/parse/grammar.y:683:gst_parse_perform_link:[00m linking some pad of GstQueue named queue1 to some pad of nvv4l2decoder named nvv4l2decoder0 (0/0) with caps "(NULL)"
0:00:00.075860227 [34m18843[00m 0xffff4c005e00 [36mINFO   [00m [00;01;37;41m    GST_ELEMENT_PADS gstutils.c:1816:gst_element_link_pads_full:[00m trying to link element queue1:(any) to element nvv4l2decoder0:(any)
0:00:00.075875779 [34m18843[00m 0xffff4c005e00 [36mINFO   [00m [00;01;31;44m            GST_PADS gstutils.c:1079:gst_pad_check_link:[00m trying to link queue1:src and nvv4l2decoder0:sink
0:00:00.075921445 [34m18843[00m 0xffff4c005e00 [36mINFO   [00m [00;01;31;44m            GST_PADS gstpad.c:4357:gst_pad_peer_query:<nvv4l2decoder0:src>[00m pad has no peer
0:00:00.076059497 [34m18843[00m 0xffff4c005e00 [36mINFO   [00m [00;01;31;44m            GST_PADS gstutils.c:1632:prepare_link_maybe_ghosting:[00m queue1 and nvv4l2decoder0 in same bin, no need for ghost pads
0:00:00.076088010 [34m18843[00m 0xffff4c005e00 [36mINFO   [00m [00;01;31;44m            GST_PADS gstpad.c:2382:gst_pad_link_prepare:[00m trying to link queue1:src and nvv4l2decoder0:sink
0:00:00.076115019 [34m18843[00m 0xffff4c005e00 [36mINFO   [00m [00;01;31;44m            GST_PADS gstpad.c:4357:gst_pad_peer_query:<nvv4l2decoder0:src>[00m pad has no peer
0:00:00.076191662 [34m18843[00m 0xffff4c005e00 [36mINFO   [00m [00;01;31;44m            GST_PADS gstpad.c:2590:gst_pad_link_full:[00m linked queue1:src and nvv4l2decoder0:sink, successful
0:00:00.076207790 [34m18843[00m 0xffff4c005e00 [36mINFO   [00m [00;01;34m           GST_EVENT gstevent.c:1660:gst_event_new_reconfigure:[00m creating reconfigure event
0:00:00.076220878 [34m18843[00m 0xffff4c005e00 [36mINFO   [00m [00;01;34m           GST_EVENT gstpad.c:5946:gst_pad_send_event_unchecked:<queue1:src>[00m Received event on flushing pad. Discarding
0:00:00.076248143 [34m18843[00m 0xffff4c005e00 [36mINFO   [00m [00;01;37;41m        GST_PIPELINE gst/parse/grammar.y:683:gst_parse_perform_link:[00m linking some pad of nvv4l2decoder named nvv4l2decoder0 to some pad of Gstnvvconv named nvvconv0 (0/0) with caps "(NULL)"
0:00:00.076264912 [34m18843[00m 0xffff4c005e00 [36mINFO   [00m [00;01;37;41m    GST_ELEMENT_PADS gstutils.c:1816:gst_element_link_pads_full:[00m trying to link element nvv4l2decoder0:(any) to element nvvconv0:(any)
0:00:00.076295441 [34m18843[00m 0xffff4c005e00 [36mINFO   [00m [00;01;31;44m            GST_PADS gstutils.c:1079:gst_pad_check_link:[00m trying to link nvv4l2decoder0:src and nvvconv0:sink
0:00:00.076319890 [34m18843[00m 0xffff4c005e00 [36mINFO   [00m [00;01;31;44m            GST_PADS gstpad.c:4357:gst_pad_peer_query:<nvvconv0:src>[00m pad has no peer
0:00:00.076407893 [34m18843[00m 0xffff4c005e00 [36mINFO   [00m [00;01;31;44m            GST_PADS gstutils.c:1632:prepare_link_maybe_ghosting:[00m nvv4l2decoder0 and nvvconv0 in same bin, no need for ghost pads
0:00:00.076432181 [34m18843[00m 0xffff4c005e00 [36mINFO   [00m [00;01;31;44m            GST_PADS gstpad.c:2382:gst_pad_link_prepare:[00m trying to link nvv4l2decoder0:src and nvvconv0:sink
0:00:00.076451638 [34m18843[00m 0xffff4c005e00 [36mINFO   [00m [00;01;31;44m            GST_PADS gstpad.c:4357:gst_pad_peer_query:<nvvconv0:src>[00m pad has no peer
0:00:00.076520952 [34m18843[00m 0xffff4c005e00 [36mINFO   [00m [00;01;31;44m            GST_PADS gstpad.c:2590:gst_pad_link_full:[00m linked nvv4l2decoder0:src and nvvconv0:sink, successful
0:00:00.076536345 [34m18843[00m 0xffff4c005e00 [36mINFO   [00m [00;01;34m           GST_EVENT gstevent.c:1660:gst_event_new_reconfigure:[00m creating reconfigure event
0:00:00.076561722 [34m18843[00m 0xffff4c005e00 [36mINFO   [00m [00;01;34m           GST_EVENT gstpad.c:5946:gst_pad_send_event_unchecked:<nvv4l2decoder0:src>[00m Received event on flushing pad. Discarding
0:00:00.076598555 [34m18843[00m 0xffff4c005e00 [36mINFO   [00m [00;01;37;41m        GST_PIPELINE gst/parse/grammar.y:683:gst_parse_perform_link:[00m linking some pad of Gstnvvconv named nvvconv0 to some pad of GstVideoConvert named videoconvert0 (0/0) with caps "video/x-raw, format=(string)BGRx"
0:00:00.076617948 [34m18843[00m 0xffff4c005e00 [36mINFO   [00m [00;01;37;41m GST_ELEMENT_FACTORY gstelementfactory.c:489:gst_element_factory_create_with_properties:[00m creating element "capsfilter"
0:00:00.076729983 [34m18843[00m 0xffff4c005e00 [36mINFO   [00m [00;01;37;41m    GST_ELEMENT_PADS gstelement.c:759:gst_element_add_pad:<GstBaseTransform@0xffff4c2c8220>[00m adding pad 'sink'
0:00:00.076764128 [34m18843[00m 0xffff4c005e00 [36mINFO   [00m [00;01;37;41m    GST_ELEMENT_PADS gstelement.c:759:gst_element_add_pad:<GstBaseTransform@0xffff4c2c8220>[00m adding pad 'src'
0:00:00.076792385 [34m18843[00m 0xffff4c005e00 [36mINFO   [00m [00;01;31m          GST_STATES gstbin.c:2069:gst_bin_get_state_func:<pipeline0>[00m getting state
0:00:00.076834499 [34m18843[00m 0xffff4c005e00 [36mINFO   [00m [00;01;31m          GST_STATES gstelement.c:2806:gst_element_continue_state:<capsfilter0>[00m completed state change to NULL
0:00:00.076858435 [34m18843[00m 0xffff4c005e00 [36mINFO   [00m [00;01;34m           GST_EVENT gstevent.c:1660:gst_event_new_reconfigure:[00m creating reconfigure event
0:00:00.076882724 [34m18843[00m 0xffff4c005e00 [36mINFO   [00m [00;01;37;41m    GST_ELEMENT_PADS gstutils.c:1816:gst_element_link_pads_full:[00m trying to link element nvvconv0:(any) to element capsfilter0:sink
0:00:00.076898821 [34m18843[00m 0xffff4c005e00 [36mINFO   [00m [00;01;37;41m    GST_ELEMENT_PADS gstelement.c:1016:gst_element_get_static_pad:[00m found pad capsfilter0:sink
0:00:00.076912389 [34m18843[00m 0xffff4c005e00 [36mINFO   [00m [00;01;31;44m            GST_PADS gstutils.c:1632:prepare_link_maybe_ghosting:[00m nvvconv0 and capsfilter0 in same bin, no need for ghost pads
0:00:00.076931974 [34m18843[00m 0xffff4c005e00 [36mINFO   [00m [00;01;31;44m            GST_PADS gstpad.c:2382:gst_pad_link_prepare:[00m trying to link nvvconv0:src and capsfilter0:sink
0:00:00.077004232 [34m18843[00m 0xffff4c005e00 [36mINFO   [00m [00;01;31;44m            GST_PADS gstpad.c:4357:gst_pad_peer_query:<capsfilter0:src>[00m pad has no peer
0:00:00.077045738 [34m18843[00m 0xffff4c005e00 [36mINFO   [00m [00;01;31;44m            GST_PADS gstpad.c:2590:gst_pad_link_full:[00m linked nvvconv0:src and capsfilter0:sink, successful
0:00:00.077057738 [34m18843[00m 0xffff4c005e00 [36mINFO   [00m [00;01;34m           GST_EVENT gstevent.c:1660:gst_event_new_reconfigure:[00m creating reconfigure event
0:00:00.077067498 [34m18843[00m 0xffff4c005e00 [36mINFO   [00m [00;01;34m           GST_EVENT gstpad.c:5946:gst_pad_send_event_unchecked:<nvvconv0:src>[00m Received event on flushing pad. Discarding
0:00:00.077083595 [34m18843[00m 0xffff4c005e00 [36mINFO   [00m [00;01;37;41m    GST_ELEMENT_PADS gstutils.c:1816:gst_element_link_pads_full:[00m trying to link element capsfilter0:src to element videoconvert0:(any)
0:00:00.077094891 [34m18843[00m 0xffff4c005e00 [36mINFO   [00m [00;01;37;41m    GST_ELEMENT_PADS gstelement.c:1016:gst_element_get_static_pad:[00m found pad capsfilter0:src
0:00:00.077106796 [34m18843[00m 0xffff4c005e00 [36mINFO   [00m [00;01;31;44m            GST_PADS gstutils.c:1079:gst_pad_check_link:[00m trying to link capsfilter0:src and videoconvert0:sink
0:00:00.077157037 [34m18843[00m 0xffff4c005e00 [36mINFO   [00m [00;01;31;44m            GST_PADS gstpad.c:4357:gst_pad_peer_query:<videoconvert0:src>[00m pad has no peer
0:00:00.077433750 [34m18843[00m 0xffff4c005e00 [36mINFO   [00m [00;01;31;44m            GST_PADS gstutils.c:1632:prepare_link_maybe_ghosting:[00m capsfilter0 and videoconvert0 in same bin, no need for ghost pads
0:00:00.077460631 [34m18843[00m 0xffff4c005e00 [36mINFO   [00m [00;01;31;44m            GST_PADS gstpad.c:2382:gst_pad_link_prepare:[00m trying to link capsfilter0:src and videoconvert0:sink
0:00:00.077516249 [34m18843[00m 0xffff4c005e00 [36mINFO   [00m [00;01;31;44m            GST_PADS gstpad.c:4357:gst_pad_peer_query:<videoconvert0:src>[00m pad has no peer
0:00:00.077781218 [34m18843[00m 0xffff4c005e00 [36mINFO   [00m [00;01;31;44m            GST_PADS gstpad.c:2590:gst_pad_link_full:[00m linked capsfilter0:src and videoconvert0:sink, successful
0:00:00.077802755 [34m18843[00m 0xffff4c005e00 [36mINFO   [00m [00;01;34m           GST_EVENT gstevent.c:1660:gst_event_new_reconfigure:[00m creating reconfigure event
0:00:00.077815971 [34m18843[00m 0xffff4c005e00 [36mINFO   [00m [00;01;34m           GST_EVENT gstpad.c:5946:gst_pad_send_event_unchecked:<capsfilter0:src>[00m Received event on flushing pad. Discarding
0:00:00.077845540 [34m18843[00m 0xffff4c005e00 [36mINFO   [00m [00;01;37;41m        GST_PIPELINE gst/parse/grammar.y:683:gst_parse_perform_link:[00m linking some pad of GstVideoConvert named videoconvert0 to some pad of GstAppSink named appsink0 (0/0) with caps "video/x-raw, format=(string)BGR"
0:00:00.077862053 [34m18843[00m 0xffff4c005e00 [36mINFO   [00m [00;01;37;41m GST_ELEMENT_FACTORY gstelementfactory.c:489:gst_element_factory_create_with_properties:[00m creating element "capsfilter"
0:00:00.077893382 [34m18843[00m 0xffff4c005e00 [36mINFO   [00m [00;01;37;41m    GST_ELEMENT_PADS gstelement.c:759:gst_element_add_pad:<GstBaseTransform@0xffff4c2c8560>[00m adding pad 'sink'
0:00:00.077916966 [34m18843[00m 0xffff4c005e00 [36mINFO   [00m [00;01;37;41m    GST_ELEMENT_PADS gstelement.c:759:gst_element_add_pad:<GstBaseTransform@0xffff4c2c8560>[00m adding pad 'src'
0:00:00.077937671 [34m18843[00m 0xffff4c005e00 [36mINFO   [00m [00;01;31m          GST_STATES gstbin.c:2069:gst_bin_get_state_func:<pipeline0>[00m getting state
0:00:00.077974440 [34m18843[00m 0xffff4c005e00 [36mINFO   [00m [00;01;31m          GST_STATES gstelement.c:2806:gst_element_continue_state:<capsfilter1>[00m completed state change to NULL
0:00:00.077991849 [34m18843[00m 0xffff4c005e00 [36mINFO   [00m [00;01;34m           GST_EVENT gstevent.c:1660:gst_event_new_reconfigure:[00m creating reconfigure event
0:00:00.078009289 [34m18843[00m 0xffff4c005e00 [36mINFO   [00m [00;01;37;41m    GST_ELEMENT_PADS gstutils.c:1816:gst_element_link_pads_full:[00m trying to link element videoconvert0:(any) to element capsfilter1:sink
0:00:00.078038634 [34m18843[00m 0xffff4c005e00 [36mINFO   [00m [00;01;37;41m    GST_ELEMENT_PADS gstelement.c:1016:gst_element_get_static_pad:[00m found pad capsfilter1:sink
0:00:00.078051819 [34m18843[00m 0xffff4c005e00 [36mINFO   [00m [00;01;31;44m            GST_PADS gstutils.c:1632:prepare_link_maybe_ghosting:[00m videoconvert0 and capsfilter1 in same bin, no need for ghost pads
0:00:00.078066475 [34m18843[00m 0xffff4c005e00 [36mINFO   [00m [00;01;31;44m            GST_PADS gstpad.c:2382:gst_pad_link_prepare:[00m trying to link videoconvert0:src and capsfilter1:sink
0:00:00.078206800 [34m18843[00m 0xffff4c005e00 [36mINFO   [00m [00;01;31;44m            GST_PADS gstpad.c:4357:gst_pad_peer_query:<capsfilter1:src>[00m pad has no peer
0:00:00.078236497 [34m18843[00m 0xffff4c005e00 [36mINFO   [00m [00;01;31;44m            GST_PADS gstpad.c:2590:gst_pad_link_full:[00m linked videoconvert0:src and capsfilter1:sink, successful
0:00:00.078247697 [34m18843[00m 0xffff4c005e00 [36mINFO   [00m [00;01;34m           GST_EVENT gstevent.c:1660:gst_event_new_reconfigure:[00m creating reconfigure event
0:00:00.078257330 [34m18843[00m 0xffff4c005e00 [36mINFO   [00m [00;01;34m           GST_EVENT gstpad.c:5946:gst_pad_send_event_unchecked:<videoconvert0:src>[00m Received event on flushing pad. Discarding
0:00:00.078272786 [34m18843[00m 0xffff4c005e00 [36mINFO   [00m [00;01;37;41m    GST_ELEMENT_PADS gstutils.c:1816:gst_element_link_pads_full:[00m trying to link element capsfilter1:src to element appsink0:(any)
0:00:00.078284722 [34m18843[00m 0xffff4c005e00 [36mINFO   [00m [00;01;37;41m    GST_ELEMENT_PADS gstelement.c:1016:gst_element_get_static_pad:[00m found pad capsfilter1:src
0:00:00.078297907 [34m18843[00m 0xffff4c005e00 [36mINFO   [00m [00;01;31;44m            GST_PADS gstutils.c:1079:gst_pad_check_link:[00m trying to link capsfilter1:src and appsink0:sink
0:00:00.078439672 [34m18843[00m 0xffff4c005e00 [36mINFO   [00m [00;01;31;44m            GST_PADS gstutils.c:1632:prepare_link_maybe_ghosting:[00m capsfilter1 and appsink0 in same bin, no need for ghost pads
0:00:00.078460376 [34m18843[00m 0xffff4c005e00 [36mINFO   [00m [00;01;31;44m            GST_PADS gstpad.c:2382:gst_pad_link_prepare:[00m trying to link capsfilter1:src and appsink0:sink
0:00:00.078600061 [34m18843[00m 0xffff4c005e00 [36mINFO   [00m [00;01;31;44m            GST_PADS gstpad.c:2590:gst_pad_link_full:[00m linked capsfilter1:src and appsink0:sink, successful
0:00:00.078616637 [34m18843[00m 0xffff4c005e00 [36mINFO   [00m [00;01;34m           GST_EVENT gstevent.c:1660:gst_event_new_reconfigure:[00m creating reconfigure event
0:00:00.078627806 [34m18843[00m 0xffff4c005e00 [36mINFO   [00m [00;01;34m           GST_EVENT gstpad.c:5946:gst_pad_send_event_unchecked:<capsfilter1:src>[00m Received event on flushing pad. Discarding
0:00:00.078686016 [34m18843[00m 0xffff4c005e00 [36mINFO   [00m [00;01;37;41m    GST_ELEMENT_PADS gstelement.c:1016:gst_element_get_static_pad:[00m found pad appsink0:sink
0:00:00.078880998 [34m18843[00m 0xffff4c005e00 [36mINFO   [00m [00;01;31m          GST_STATES gstbin.c:2479:gst_bin_element_set_state:<appsink0>[00m current NULL pending VOID_PENDING, desired next READY
0:00:00.078918087 [34m18843[00m 0xffff4c005e00 [36mINFO   [00m [00;01;31m          GST_STATES gstelement.c:2806:gst_element_continue_state:<appsink0>[00m completed state change to READY
0:00:00.078935048 [34m18843[00m 0xffff4c005e00 [36mINFO   [00m [00;01;31m          GST_STATES gstelement.c:2706:_priv_gst_element_state_changed:<appsink0>[00m notifying about state-changed NULL to READY (VOID_PENDING pending)
0:00:00.078974665 [34m18843[00m 0xffff4c005e00 [36mINFO   [00m [00;01;31m          GST_STATES gstbin.c:2928:gst_bin_change_state_func:<pipeline0>[00m child 'appsink0' changed state to 2(READY) successfully
0:00:00.078991914 [34m18843[00m 0xffff4c005e00 [36mINFO   [00m [00;01;31m          GST_STATES gstbin.c:2479:gst_bin_element_set_state:<capsfilter1>[00m current NULL pending VOID_PENDING, desired next READY
0:00:00.079029579 [34m18843[00m 0xffff4c005e00 [36mINFO   [00m [00;01;31m          GST_STATES gstelement.c:2806:gst_element_continue_state:<capsfilter1>[00m completed state change to READY
0:00:00.079042251 [34m18843[00m 0xffff4c005e00 [36mINFO   [00m [00;01;31m          GST_STATES gstelement.c:2706:_priv_gst_element_state_changed:<capsfilter1>[00m notifying about state-changed NULL to READY (VOID_PENDING pending)
0:00:00.079056716 [34m18843[00m 0xffff4c005e00 [36mINFO   [00m [00;01;31m          GST_STATES gstbin.c:2928:gst_bin_change_state_func:<pipeline0>[00m child 'capsfilter1' changed state to 2(READY) successfully
0:00:00.079070636 [34m18843[00m 0xffff4c005e00 [36mINFO   [00m [00;01;31m          GST_STATES gstbin.c:2479:gst_bin_element_set_state:<videoconvert0>[00m current NULL pending VOID_PENDING, desired next READY
0:00:00.079082125 [34m18843[00m 0xffff4c005e00 [36mINFO   [00m [00;01;31m          GST_STATES gstelement.c:2806:gst_element_continue_state:<videoconvert0>[00m completed state change to READY
0:00:00.079092941 [34m18843[00m 0xffff4c005e00 [36mINFO   [00m [00;01;31m          GST_STATES gstelement.c:2706:_priv_gst_element_state_changed:<videoconvert0>[00m notifying about state-changed NULL to READY (VOID_PENDING pending)
0:00:00.079105581 [34m18843[00m 0xffff4c005e00 [36mINFO   [00m [00;01;31m          GST_STATES gstbin.c:2928:gst_bin_change_state_func:<pipeline0>[00m child 'videoconvert0' changed state to 2(READY) successfully
0:00:00.079118414 [34m18843[00m 0xffff4c005e00 [36mINFO   [00m [00;01;31m          GST_STATES gstbin.c:2479:gst_bin_element_set_state:<capsfilter0>[00m current NULL pending VOID_PENDING, desired next READY
0:00:00.079129486 [34m18843[00m 0xffff4c005e00 [36mINFO   [00m [00;01;31m          GST_STATES gstelement.c:2806:gst_element_continue_state:<capsfilter0>[00m completed state change to READY
0:00:00.079139567 [34m18843[00m 0xffff4c005e00 [36mINFO   [00m [00;01;31m          GST_STATES gstelement.c:2706:_priv_gst_element_state_changed:<capsfilter0>[00m notifying about state-changed NULL to READY (VOID_PENDING pending)
0:00:00.079152143 [34m18843[00m 0xffff4c005e00 [36mINFO   [00m [00;01;31m          GST_STATES gstbin.c:2928:gst_bin_change_state_func:<pipeline0>[00m child 'capsfilter0' changed state to 2(READY) successfully
0:00:00.079165615 [34m18843[00m 0xffff4c005e00 [36mINFO   [00m [00;01;31m          GST_STATES gstbin.c:2479:gst_bin_element_set_state:<nvvconv0>[00m current NULL pending VOID_PENDING, desired next READY
0:00:00.079179248 [34m18843[00m 0xffff4c005e00 [36mINFO   [00m [00;01;31m          GST_STATES gstelement.c:2806:gst_element_continue_state:<nvvconv0>[00m completed state change to READY
0:00:00.079189552 [34m18843[00m 0xffff4c005e00 [36mINFO   [00m [00;01;31m          GST_STATES gstelement.c:2706:_priv_gst_element_state_changed:<nvvconv0>[00m notifying about state-changed NULL to READY (VOID_PENDING pending)
0:00:00.079202065 [34m18843[00m 0xffff4c005e00 [36mINFO   [00m [00;01;31m          GST_STATES gstbin.c:2928:gst_bin_change_state_func:<pipeline0>[00m child 'nvvconv0' changed state to 2(READY) successfully
0:00:00.079214321 [34m18843[00m 0xffff4c005e00 [36mINFO   [00m [00;01;31m          GST_STATES gstbin.c:2479:gst_bin_element_set_state:<nvv4l2decoder0>[00m current NULL pending VOID_PENDING, desired next READY
0:00:00.087004914 [34m18843[00m 0xffff4c005e00 [36mINFO   [00m [00m                v4l2 v4l2_calls.c:637:gst_v4l2_open:<nvv4l2decoder0:sink>[00m Opened device '' (/dev/v4l2-nvdec) successfully
0:00:00.087073876 [34m18843[00m 0xffff4c005e00 [36mINFO   [00m [00m                v4l2 v4l2_calls.c:738:gst_v4l2_dup:<nvv4l2decoder0:src>[00m Cloned device '' (/dev/v4l2-nvdec) successfully
0:00:00.087115445 [34m18843[00m 0xffff4c005e00 [36mINFO   [00m [00m                v4l2 gstv4l2object.c:1307:gst_v4l2_object_fill_format_list:<nvv4l2decoder0:sink>[00m got 14 format(s):
0:00:00.087157463 [34m18843[00m 0xffff4c005e00 [36mINFO   [00m [00m                v4l2 gstv4l2object.c:1311:gst_v4l2_object_fill_format_list:<nvv4l2decoder0:sink>[00m   JPEG
0:00:00.087171639 [34m18843[00m 0xffff4c005e00 [36mINFO   [00m [00m                v4l2 gstv4l2object.c:1311:gst_v4l2_object_fill_format_list:<nvv4l2decoder0:sink>[00m   MJPG
0:00:00.087182296 [34m18843[00m 0xffff4c005e00 [36mINFO   [00m [00m                v4l2 gstv4l2object.c:1311:gst_v4l2_object_fill_format_list:<nvv4l2decoder0:sink>[00m   AV10
0:00:00.087192376 [34m18843[00m 0xffff4c005e00 [36mINFO   [00m [00m                v4l2 gstv4l2object.c:1311:gst_v4l2_object_fill_format_list:<nvv4l2decoder0:sink>[00m   DVX5
0:00:00.087201816 [34m18843[00m 0xffff4c005e00 [36mINFO   [00m [00m                v4l2 gstv4l2object.c:1311:gst_v4l2_object_fill_format_list:<nvv4l2decoder0:sink>[00m   DVX4
0:00:00.087210968 [34m18843[00m 0xffff4c005e00 [36mINFO   [00m [00m                v4l2 gstv4l2object.c:1311:gst_v4l2_object_fill_format_list:<nvv4l2decoder0:sink>[00m   MPG4
0:00:00.087220121 [34m18843[00m 0xffff4c005e00 [36mINFO   [00m [00m                v4l2 gstv4l2object.c:1311:gst_v4l2_object_fill_format_list:<nvv4l2decoder0:sink>[00m   MPG2
0:00:00.087229209 [34m18843[00m 0xffff4c005e00 [36mINFO   [00m [00m                v4l2 gstv4l2object.c:1311:gst_v4l2_object_fill_format_list:<nvv4l2decoder0:sink>[00m   MPG1
0:00:00.087238585 [34m18843[00m 0xffff4c005e00 [36mINFO   [00m [00m                v4l2 gstv4l2object.c:1311:gst_v4l2_object_fill_format_list:<nvv4l2decoder0:sink>[00m   VP90
0:00:00.087248666 [34m18843[00m 0xffff4c005e00 [36mINFO   [00m [00m                v4l2 gstv4l2object.c:1311:gst_v4l2_object_fill_format_list:<nvv4l2decoder0:sink>[00m   VP80
0:00:00.087257530 [34m18843[00m 0xffff4c005e00 [36mINFO   [00m [00m                v4l2 gstv4l2object.c:1311:gst_v4l2_object_fill_format_list:<nvv4l2decoder0:sink>[00m   H265
0:00:00.087266234 [34m18843[00m 0xffff4c005e00 [36mINFO   [00m [00m                v4l2 gstv4l2object.c:1311:gst_v4l2_object_fill_format_list:<nvv4l2decoder0:sink>[00m   H264
0:00:00.087275003 [34m18843[00m 0xffff4c005e00 [36mINFO   [00m [00m                v4l2 gstv4l2object.c:1311:gst_v4l2_object_fill_format_list:<nvv4l2decoder0:sink>[00m   VP8F
0:00:00.087283675 [34m18843[00m 0xffff4c005e00 [36mINFO   [00m [00m                v4l2 gstv4l2object.c:1311:gst_v4l2_object_fill_format_list:<nvv4l2decoder0:sink>[00m   S264
0:00:00.087494082 [34m18843[00m 0xffff4c005e00 [36mINFO   [00m [00m                v4l2 gstv4l2object.c:4740:gst_v4l2_object_probe_caps:<nvv4l2decoder0:sink>[00m probed caps: image/jpeg, width=(int)[ 48, 16384 ], height=(int)[ 48, 16384 ], parsed=(boolean)true; video/x-h264, stream-format=(string)byte-stream, alignment=(string)au, width=(int)[ 48, 4096 ], height=(int)[ 48, 4096 ], parsed=(boolean)true; video/x-h265, stream-format=(string)byte-stream, alignment=(string)au, width=(int)[ 180, 7680 ], height=(int)[ 180, 7680 ], parsed=(boolean)true; video/mpeg, mpegversion=(int)4, systemstream=(boolean)false, parsed=(boolean)true, width=(int)[ 48, 1920 ], height=(int)[ 48, 1920 ]; video/mpeg, mpegversion=(int)2, systemstream=(boolean)false, parsed=(boolean)true, width=(int)[ 48, 4096 ], height=(int)[ 48, 4096 ]; video/mpeg, mpegversion=(int)1, systemstream=(boolean)false, parsed=(boolean)true, width=(int)[ 48, 4096 ], height=(int)[ 48, 4096 ]; video/x-divx, divxversion=(int)5, width=(int)[ 48, 1920 ], height=(int)[ 48, 1920 ], systemstream=(boolean)false; video/x-divx, divxversion=(int)4, width=(int)[ 48, 1920 ], height=(int)[ 48, 1920 ], systemstream=(boolean)false; video/x-av1, width=(int)[ 48, 7680 ], height=(int)[ 48, 7680 ]; video/x-vp8, width=(int)[ 48, 4096 ], height=(int)[ 48, 4096 ]; video/x-vp9, width=(int)[ 48, 4096 ], height=(int)[ 48, 4096 ]
0:00:00.088056052 [34m18843[00m 0xffff4c005e00 [36mINFO   [00m [00m                v4l2 gstv4l2object.c:1307:gst_v4l2_object_fill_format_list:<nvv4l2decoder0:src>[00m got 5 format(s):
0:00:00.088096886 [34m18843[00m 0xffff4c005e00 [36mINFO   [00m [00m                v4l2 gstv4l2object.c:1311:gst_v4l2_object_fill_format_list:<nvv4l2decoder0:src>[00m   YM16
0:00:00.088111638 [34m18843[00m 0xffff4c005e00 [36mINFO   [00m [00m                v4l2 gstv4l2object.c:1311:gst_v4l2_object_fill_format_list:<nvv4l2decoder0:src>[00m   YM12
0:00:00.088123095 [34m18843[00m 0xffff4c005e00 [36mINFO   [00m [00m                v4l2 gstv4l2object.c:1311:gst_v4l2_object_fill_format_list:<nvv4l2decoder0:src>[00m   NM24
0:00:00.088132919 [34m18843[00m 0xffff4c005e00 [36mINFO   [00m [00m                v4l2 gstv4l2object.c:1311:gst_v4l2_object_fill_format_list:<nvv4l2decoder0:src>[00m   NM12
0:00:00.088142391 [34m18843[00m 0xffff4c005e00 [36mINFO   [00m [00m                v4l2 gstv4l2object.c:1311:gst_v4l2_object_fill_format_list:<nvv4l2decoder0:src>[00m   NV10
0:00:00.088161944 [34m18843[00m 0xffff4c005e00 [33;01mWARN   [00m [00m                v4l2 gstv4l2object.c:4682:gst_v4l2_object_probe_caps:<nvv4l2decoder0:src>[00m Failed to probe pixel aspect ratio with VIDIOC_CROPCAP: Unknown error -1
0:00:00.088241274 [34m18843[00m 0xffff4c005e00 [36mINFO   [00m [00m                v4l2 gstv4l2object.c:4740:gst_v4l2_object_probe_caps:<nvv4l2decoder0:src>[00m probed caps: video/x-raw, format=(string)Y42B, width=(int)[ 48, 4096 ], height=(int)[ 48, 4096 ], framerate=(fraction)[ 0/1, 2147483647/1 ]; video/x-raw, format=(string)I420, width=(int)[ 48, 4096 ], height=(int)[ 48, 4096 ], framerate=(fraction)[ 0/1, 2147483647/1 ]; video/x-raw, format=(string)NV24, width=(int)[ 48, 4096 ], height=(int)[ 48, 4096 ], framerate=(fraction)[ 0/1, 2147483647/1 ]; video/x-raw, format=(string)NV12, width=(int)[ 48, 4096 ], height=(int)[ 48, 4096 ], framerate=(fraction)[ 0/1, 2147483647/1 ]
0:00:00.088260571 [34m18843[00m 0xffff4c005e00 [36mINFO   [00m [00;01;31m          GST_STATES gstelement.c:2806:gst_element_continue_state:<nvv4l2decoder0>[00m completed state change to READY
0:00:00.088275900 [34m18843[00m 0xffff4c005e00 [36mINFO   [00m [00;01;31m          GST_STATES gstelement.c:2706:_priv_gst_element_state_changed:<nvv4l2decoder0>[00m notifying about state-changed NULL to READY (VOID_PENDING pending)
0:00:00.088305309 [34m18843[00m 0xffff4c005e00 [36mINFO   [00m [00;01;31m          GST_STATES gstbin.c:2928:gst_bin_change_state_func:<pipeline0>[00m child 'nvv4l2decoder0' changed state to 2(READY) successfully
0:00:00.088329949 [34m18843[00m 0xffff4c005e00 [36mINFO   [00m [00;01;31m          GST_STATES gstbin.c:2479:gst_bin_element_set_state:<queue1>[00m current NULL pending VOID_PENDING, desired next READY
0:00:00.088347550 [34m18843[00m 0xffff4c005e00 [36mINFO   [00m [00;01;31m          GST_STATES gstelement.c:2806:gst_element_continue_state:<queue1>[00m completed state change to READY
0:00:00.088359038 [34m18843[00m 0xffff4c005e00 [36mINFO   [00m [00;01;31m          GST_STATES gstelement.c:2706:_priv_gst_element_state_changed:<queue1>[00m notifying about state-changed NULL to READY (VOID_PENDING pending)
0:00:00.088372767 [34m18843[00m 0xffff4c005e00 [36mINFO   [00m [00;01;31m          GST_STATES gstbin.c:2928:gst_bin_change_state_func:<pipeline0>[00m child 'queue1' changed state to 2(READY) successfully
0:00:00.088387103 [34m18843[00m 0xffff4c005e00 [36mINFO   [00m [00;01;31m          GST_STATES gstbin.c:2479:gst_bin_element_set_state:<h265parse0>[00m current NULL pending VOID_PENDING, desired next READY
0:00:00.088400576 [34m18843[00m 0xffff4c005e00 [36mINFO   [00m [00;01;31m          GST_STATES gstelement.c:2806:gst_element_continue_state:<h265parse0>[00m completed state change to READY
0:00:00.088410752 [34m18843[00m 0xffff4c005e00 [36mINFO   [00m [00;01;31m          GST_STATES gstelement.c:2706:_priv_gst_element_state_changed:<h265parse0>[00m notifying about state-changed NULL to READY (VOID_PENDING pending)
0:00:00.088423520 [34m18843[00m 0xffff4c005e00 [36mINFO   [00m [00;01;31m          GST_STATES gstbin.c:2928:gst_bin_change_state_func:<pipeline0>[00m child 'h265parse0' changed state to 2(READY) successfully
0:00:00.088452449 [34m18843[00m 0xffff4c005e00 [36mINFO   [00m [00;01;31m          GST_STATES gstbin.c:2479:gst_bin_element_set_state:<queue0>[00m current NULL pending VOID_PENDING, desired next READY
0:00:00.088465730 [34m18843[00m 0xffff4c005e00 [36mINFO   [00m [00;01;31m          GST_STATES gstelement.c:2806:gst_element_continue_state:<queue0>[00m completed state change to READY
0:00:00.088475938 [34m18843[00m 0xffff4c005e00 [36mINFO   [00m [00;01;31m          GST_STATES gstelement.c:2706:_priv_gst_element_state_changed:<queue0>[00m notifying about state-changed NULL to READY (VOID_PENDING pending)
0:00:00.088488835 [34m18843[00m 0xffff4c005e00 [36mINFO   [00m [00;01;31m          GST_STATES gstbin.c:2928:gst_bin_change_state_func:<pipeline0>[00m child 'queue0' changed state to 2(READY) successfully
0:00:00.088503107 [34m18843[00m 0xffff4c005e00 [36mINFO   [00m [00;01;31m          GST_STATES gstbin.c:2479:gst_bin_element_set_state:<rtph265depay0>[00m current NULL pending VOID_PENDING, desired next READY
0:00:00.088516707 [34m18843[00m 0xffff4c005e00 [36mINFO   [00m [00;01;31m          GST_STATES gstelement.c:2806:gst_element_continue_state:<rtph265depay0>[00m completed state change to READY
0:00:00.088526372 [34m18843[00m 0xffff4c005e00 [36mINFO   [00m [00;01;31m          GST_STATES gstelement.c:2706:_priv_gst_element_state_changed:<rtph265depay0>[00m notifying about state-changed NULL to READY (VOID_PENDING pending)
0:00:00.088538404 [34m18843[00m 0xffff4c005e00 [36mINFO   [00m [00;01;31m          GST_STATES gstbin.c:2928:gst_bin_change_state_func:<pipeline0>[00m child 'rtph265depay0' changed state to 2(READY) successfully
0:00:00.088550853 [34m18843[00m 0xffff4c005e00 [36mINFO   [00m [00;01;31m          GST_STATES gstbin.c:2479:gst_bin_element_set_state:<rtpjitterbuffer0>[00m current NULL pending VOID_PENDING, desired next READY
0:00:00.088563205 [34m18843[00m 0xffff4c005e00 [36mINFO   [00m [00;01;31m          GST_STATES gstelement.c:2806:gst_element_continue_state:<rtpjitterbuffer0>[00m completed state change to READY
0:00:00.088574245 [34m18843[00m 0xffff4c005e00 [36mINFO   [00m [00;01;31m          GST_STATES gstelement.c:2706:_priv_gst_element_state_changed:<rtpjitterbuffer0>[00m notifying about state-changed NULL to READY (VOID_PENDING pending)
0:00:00.088587174 [34m18843[00m 0xffff4c005e00 [36mINFO   [00m [00;01;31m          GST_STATES gstbin.c:2928:gst_bin_change_state_func:<pipeline0>[00m child 'rtpjitterbuffer0' changed state to 2(READY) successfully
0:00:00.088602662 [34m18843[00m 0xffff4c005e00 [36mINFO   [00m [00;01;31m          GST_STATES gstbin.c:2479:gst_bin_element_set_state:<rtspsrc0>[00m current NULL pending VOID_PENDING, desired next READY
0:00:00.088664072 [34m18843[00m 0xffff4c005e00 [36mINFO   [00m [00m                task gsttask.c:516:gst_task_set_lock:[00m setting stream lock 0xffff4c274448 on task 0xffff4c290710
0:00:00.088690249 [34m18843[00m 0xffff4c005e00 [36mINFO   [00m [00;01;31m          GST_STATES gstelement.c:2806:gst_element_continue_state:<rtspsrc0>[00m completed state change to READY
0:00:00.088703082 [34m18843[00m 0xffff4c005e00 [36mINFO   [00m [00;01;31m          GST_STATES gstelement.c:2706:_priv_gst_element_state_changed:<rtspsrc0>[00m notifying about state-changed NULL to READY (VOID_PENDING pending)
0:00:00.088718442 [34m18843[00m 0xffff4c005e00 [36mINFO   [00m [00;01;31m          GST_STATES gstbin.c:2928:gst_bin_change_state_func:<pipeline0>[00m child 'rtspsrc0' changed state to 2(READY) successfully
0:00:00.088734955 [34m18843[00m 0xffff4c005e00 [36mINFO   [00m [00;01;31m          GST_STATES gstelement.c:2778:gst_element_continue_state:<pipeline0>[00m committing state from NULL to READY, pending PLAYING, next PAUSED
0:00:00.088746155 [34m18843[00m 0xffff4c005e00 [36mINFO   [00m [00;01;31m          GST_STATES gstelement.c:2706:_priv_gst_element_state_changed:<pipeline0>[00m notifying about state-changed NULL to READY (PLAYING pending)
0:00:00.088769260 [34m18843[00m 0xffff4c005e00 [36mINFO   [00m [00;01;31m          GST_STATES gstelement.c:2786:gst_element_continue_state:<pipeline0>[00m continue state change READY to PAUSED, final PLAYING
0:00:00.088800525 [34m18843[00m 0xffff4c005e00 [36mINFO   [00m [00;01;31m          GST_STATES gstbin.c:2479:gst_bin_element_set_state:<appsink0>[00m current READY pending VOID_PENDING, desired next PAUSED
0:00:00.088831246 [34m18843[00m 0xffff4c005e00 [36mINFO   [00m [00;01;31m          GST_STATES gstbin.c:2935:gst_bin_change_state_func:<pipeline0>[00m child 'appsink0' is changing state asynchronously to PAUSED
0:00:00.088846446 [34m18843[00m 0xffff4c005e00 [36mINFO   [00m [00;01;31m          GST_STATES gstbin.c:2479:gst_bin_element_set_state:<capsfilter1>[00m current READY pending VOID_PENDING, desired next PAUSED
0:00:00.088864943 [34m18843[00m 0xffff4c005e00 [36mINFO   [00m [00;01;31m          GST_STATES gstelement.c:2806:gst_element_continue_state:<capsfilter1>[00m completed state change to PAUSED
0:00:00.088876079 [34m18843[00m 0xffff4c005e00 [36mINFO   [00m [00;01;31m          GST_STATES gstelement.c:2706:_priv_gst_element_state_changed:<capsfilter1>[00m notifying about state-changed READY to PAUSED (VOID_PENDING pending)
0:00:00.088889232 [34m18843[00m 0xffff4c005e00 [36mINFO   [00m [00;01;31m          GST_STATES gstbin.c:2928:gst_bin_change_state_func:<pipeline0>[00m child 'capsfilter1' changed state to 3(PAUSED) successfully
0:00:00.088902000 [34m18843[00m 0xffff4c005e00 [36mINFO   [00m [00;01;31m          GST_STATES gstbin.c:2479:gst_bin_element_set_state:<videoconvert0>[00m current READY pending VOID_PENDING, desired next PAUSED
0:00:00.088919729 [34m18843[00m 0xffff4c005e00 [36mINFO   [00m [00;01;31m          GST_STATES gstelement.c:2806:gst_element_continue_state:<videoconvert0>[00m completed state change to PAUSED
0:00:00.088930673 [34m18843[00m 0xffff4c005e00 [36mINFO   [00m [00;01;31m          GST_STATES gstelement.c:2706:_priv_gst_element_state_changed:<videoconvert0>[00m notifying about state-changed READY to PAUSED (VOID_PENDING pending)
0:00:00.088942994 [34m18843[00m 0xffff4c005e00 [36mINFO   [00m [00;01;31m          GST_STATES gstbin.c:2928:gst_bin_change_state_func:<pipeline0>[00m child 'videoconvert0' changed state to 3(PAUSED) successfully
0:00:00.088955442 [34m18843[00m 0xffff4c005e00 [36mINFO   [00m [00;01;31m          GST_STATES gstbin.c:2479:gst_bin_element_set_state:<capsfilter0>[00m current READY pending VOID_PENDING, desired next PAUSED
0:00:00.088971762 [34m18843[00m 0xffff4c005e00 [36mINFO   [00m [00;01;31m          GST_STATES gstelement.c:2806:gst_element_continue_state:<capsfilter0>[00m completed state change to PAUSED
0:00:00.088982195 [34m18843[00m 0xffff4c005e00 [36mINFO   [00m [00;01;31m          GST_STATES gstelement.c:2706:_priv_gst_element_state_changed:<capsfilter0>[00m notifying about state-changed READY to PAUSED (VOID_PENDING pending)
0:00:00.088994387 [34m18843[00m 0xffff4c005e00 [36mINFO   [00m [00;01;31m          GST_STATES gstbin.c:2928:gst_bin_change_state_func:<pipeline0>[00m child 'capsfilter0' changed state to 3(PAUSED) successfully
0:00:00.089006996 [34m18843[00m 0xffff4c005e00 [36mINFO   [00m [00;01;31m          GST_STATES gstbin.c:2479:gst_bin_element_set_state:<nvvconv0>[00m current READY pending VOID_PENDING, desired next PAUSED
0:00:00.089025556 [34m18843[00m 0xffff4c005e00 [36mINFO   [00m [00;01;31m          GST_STATES gstelement.c:2806:gst_element_continue_state:<nvvconv0>[00m completed state change to PAUSED
0:00:00.089037333 [34m18843[00m 0xffff4c005e00 [36mINFO   [00m [00;01;31m          GST_STATES gstelement.c:2706:_priv_gst_element_state_changed:<nvvconv0>[00m notifying about state-changed READY to PAUSED (VOID_PENDING pending)
0:00:00.089050741 [34m18843[00m 0xffff4c005e00 [36mINFO   [00m [00;01;31m          GST_STATES gstbin.c:2928:gst_bin_change_state_func:<pipeline0>[00m child 'nvvconv0' changed state to 3(PAUSED) successfully
0:00:00.089072918 [34m18843[00m 0xffff4c005e00 [36mINFO   [00m [00;01;31m          GST_STATES gstbin.c:2479:gst_bin_element_set_state:<nvv4l2decoder0>[00m current READY pending VOID_PENDING, desired next PAUSED
0:00:00.089101015 [34m18843[00m 0xffff4c005e00 [36mINFO   [00m [00;01;31m          GST_STATES gstelement.c:2806:gst_element_continue_state:<nvv4l2decoder0>[00m completed state change to PAUSED
0:00:00.089113015 [34m18843[00m 0xffff4c005e00 [36mINFO   [00m [00;01;31m          GST_STATES gstelement.c:2706:_priv_gst_element_state_changed:<nvv4l2decoder0>[00m notifying about state-changed READY to PAUSED (VOID_PENDING pending)
0:00:00.089126008 [34m18843[00m 0xffff4c005e00 [36mINFO   [00m [00;01;31m          GST_STATES gstbin.c:2928:gst_bin_change_state_func:<pipeline0>[00m child 'nvv4l2decoder0' changed state to 3(PAUSED) successfully
0:00:00.089139224 [34m18843[00m 0xffff4c005e00 [36mINFO   [00m [00;01;31m          GST_STATES gstbin.c:2479:gst_bin_element_set_state:<queue1>[00m current READY pending VOID_PENDING, desired next PAUSED
0:00:00.089161817 [34m18843[00m 0xffff4c005e00 [36mINFO   [00m [00m                task gsttask.c:516:gst_task_set_lock:[00m setting stream lock 0xffff4c2835c0 on task 0xffff4c290830
0:00:00.089174265 [34m18843[00m 0xffff4c005e00 [36mINFO   [00m [00;01;31;44m            GST_PADS gstpad.c:6291:gst_pad_start_task:<queue1:src>[00m created task 0xffff4c290830
0:00:00.089279485 [34m18843[00m 0xffff4c005e00 [36mINFO   [00m [00;01;31m          GST_STATES gstelement.c:2806:gst_element_continue_state:<queue1>[00m completed state change to PAUSED
0:00:00.089297693 [34m18843[00m 0xffff4c005e00 [36mINFO   [00m [00;01;31m          GST_STATES gstelement.c:2706:_priv_gst_element_state_changed:<queue1>[00m notifying about state-changed READY to PAUSED (VOID_PENDING pending)
0:00:00.089315294 [34m18843[00m 0xffff4c005e00 [36mINFO   [00m [00;01;31m          GST_STATES gstbin.c:2928:gst_bin_change_state_func:<pipeline0>[00m child 'queue1' changed state to 3(PAUSED) successfully
0:00:00.089331134 [34m18843[00m 0xffff4c005e00 [36mINFO   [00m [00;01;31m          GST_STATES gstbin.c:2479:gst_bin_element_set_state:<h265parse0>[00m current READY pending VOID_PENDING, desired next PAUSED
0:00:00.089785677 [34m18843[00m 0xffff4c005e00 [36mINFO   [00m [00;01;31m          GST_STATES gstelement.c:2806:gst_element_continue_state:<h265parse0>[00m completed state change to PAUSED
0:00:00.089815342 [34m18843[00m 0xffff4c005e00 [36mINFO   [00m [00;01;31m          GST_STATES gstelement.c:2706:_priv_gst_element_state_changed:<h265parse0>[00m notifying about state-changed READY to PAUSED (VOID_PENDING pending)
0:00:00.089845935 [34m18843[00m 0xffff4c005e00 [36mINFO   [00m [00;01;31m          GST_STATES gstbin.c:2928:gst_bin_change_state_func:<pipeline0>[00m child 'h265parse0' changed state to 3(PAUSED) successfully
0:00:00.089868272 [34m18843[00m 0xffff4c005e00 [36mINFO   [00m [00;01;31m          GST_STATES gstbin.c:2479:gst_bin_element_set_state:<queue0>[00m current READY pending VOID_PENDING, desired next PAUSED
0:00:00.089893201 [34m18843[00m 0xffff4c005e00 [36mINFO   [00m [00m                task gsttask.c:516:gst_task_set_lock:[00m setting stream lock 0xffff4c282c80 on task 0xffff4c290950
0:00:00.089906865 [34m18843[00m 0xffff4c005e00 [36mINFO   [00m [00;01;31;44m            GST_PADS gstpad.c:6291:gst_pad_start_task:<queue0:src>[00m created task 0xffff4c290950
0:00:00.089977844 [34m18843[00m 0xffff4c005e00 [36mINFO   [00m [00;01;31m          GST_STATES gstelement.c:2806:gst_element_continue_state:<queue0>[00m completed state change to PAUSED
0:00:00.089997396 [34m18843[00m 0xffff4c005e00 [36mINFO   [00m [00;01;31m          GST_STATES gstelement.c:2706:_priv_gst_element_state_changed:<queue0>[00m notifying about state-changed READY to PAUSED (VOID_PENDING pending)
0:00:00.090014997 [34m18843[00m 0xffff4c005e00 [36mINFO   [00m [00;01;31m          GST_STATES gstbin.c:2928:gst_bin_change_state_func:<pipeline0>[00m child 'queue0' changed state to 3(PAUSED) successfully
0:00:00.090044822 [34m18843[00m 0xffff4c005e00 [36mINFO   [00m [00;01;31m          GST_STATES gstbin.c:2479:gst_bin_element_set_state:<rtph265depay0>[00m current READY pending VOID_PENDING, desired next PAUSED
0:00:00.090069463 [34m18843[00m 0xffff4c005e00 [36mINFO   [00m [00;01;31m          GST_STATES gstelement.c:2806:gst_element_continue_state:<rtph265depay0>[00m completed state change to PAUSED
0:00:00.090082007 [34m18843[00m 0xffff4c005e00 [36mINFO   [00m [00;01;31m          GST_STATES gstelement.c:2706:_priv_gst_element_state_changed:<rtph265depay0>[00m notifying about state-changed READY to PAUSED (VOID_PENDING pending)
0:00:00.090096248 [34m18843[00m 0xffff4c005e00 [36mINFO   [00m [00;01;31m          GST_STATES gstbin.c:2928:gst_bin_change_state_func:<pipeline0>[00m child 'rtph265depay0' changed state to 3(PAUSED) successfully
0:00:00.090109592 [34m18843[00m 0xffff4c005e00 [36mINFO   [00m [00;01;31m          GST_STATES gstbin.c:2479:gst_bin_element_set_state:<rtpjitterbuffer0>[00m current READY pending VOID_PENDING, desired next PAUSED
0:00:00.090202331 [34m18843[00m 0xffff4c005e00 [36mINFO   [00m [00m                task gsttask.c:516:gst_task_set_lock:[00m setting stream lock 0xffff4c2820f0 on task 0xffff4c290a70
0:00:00.090220444 [34m18843[00m 0xffff4c005e00 [36mINFO   [00m [00;01;31;44m            GST_PADS gstpad.c:6291:gst_pad_start_task:<rtpjitterbuffer0:src>[00m created task 0xffff4c290a70
0:00:00.090309631 [34m18843[00m 0xffff4c005e00 [36mINFO   [00m [00;01;31m          GST_STATES gstelement.c:2806:gst_element_continue_state:<rtpjitterbuffer0>[00m completed state change to PAUSED
0:00:00.090329471 [34m18843[00m 0xffff4c005e00 [36mINFO   [00m [00;01;31m          GST_STATES gstelement.c:2706:_priv_gst_element_state_changed:<rtpjitterbuffer0>[00m notifying about state-changed READY to PAUSED (VOID_PENDING pending)
0:00:00.090347520 [34m18843[00m 0xffff4c005e00 [36mINFO   [00m [00;01;31m          GST_STATES gstbin.c:2971:gst_bin_change_state_func:<pipeline0>[00m child 'rtpjitterbuffer0' changed state to 3(PAUSED) successfully without preroll
0:00:00.090363744 [34m18843[00m 0xffff4c005e00 [36mINFO   [00m [00;01;31m          GST_STATES gstbin.c:2479:gst_bin_element_set_state:<rtspsrc0>[00m current READY pending VOID_PENDING, desired next PAUSED
0:00:00.090453379 [34m18843[00m 0xffff4c005e00 [36mINFO   [00m [00;01;31m          GST_STATES gstelement.c:2806:gst_element_continue_state:<rtspsrc0>[00m completed state change to PAUSED
0:00:00.090474404 [34m18843[00m 0xffff4c005e00 [36mINFO   [00m [00;01;31m          GST_STATES gstelement.c:2706:_priv_gst_element_state_changed:<rtspsrc0>[00m notifying about state-changed READY to PAUSED (VOID_PENDING pending)
0:00:00.090493669 [34m18843[00m 0xffff4c005e00 [36mINFO   [00m [00;01;31m          GST_STATES gstbin.c:2971:gst_bin_change_state_func:<pipeline0>[00m child 'rtspsrc0' changed state to 3(PAUSED) successfully without preroll
0:00:00.090511877 [34m18843[00m 0xffff4c005e00 [36mINFO   [00m [00;01m            pipeline gstpipeline.c:533:gst_pipeline_change_state:<pipeline0>[00m pipeline is live
0:00:00.090538342 [34m18843[00m 0xffff4c005e00 [36mINFO   [00m [00;01;31m          GST_STATES gstelement.c:2778:gst_element_continue_state:<pipeline0>[00m committing state from READY to PAUSED, pending PLAYING, next PLAYING
0:00:00.090552487 [34m18843[00m 0xffff4c005e00 [36mINFO   [00m [00;01;31m          GST_STATES gstelement.c:2706:_priv_gst_element_state_changed:<pipeline0>[00m notifying about state-changed READY to PAUSED (PLAYING pending)
0:00:00.090566471 [34m18843[00m 0xffff4c005e00 [36mINFO   [00m [00;01;31m          GST_STATES gstelement.c:2786:gst_element_continue_state:<pipeline0>[00m continue state change PAUSED to PLAYING, final PLAYING
0:00:00.090874129 [34m18843[00m 0xffff4c005e00 [36mINFO   [00m [00;01;34m           GST_EVENT gstevent.c:1530:gst_event_new_latency:[00m creating latency event 0:00:00.000000000
0:00:00.090996949 [34m18843[00m 0xffff4c005e00 [36mINFO   [00m [00;01m                 bin gstbin.c:2759:gst_bin_do_latency_func:<pipeline0>[00m configured latency of 0:00:00.000000000
0:00:00.091052375 [34m18843[00m 0xffff4c005e00 [36mINFO   [00m [00;01;31m          GST_STATES gstbin.c:2479:gst_bin_element_set_state:<appsink0>[00m current READY pending PAUSED, desired next PLAYING
0:00:00.091071192 [34m18843[00m 0xffff4c005e00 [36mINFO   [00m [00;01;31m          GST_STATES gstbin.c:2935:gst_bin_change_state_func:<pipeline0>[00m child 'appsink0' is changing state asynchronously to PLAYING
0:00:00.091098873 [34m18843[00m 0xffff4c005e00 [36mINFO   [00m [00;01;31m          GST_STATES gstbin.c:2479:gst_bin_element_set_state:<capsfilter1>[00m current PAUSED pending VOID_PENDING, desired next PLAYING
0:00:00.091114009 [34m18843[00m 0xffff4c005e00 [36mINFO   [00m [00;01;31m          GST_STATES gstelement.c:2806:gst_element_continue_state:<capsfilter1>[00m completed state change to PLAYING
0:00:00.091126297 [34m18843[00m 0xffff4c005e00 [36mINFO   [00m [00;01;31m          GST_STATES gstelement.c:2706:_priv_gst_element_state_changed:<capsfilter1>[00m notifying about state-changed PAUSED to PLAYING (VOID_PENDING pending)
0:00:00.091141882 [34m18843[00m 0xffff4c005e00 [36mINFO   [00m [00;01;31m          GST_STATES gstbin.c:2928:gst_bin_change_state_func:<pipeline0>[00m child 'capsfilter1' changed state to 4(PLAYING) successfully
0:00:00.091158683 [34m18843[00m 0xffff4c005e00 [36mINFO   [00m [00;01;31m          GST_STATES gstbin.c:2479:gst_bin_element_set_state:<videoconvert0>[00m current PAUSED pending VOID_PENDING, desired next PLAYING
0:00:00.091171195 [34m18843[00m 0xffff4c005e00 [36mINFO   [00m [00;01;31m          GST_STATES gstelement.c:2806:gst_element_continue_state:<videoconvert0>[00m completed state change to PLAYING
0:00:00.091182011 [34m18843[00m 0xffff4c005e00 [36mINFO   [00m [00;01;31m          GST_STATES gstelement.c:2706:_priv_gst_element_state_changed:<videoconvert0>[00m notifying about state-changed PAUSED to PLAYING (VOID_PENDING pending)
0:00:00.091198140 [34m18843[00m 0xffff4c005e00 [36mINFO   [00m [00;01;31m          GST_STATES gstbin.c:2928:gst_bin_change_state_func:<pipeline0>[00m child 'videoconvert0' changed state to 4(PLAYING) successfully
0:00:00.091212636 [34m18843[00m 0xffff4c005e00 [36mINFO   [00m [00;01;31m          GST_STATES gstbin.c:2479:gst_bin_element_set_state:<capsfilter0>[00m current PAUSED pending VOID_PENDING, desired next PLAYING
0:00:00.091224381 [34m18843[00m 0xffff4c005e00 [36mINFO   [00m [00;01;31m          GST_STATES gstelement.c:2806:gst_element_continue_state:<capsfilter0>[00m completed state change to PLAYING
0:00:00.091235229 [34m18843[00m 0xffff4c005e00 [36mINFO   [00m [00;01;31m          GST_STATES gstelement.c:2706:_priv_gst_element_state_changed:<capsfilter0>[00m notifying about state-changed PAUSED to PLAYING (VOID_PENDING pending)
0:00:00.091248061 [34m18843[00m 0xffff4c005e00 [36mINFO   [00m [00;01;31m          GST_STATES gstbin.c:2928:gst_bin_change_state_func:<pipeline0>[00m child 'capsfilter0' changed state to 4(PLAYING) successfully
0:00:00.091261854 [34m18843[00m 0xffff4c005e00 [36mINFO   [00m [00;01;31m          GST_STATES gstbin.c:2479:gst_bin_element_set_state:<nvvconv0>[00m current PAUSED pending VOID_PENDING, desired next PLAYING
0:00:00.091276286 [34m18843[00m 0xffff4c005e00 [36mINFO   [00m [00;01;31m          GST_STATES gstelement.c:2806:gst_element_continue_state:<nvvconv0>[00m completed state change to PLAYING
0:00:00.091289823 [34m18843[00m 0xffff4c005e00 [36mINFO   [00m [00;01;31m          GST_STATES gstelement.c:2706:_priv_gst_element_state_changed:<nvvconv0>[00m notifying about state-changed PAUSED to PLAYING (VOID_PENDING pending)
0:00:00.091303103 [34m18843[00m 0xffff4c005e00 [36mINFO   [00m [00;01;31m          GST_STATES gstbin.c:2928:gst_bin_change_state_func:<pipeline0>[00m child 'nvvconv0' changed state to 4(PLAYING) successfully
0:00:00.091328800 [34m18843[00m 0xffff4c005e00 [36mINFO   [00m [00;01;31m          GST_STATES gstbin.c:2479:gst_bin_element_set_state:<nvv4l2decoder0>[00m current PAUSED pending VOID_PENDING, desired next PLAYING
0:00:00.091345057 [34m18843[00m 0xffff4c005e00 [36mINFO   [00m [00;01;31m          GST_STATES gstelement.c:2806:gst_element_continue_state:<nvv4l2decoder0>[00m completed state change to PLAYING
0:00:00.091356097 [34m18843[00m 0xffff4c005e00 [36mINFO   [00m [00;01;31m          GST_STATES gstelement.c:2706:_priv_gst_element_state_changed:<nvv4l2decoder0>[00m notifying about state-changed PAUSED to PLAYING (VOID_PENDING pending)
0:00:00.091369857 [34m18843[00m 0xffff4c005e00 [36mINFO   [00m [00;01;31m          GST_STATES gstbin.c:2928:gst_bin_change_state_func:<pipeline0>[00m child 'nvv4l2decoder0' changed state to 4(PLAYING) successfully
0:00:00.091384098 [34m18843[00m 0xffff4c005e00 [36mINFO   [00m [00;01;31m          GST_STATES gstbin.c:2479:gst_bin_element_set_state:<queue1>[00m current PAUSED pending VOID_PENDING, desired next PLAYING
0:00:00.091396482 [34m18843[00m 0xffff4c005e00 [36mINFO   [00m [00;01;31m          GST_STATES gstelement.c:2806:gst_element_continue_state:<queue1>[00m completed state change to PLAYING
0:00:00.091407171 [34m18843[00m 0xffff4c005e00 [36mINFO   [00m [00;01;31m          GST_STATES gstelement.c:2706:_priv_gst_element_state_changed:<queue1>[00m notifying about state-changed PAUSED to PLAYING (VOID_PENDING pending)
0:00:00.091419715 [34m18843[00m 0xffff4c005e00 [36mINFO   [00m [00;01;31m          GST_STATES gstbin.c:2928:gst_bin_change_state_func:<pipeline0>[00m child 'queue1' changed state to 4(PLAYING) successfully
0:00:00.091448388 [34m18843[00m 0xffff4c005e00 [36mINFO   [00m [00;01;31m          GST_STATES gstbin.c:2479:gst_bin_element_set_state:<h265parse0>[00m current PAUSED pending VOID_PENDING, desired next PLAYING
0:00:00.091463621 [34m18843[00m 0xffff4c005e00 [36mINFO   [00m [00;01;31m          GST_STATES gstelement.c:2806:gst_element_continue_state:<h265parse0>[00m completed state change to PLAYING
0:00:00.091474405 [34m18843[00m 0xffff4c005e00 [36mINFO   [00m [00;01;31m          GST_STATES gstelement.c:2706:_priv_gst_element_state_changed:<h265parse0>[00m notifying about state-changed PAUSED to PLAYING (VOID_PENDING pending)
0:00:00.091487973 [34m18843[00m 0xffff4c005e00 [36mINFO   [00m [00;01;31m          GST_STATES gstbin.c:2928:gst_bin_change_state_func:<pipeline0>[00m child 'h265parse0' changed state to 4(PLAYING) successfully
0:00:00.091526983 [34m18843[00m 0xffff4c005e00 [36mINFO   [00m [00;01;31m          GST_STATES gstbin.c:2479:gst_bin_element_set_state:<queue0>[00m current PAUSED pending VOID_PENDING, desired next PLAYING
0:00:00.091543079 [34m18843[00m 0xffff4c005e00 [36mINFO   [00m [00;01;31m          GST_STATES gstelement.c:2806:gst_element_continue_state:<queue0>[00m completed state change to PLAYING
0:00:00.091554120 [34m18843[00m 0xffff4c005e00 [36mINFO   [00m [00;01;31m          GST_STATES gstelement.c:2706:_priv_gst_element_state_changed:<queue0>[00m notifying about state-changed PAUSED to PLAYING (VOID_PENDING pending)
0:00:00.091569352 [34m18843[00m 0xffff4c005e00 [36mINFO   [00m [00;01;31m          GST_STATES gstbin.c:2928:gst_bin_change_state_func:<pipeline0>[00m child 'queue0' changed state to 4(PLAYING) successfully
0:00:00.091583400 [34m18843[00m 0xffff4c005e00 [36mINFO   [00m [00;01;31m          GST_STATES gstbin.c:2479:gst_bin_element_set_state:<rtph265depay0>[00m current PAUSED pending VOID_PENDING, desired next PLAYING
0:00:00.091595721 [34m18843[00m 0xffff4c005e00 [36mINFO   [00m [00;01;31m          GST_STATES gstelement.c:2806:gst_element_continue_state:<rtph265depay0>[00m completed state change to PLAYING
0:00:00.091606185 [34m18843[00m 0xffff4c005e00 [36mINFO   [00m [00;01;31m          GST_STATES gstelement.c:2706:_priv_gst_element_state_changed:<rtph265depay0>[00m notifying about state-changed PAUSED to PLAYING (VOID_PENDING pending)
0:00:00.091630634 [34m18843[00m 0xffff4c005e00 [36mINFO   [00m [00;01;31m          GST_STATES gstbin.c:2928:gst_bin_change_state_func:<pipeline0>[00m child 'rtph265depay0' changed state to 4(PLAYING) successfully
0:00:00.091650827 [34m18843[00m 0xffff4c005e00 [36mINFO   [00m [00;01;31m          GST_STATES gstelement.c:2806:gst_element_continue_state:<rtpjitterbuffer0>[00m completed state change to PLAYING
0:00:00.091664939 [34m18843[00m 0xffff4c005e00 [36mINFO   [00m [00;01;31m          GST_STATES gstelement.c:2706:_priv_gst_element_state_changed:<rtpjitterbuffer0>[00m notifying about state-changed PAUSED to PLAYING (VOID_PENDING pending)
0:00:00.091678700 [34m18843[00m 0xffff4c005e00 [36mINFO   [00m [00;01;31m          GST_STATES gstbin.c:2928:gst_bin_change_state_func:<pipeline0>[00m child 'rtpjitterbuffer0' changed state to 4(PLAYING) successfully
0:00:00.091702668 [34m18843[00m 0xffff4c005e00 [36mINFO   [00m [00;01;31m          GST_STATES gstelement.c:2806:gst_element_continue_state:<rtspsrc0>[00m completed state change to PLAYING
0:00:00.091717837 [34m18843[00m 0xffff4c005e00 [36mINFO   [00m [00;01;31m          GST_STATES gstelement.c:2706:_priv_gst_element_state_changed:<rtspsrc0>[00m notifying about state-changed PAUSED to PLAYING (VOID_PENDING pending)
0:00:00.091743086 [34m18843[00m 0xffff4c005e00 [36mINFO   [00m [00;01;31m          GST_STATES gstbin.c:2928:gst_bin_change_state_func:<pipeline0>[00m child 'rtspsrc0' changed state to 4(PLAYING) successfully
0:00:00.091761230 [34m18843[00m 0xffff4c005e00 [36mINFO   [00m [00;01;31m          GST_STATES gstbin.c:2069:gst_bin_get_state_func:<pipeline0>[00m getting state
0:00:00.091772783 [34m18843[00m 0xffff4c005e00 [36mINFO   [00m [00;01;31m          GST_STATES gstelement.c:2522:gst_element_get_state_func:<pipeline0>[00m waiting for element to commit state
0:00:00.986256038 [34m18843[00m 0xffff4c2d6000 [36mINFO   [00m [00m             rtspsrc gstrtspsrc.c:8025:gst_rtspsrc_retrieve_sdp:<rtspsrc0>[00m Now using version: 1.0
0:00:00.988407181 [34m18843[00m 0xffff4c2d6000 [36mINFO   [00m [00;01;37;41m GST_ELEMENT_FACTORY gstelementfactory.c:489:gst_element_factory_create_with_properties:[00m creating element "rtpbin"
0:00:00.988549201 [34m18843[00m 0xffff4c2d6000 [36mINFO   [00m [00;01;31m          GST_STATES gstelement.c:2778:gst_element_continue_state:<manager>[00m committing state from NULL to READY, pending PAUSED, next PAUSED
0:00:00.988572338 [34m18843[00m 0xffff4c2d6000 [36mINFO   [00m [00;01;31m          GST_STATES gstelement.c:2706:_priv_gst_element_state_changed:<manager>[00m notifying about state-changed NULL to READY (PAUSED pending)
0:00:00.988595027 [34m18843[00m 0xffff4c2d6000 [36mINFO   [00m [00;01;31m          GST_STATES gstelement.c:2786:gst_element_continue_state:<manager>[00m continue state change READY to PAUSED, final PAUSED
0:00:00.988612212 [34m18843[00m 0xffff4c2d6000 [36mINFO   [00m [00;01;31m          GST_STATES gstelement.c:2806:gst_element_continue_state:<manager>[00m completed state change to PAUSED
0:00:00.988624052 [34m18843[00m 0xffff4c2d6000 [36mINFO   [00m [00;01;31m          GST_STATES gstelement.c:2706:_priv_gst_element_state_changed:<manager>[00m notifying about state-changed READY to PAUSED (VOID_PENDING pending)
0:00:00.988685942 [34m18843[00m 0xffff4c2d6000 [36mINFO   [00m [00;01;37;41m    GST_ELEMENT_PADS gstelement.c:1013:gst_element_get_static_pad:[00m no such pad 'recv_rtp_sink_0' in element "manager"
0:00:00.988708823 [34m18843[00m 0xffff4c2d6000 [36mINFO   [00m [00;01;37;41m GST_ELEMENT_FACTORY gstelementfactory.c:489:gst_element_factory_create_with_properties:[00m creating element "rtpsession"
0:00:00.989045794 [34m18843[00m 0xffff4c2d6000 [36mINFO   [00m [00;01;37;41m GST_ELEMENT_FACTORY gstelementfactory.c:489:gst_element_factory_create_with_properties:[00m creating element "rtpssrcdemux"
0:00:00.989188967 [34m18843[00m 0xffff4c2d6000 [36mINFO   [00m [00;01;37;41m    GST_ELEMENT_PADS gstelement.c:759:gst_element_add_pad:<GstRtpSsrcDemux@0xffff38038060>[00m adding pad 'sink'
0:00:00.989215655 [34m18843[00m 0xffff4c2d6000 [36mINFO   [00m [00;01;37;41m    GST_ELEMENT_PADS gstelement.c:759:gst_element_add_pad:<GstRtpSsrcDemux@0xffff38038060>[00m adding pad 'rtcp_sink'
0:00:00.989235656 [34m18843[00m 0xffff4c2d6000 [36mINFO   [00m [00;01;37;41m GST_ELEMENT_FACTORY gstelementfactory.c:489:gst_element_factory_create_with_properties:[00m creating element "rtpstorage"
0:00:00.989317707 [34m18843[00m 0xffff4c2d6000 [36mINFO   [00m [00;01;37;41m    GST_ELEMENT_PADS gstelement.c:759:gst_element_add_pad:<GstRtpStorage@0xffff4c290b40>[00m adding pad 'src'
0:00:00.989335019 [34m18843[00m 0xffff4c2d6000 [36mINFO   [00m [00;01;37;41m    GST_ELEMENT_PADS gstelement.c:759:gst_element_add_pad:<GstRtpStorage@0xffff4c290b40>[00m adding pad 'sink'
0:00:00.989434607 [34m18843[00m 0xffff4c2d6000 [36mINFO   [00m [00;01;31m          GST_STATES gstelement.c:2778:gst_element_continue_state:<rtpssrcdemux0>[00m committing state from NULL to READY, pending PAUSED, next PAUSED
0:00:00.989455375 [34m18843[00m 0xffff4c2d6000 [36mINFO   [00m [00;01;31m          GST_STATES gstelement.c:2706:_priv_gst_element_state_changed:<rtpssrcdemux0>[00m notifying about state-changed NULL to READY (PAUSED pending)
0:00:00.989473840 [34m18843[00m 0xffff4c2d6000 [36mINFO   [00m [00;01;31m          GST_STATES gstelement.c:2786:gst_element_continue_state:<rtpssrcdemux0>[00m continue state change READY to PAUSED, final PAUSED
0:00:00.989492177 [34m18843[00m 0xffff4c2d6000 [36mINFO   [00m [00;01;31m          GST_STATES gstelement.c:2806:gst_element_continue_state:<rtpssrcdemux0>[00m completed state change to PAUSED
0:00:00.989504241 [34m18843[00m 0xffff4c2d6000 [36mINFO   [00m [00;01;31m          GST_STATES gstelement.c:2706:_priv_gst_element_state_changed:<rtpssrcdemux0>[00m notifying about state-changed READY to PAUSED (VOID_PENDING pending)
0:00:00.989531218 [34m18843[00m 0xffff4c2d6000 [36mINFO   [00m [00;01;31m          GST_STATES gstelement.c:2778:gst_element_continue_state:<rtpsession0>[00m committing state from NULL to READY, pending PAUSED, next PAUSED
0:00:00.989543826 [34m18843[00m 0xffff4c2d6000 [36mINFO   [00m [00;01;31m          GST_STATES gstelement.c:2706:_priv_gst_element_state_changed:<rtpsession0>[00m notifying about state-changed NULL to READY (PAUSED pending)
0:00:00.989556147 [34m18843[00m 0xffff4c2d6000 [36mINFO   [00m [00;01;31m          GST_STATES gstelement.c:2786:gst_element_continue_state:<rtpsession0>[00m continue state change READY to PAUSED, final PAUSED
0:00:00.989566739 [34m18843[00m 0xffff4c2d6000 [36mINFO   [00m [00;01;31m          GST_STATES gstelement.c:2806:gst_element_continue_state:<rtpsession0>[00m completed state change to PAUSED
0:00:00.989576371 [34m18843[00m 0xffff4c2d6000 [36mINFO   [00m [00;01;31m          GST_STATES gstelement.c:2706:_priv_gst_element_state_changed:<rtpsession0>[00m notifying about state-changed READY to PAUSED (VOID_PENDING pending)
0:00:00.989598356 [34m18843[00m 0xffff4c2d6000 [36mINFO   [00m [00;01;31m          GST_STATES gstelement.c:2778:gst_element_continue_state:<rtpstorage0>[00m committing state from NULL to READY, pending PAUSED, next PAUSED
0:00:00.989610388 [34m18843[00m 0xffff4c2d6000 [36mINFO   [00m [00;01;31m          GST_STATES gstelement.c:2706:_priv_gst_element_state_changed:<rtpstorage0>[00m notifying about state-changed NULL to READY (PAUSED pending)
0:00:00.989621973 [34m18843[00m 0xffff4c2d6000 [36mINFO   [00m [00;01;31m          GST_STATES gstelement.c:2786:gst_element_continue_state:<rtpstorage0>[00m continue state change READY to PAUSED, final PAUSED
0:00:00.989635317 [34m18843[00m 0xffff4c2d6000 [36mINFO   [00m [00;01;31m          GST_STATES gstelement.c:2806:gst_element_continue_state:<rtpstorage0>[00m completed state change to PAUSED
0:00:00.989657462 [34m18843[00m 0xffff4c2d6000 [36mINFO   [00m [00;01;31m          GST_STATES gstelement.c:2706:_priv_gst_element_state_changed:<rtpstorage0>[00m notifying about state-changed READY to PAUSED (VOID_PENDING pending)
0:00:00.989672918 [34m18843[00m 0xffff4c2d6000 [36mINFO   [00m [00;01;37;41m    GST_ELEMENT_PADS gstelement.c:1013:gst_element_get_static_pad:[00m no such pad 'recv_rtp_sink' in element "rtpsession0"
0:00:00.989702615 [34m18843[00m 0xffff4c2d6000 [36mINFO   [00m [00;01;37;41m    GST_ELEMENT_PADS gstelement.c:759:gst_element_add_pad:<rtpsession0>[00m adding pad 'recv_rtp_sink'
0:00:00.989728824 [34m18843[00m 0xffff4c2d6000 [36mINFO   [00m [00;01;37;41m    GST_ELEMENT_PADS gstelement.c:759:gst_element_add_pad:<rtpsession0>[00m adding pad 'recv_rtp_src'
0:00:00.989827772 [34m18843[00m 0xffff4c2d6000 [36mINFO   [00m [00;01;31;44m            GST_PADS gstpad.c:2382:gst_pad_link_prepare:[00m trying to link recv_rtp_sink_0:proxypad0 and rtpsession0:recv_rtp_sink
0:00:00.989851164 [34m18843[00m 0xffff4c2d6000 [36mINFO   [00m [00;01;31;44m            GST_PADS gstpad.c:2590:gst_pad_link_full:[00m linked recv_rtp_sink_0:proxypad0 and rtpsession0:recv_rtp_sink, successful
0:00:00.989862173 [34m18843[00m 0xffff4c2d6000 [36mINFO   [00m [00;01;34m           GST_EVENT gstevent.c:1660:gst_event_new_reconfigure:[00m creating reconfigure event
0:00:00.989882525 [34m18843[00m 0xffff4c2d6000 [36mINFO   [00m [00;01;37;41m    GST_ELEMENT_PADS gstelement.c:1016:gst_element_get_static_pad:[00m found pad rtpsession0:recv_rtp_src
0:00:00.989895486 [34m18843[00m 0xffff4c2d6000 [36mINFO   [00m [00;01;37;41m    GST_ELEMENT_PADS gstelement.c:1016:gst_element_get_static_pad:[00m found pad rtpstorage0:sink
0:00:00.989911614 [34m18843[00m 0xffff4c2d6000 [36mINFO   [00m [00;01;31;44m            GST_PADS gstpad.c:2382:gst_pad_link_prepare:[00m trying to link rtpsession0:recv_rtp_src and rtpstorage0:sink
0:00:00.989936287 [34m18843[00m 0xffff4c2d6000 [36mINFO   [00m [00;01;31;44m            GST_PADS gstpad.c:4357:gst_pad_peer_query:<rtpstorage0:src>[00m pad has no peer
0:00:00.989955904 [34m18843[00m 0xffff4c2d6000 [36mINFO   [00m [00;01;31;44m            GST_PADS gstpad.c:2590:gst_pad_link_full:[00m linked rtpsession0:recv_rtp_src and rtpstorage0:sink, successful
0:00:00.989964512 [34m18843[00m 0xffff4c2d6000 [36mINFO   [00m [00;01;34m           GST_EVENT gstevent.c:1660:gst_event_new_reconfigure:[00m creating reconfigure event
0:00:00.989981889 [34m18843[00m 0xffff4c2d6000 [36mINFO   [00m [00;01;37;41m    GST_ELEMENT_PADS gstelement.c:1016:gst_element_get_static_pad:[00m found pad rtpstorage0:src
0:00:00.989992513 [34m18843[00m 0xffff4c2d6000 [36mINFO   [00m [00;01;37;41m    GST_ELEMENT_PADS gstelement.c:1016:gst_element_get_static_pad:[00m found pad rtpssrcdemux0:sink
0:00:00.990004353 [34m18843[00m 0xffff4c2d6000 [36mINFO   [00m [00;01;31;44m            GST_PADS gstpad.c:2382:gst_pad_link_prepare:[00m trying to link rtpstorage0:src and rtpssrcdemux0:sink
0:00:00.990015522 [34m18843[00m 0xffff4c2d6000 [36mINFO   [00m [00;01;31;44m            GST_PADS gstpad.c:2590:gst_pad_link_full:[00m linked rtpstorage0:src and rtpssrcdemux0:sink, successful
0:00:00.990023138 [34m18843[00m 0xffff4c2d6000 [36mINFO   [00m [00;01;34m           GST_EVENT gstevent.c:1660:gst_event_new_reconfigure:[00m creating reconfigure event
0:00:00.990047523 [34m18843[00m 0xffff4c2d6000 [36mINFO   [00m [00;01;37;41m    GST_ELEMENT_PADS gstelement.c:759:gst_element_add_pad:<manager>[00m adding pad 'recv_rtp_sink_0'
0:00:00.990068484 [34m18843[00m 0xffff4c2d6000 [36mINFO   [00m [00;01;37;41m    GST_ELEMENT_PADS gstelement.c:1013:gst_element_get_static_pad:[00m no such pad 'recv_rtcp_sink_0' in element "manager"
0:00:00.990082788 [34m18843[00m 0xffff4c2d6000 [36mINFO   [00m [00;01;37;41m    GST_ELEMENT_PADS gstelement.c:1013:gst_element_get_static_pad:[00m no such pad 'recv_rtcp_sink' in element "rtpsession0"
0:00:00.990109925 [34m18843[00m 0xffff4c2d6000 [36mINFO   [00m [00;01;37;41m    GST_ELEMENT_PADS gstelement.c:759:gst_element_add_pad:<rtpsession0>[00m adding pad 'recv_rtcp_sink'
0:00:00.990149830 [34m18843[00m 0xffff4c2d6000 [36mINFO   [00m [00;01;37;41m    GST_ELEMENT_PADS gstelement.c:759:gst_element_add_pad:<rtpsession0>[00m adding pad 'sync_src'
0:00:00.990170279 [34m18843[00m 0xffff4c2d6000 [36mINFO   [00m [00;01;37;41m    GST_ELEMENT_PADS gstelement.c:1016:gst_element_get_static_pad:[00m found pad rtpsession0:sync_src
0:00:00.990182503 [34m18843[00m 0xffff4c2d6000 [36mINFO   [00m [00;01;37;41m    GST_ELEMENT_PADS gstelement.c:1016:gst_element_get_static_pad:[00m found pad rtpssrcdemux0:rtcp_sink
0:00:00.990196168 [34m18843[00m 0xffff4c2d6000 [36mINFO   [00m [00;01;31;44m            GST_PADS gstpad.c:2382:gst_pad_link_prepare:[00m trying to link rtpsession0:sync_src and rtpssrcdemux0:rtcp_sink
0:00:00.990208168 [34m18843[00m 0xffff4c2d6000 [36mINFO   [00m [00;01;31;44m            GST_PADS gstpad.c:2590:gst_pad_link_full:[00m linked rtpsession0:sync_src and rtpssrcdemux0:rtcp_sink, successful
0:00:00.990215880 [34m18843[00m 0xffff4c2d6000 [36mINFO   [00m [00;01;34m           GST_EVENT gstevent.c:1660:gst_event_new_reconfigure:[00m creating reconfigure event
0:00:00.990245481 [34m18843[00m 0xffff4c2d6000 [36mINFO   [00m [00;01;31;44m            GST_PADS gstpad.c:2382:gst_pad_link_prepare:[00m trying to link recv_rtcp_sink_0:proxypad1 and rtpsession0:recv_rtcp_sink
0:00:00.990265290 [34m18843[00m 0xffff4c2d6000 [36mINFO   [00m [00;01;31;44m            GST_PADS gstpad.c:2590:gst_pad_link_full:[00m linked recv_rtcp_sink_0:proxypad1 and rtpsession0:recv_rtcp_sink, successful
0:00:00.990275754 [34m18843[00m 0xffff4c2d6000 [36mINFO   [00m [00;01;34m           GST_EVENT gstevent.c:1660:gst_event_new_reconfigure:[00m creating reconfigure event
0:00:00.990291659 [34m18843[00m 0xffff4c2d6000 [36mINFO   [00m [00;01;37;41m    GST_ELEMENT_PADS gstelement.c:759:gst_element_add_pad:<manager>[00m adding pad 'recv_rtcp_sink_0'
0:00:00.990314444 [34m18843[00m 0xffff4c2d6000 [36mINFO   [00m [00m             rtspsrc gstrtspsrc.c:4139:gst_rtspsrc_stream_configure_manager:<rtspsrc0>[00m configure bandwidth in session 0xffff38034020
0:00:00.990336364 [34m18843[00m 0xffff4c2d6000 [36mINFO   [00m [00m             rtspsrc gstrtspsrc.c:4144:gst_rtspsrc_stream_configure_manager:<rtspsrc0>[00m setting AS: 500000.000000
0:00:00.990376654 [34m18843[00m 0xffff4c2d6000 [36mINFO   [00m [00;01;31;44m            GST_PADS gstpad.c:2382:gst_pad_link_prepare:[00m trying to link '':internalsrc_0 and manager:recv_rtp_sink_0
0:00:00.990391758 [34m18843[00m 0xffff4c2d6000 [36mINFO   [00m [00;01;31;44m            GST_PADS gstpad.c:2590:gst_pad_link_full:[00m linked '':internalsrc_0 and manager:recv_rtp_sink_0, successful
0:00:00.990400654 [34m18843[00m 0xffff4c2d6000 [36mINFO   [00m [00;01;34m           GST_EVENT gstevent.c:1660:gst_event_new_reconfigure:[00m creating reconfigure event
0:00:00.990409775 [34m18843[00m 0xffff4c2d6000 [36mINFO   [00m [00;01;34m           GST_EVENT gstpad.c:5946:gst_pad_send_event_unchecked:<'':internalsrc_0>[00m Received event on flushing pad. Discarding
0:00:00.990427663 [34m18843[00m 0xffff4c2d6000 [36mINFO   [00m [00;01;31;44m            GST_PADS gstpad.c:2382:gst_pad_link_prepare:[00m trying to link '':internalsrc_1 and manager:recv_rtcp_sink_0
0:00:00.990438992 [34m18843[00m 0xffff4c2d6000 [36mINFO   [00m [00;01;31;44m            GST_PADS gstpad.c:2590:gst_pad_link_full:[00m linked '':internalsrc_1 and manager:recv_rtcp_sink_0, successful
0:00:00.990446448 [34m18843[00m 0xffff4c2d6000 [36mINFO   [00m [00;01;34m           GST_EVENT gstevent.c:1660:gst_event_new_reconfigure:[00m creating reconfigure event
0:00:00.990454064 [34m18843[00m 0xffff4c2d6000 [36mINFO   [00m [00;01;34m           GST_EVENT gstpad.c:5946:gst_pad_send_event_unchecked:<'':internalsrc_1>[00m Received event on flushing pad. Discarding
0:00:00.990478609 [34m18843[00m 0xffff4c2d6000 [36mINFO   [00m [00;01;37;41m    GST_ELEMENT_PADS gstelement.c:1013:gst_element_get_static_pad:[00m no such pad 'send_rtcp_src_0' in element "manager"
0:00:00.990505138 [34m18843[00m 0xffff4c2d6000 [36mINFO   [00m [00;01;37;41m    GST_ELEMENT_PADS gstelement.c:1013:gst_element_get_static_pad:[00m no such pad 'send_rtcp_src' in element "rtpsession0"
0:00:00.990531955 [34m18843[00m 0xffff4c2d6000 [36mINFO   [00m [00;01;37;41m    GST_ELEMENT_PADS gstelement.c:759:gst_element_add_pad:<rtpsession0>[00m adding pad 'send_rtcp_src'
0:00:00.990567284 [34m18843[00m 0xffff4c2d6000 [36mINFO   [00m [00;01;31;44m            GST_PADS gstpad.c:2382:gst_pad_link_prepare:[00m trying to link rtpsession0:send_rtcp_src and send_rtcp_src_0:proxypad2
0:00:00.990582164 [34m18843[00m 0xffff4c2d6000 [36mINFO   [00m [00;01;31;44m            GST_PADS gstpad.c:2590:gst_pad_link_full:[00m linked rtpsession0:send_rtcp_src and send_rtcp_src_0:proxypad2, successful
0:00:00.990591157 [34m18843[00m 0xffff4c2d6000 [36mINFO   [00m [00;01;34m           GST_EVENT gstevent.c:1660:gst_event_new_reconfigure:[00m creating reconfigure event
0:00:00.990607861 [34m18843[00m 0xffff4c2d6000 [36mINFO   [00m [00;01;37;41m    GST_ELEMENT_PADS gstelement.c:759:gst_element_add_pad:<manager>[00m adding pad 'send_rtcp_src_0'
0:00:00.990624982 [34m18843[00m 0xffff4c2d6000 [36mINFO   [00m [00;01;31;44m            GST_PADS gstpad.c:2382:gst_pad_link_prepare:[00m trying to link manager:send_rtcp_src_0 and '':internalsink_0
0:00:00.990636278 [34m18843[00m 0xffff4c2d6000 [36mINFO   [00m [00;01;31;44m            GST_PADS gstpad.c:2590:gst_pad_link_full:[00m linked manager:send_rtcp_src_0 and '':internalsink_0, successful
0:00:00.990643542 [34m18843[00m 0xffff4c2d6000 [36mINFO   [00m [00;01;34m           GST_EVENT gstevent.c:1660:gst_event_new_reconfigure:[00m creating reconfigure event
0:00:00.991640503 [34m18843[00m 0xffff4c2d6000 [36mINFO   [00m [00;01;34m           GST_EVENT gstevent.c:892:gst_event_new_caps:[00m creating caps event application/x-rtp, media=(string)video, payload=(int)96, clock-rate=(int)90000, encoding-name=(string)H265, profile-space=(string)0, profile-id=(string)1, tier-flag=(string)0, level-id=(string)93, interop-constraints=(string)000000000000, sprop-vps=(string)QAEMAf//AWAAAAMAAAMAAAMAAAMAXawJ, sprop-sps=(string)"QgEBAWAAAAMAAAMAAAMAAAMAXaACgIAtFja5JMmuWcAgAAB9AAAMNQE\=", sprop-pps=(string)"RAHgdrAmQA\=\=", a-tool=(string)"LIVE555\ Streaming\ Media\ v2019.08.12", a-type=(string)broadcast, x-qt-text-nam=(string)"LIVE555\ Streaming\ Media\ v2019.08.12", x-qt-text-inf=(string)"LIVE555\ Streaming\ Media\ v2019.08.12"
0:00:00.991826173 [34m18843[00m 0xffff4c2d6000 [36mINFO   [00m [00;01;34m           GST_EVENT gstevent.c:892:gst_event_new_caps:[00m creating caps event application/x-rtcp
0:00:00.991891904 [34m18843[00m 0xffff4c2d6000 [36mINFO   [00m [00;01;34m           GST_EVENT gstevent.c:972:gst_event_new_segment:[00m creating segment event time segment start=0:00:00.000000000, offset=0:00:00.000000000, stop=99:99:99.999999999, rate=1.000000, applied_rate=1.000000, flags=0x00, time=0:00:00.000000000, base=0:00:00.000000000, position 0:00:00.000000000, duration 99:99:99.999999999
0:00:00.992124039 [34m18843[00m 0xffff4c2d6000 [36mINFO   [00m [00;01;37;41m    GST_ELEMENT_PADS gstelement.c:759:gst_element_add_pad:<rtpssrcdemux0>[00m adding pad 'src_1051385966'
0:00:00.992154760 [34m18843[00m 0xffff4c2d6000 [36mINFO   [00m [00;01;37;41m    GST_ELEMENT_PADS gstelement.c:759:gst_element_add_pad:<rtpssrcdemux0>[00m adding pad 'rtcp_src_1051385966'
0:00:00.992179689 [34m18843[00m 0xffff4c2d6000 [36mINFO   [00m [00;01;37;41m GST_ELEMENT_FACTORY gstelementfactory.c:489:gst_element_factory_create_with_properties:[00m creating element "rtpjitterbuffer"
0:00:00.992248683 [34m18843[00m 0xffff4c2d6000 [36mINFO   [00m [00;01;37;41m    GST_ELEMENT_PADS gstelement.c:759:gst_element_add_pad:<GstRtpJitterBuffer@0xffff3804a6c0>[00m adding pad 'src'
0:00:00.992287757 [34m18843[00m 0xffff4c2d6000 [36mINFO   [00m [00;01;37;41m    GST_ELEMENT_PADS gstelement.c:759:gst_element_add_pad:<GstRtpJitterBuffer@0xffff3804a6c0>[00m adding pad 'sink'
0:00:00.992339310 [34m18843[00m 0xffff4c2d6000 [36mINFO   [00m [00;01;31m          GST_STATES gstelement.c:2778:gst_element_continue_state:<rtpjitterbuffer1>[00m committing state from NULL to READY, pending PAUSED, next PAUSED
0:00:00.992357487 [34m18843[00m 0xffff4c2d6000 [36mINFO   [00m [00;01;31m          GST_STATES gstelement.c:2706:_priv_gst_element_state_changed:<rtpjitterbuffer1>[00m notifying about state-changed NULL to READY (PAUSED pending)
0:00:00.992373935 [34m18843[00m 0xffff4c2d6000 [36mINFO   [00m [00;01;31m          GST_STATES gstelement.c:2786:gst_element_continue_state:<rtpjitterbuffer1>[00m continue state change READY to PAUSED, final PAUSED
0:00:00.992663673 [34m18843[00m 0xffff4c2d6000 [36mINFO   [00m [00m                task gsttask.c:516:gst_task_set_lock:[00m setting stream lock 0xffff3803bd60 on task 0xffff4c290dd0
0:00:00.992690042 [34m18843[00m 0xffff4c2d6000 [36mINFO   [00m [00;01;31;44m            GST_PADS gstpad.c:6291:gst_pad_start_task:<rtpjitterbuffer1:src>[00m created task 0xffff4c290dd0
0:00:00.993392017 [34m18843[00m 0xffff4c2d6000 [36mINFO   [00m [00;01;31m          GST_STATES gstelement.c:2806:gst_element_continue_state:<rtpjitterbuffer1>[00m completed state change to PAUSED
0:00:00.993590808 [34m18843[00m 0xffff4c2d6000 [36mINFO   [00m [00;01;31m          GST_STATES gstelement.c:2706:_priv_gst_element_state_changed:<rtpjitterbuffer1>[00m notifying about state-changed READY to PAUSED (VOID_PENDING pending)
0:00:00.993666074 [34m18843[00m 0xffff4c2d6000 [36mINFO   [00m [00;01;37;41m GST_ELEMENT_FACTORY gstelementfactory.c:489:gst_element_factory_create_with_properties:[00m creating element "rtpptdemux"
0:00:00.993966340 [34m18843[00m 0xffff4c2d6000 [36mINFO   [00m [00;01;37;41m    GST_ELEMENT_PADS gstelement.c:759:gst_element_add_pad:<GstRtpPtDemux@0xffff380381a0>[00m adding pad 'sink'
0:00:00.994120105 [34m18843[00m 0xffff4c2d6000 [36mINFO   [00m [00;01;37;41m    GST_ELEMENT_PADS gstutils.c:1816:gst_element_link_pads_full:[00m trying to link element rtpjitterbuffer1:src to element rtpptdemux0:sink
0:00:00.994142858 [34m18843[00m 0xffff4c2d6000 [36mINFO   [00m [00;01;37;41m    GST_ELEMENT_PADS gstelement.c:1016:gst_element_get_static_pad:[00m found pad rtpjitterbuffer1:src
0:00:00.994157450 [34m18843[00m 0xffff4c2d6000 [36mINFO   [00m [00;01;37;41m    GST_ELEMENT_PADS gstelement.c:1016:gst_element_get_static_pad:[00m found pad rtpptdemux0:sink
0:00:00.994201036 [34m18843[00m 0xffff4c2d6000 [36mINFO   [00m [00;01;31;44m            GST_PADS gstutils.c:1632:prepare_link_maybe_ghosting:[00m rtpjitterbuffer1 and rtpptdemux0 in same bin, no need for ghost pads
0:00:00.994224268 [34m18843[00m 0xffff4c2d6000 [36mINFO   [00m [00;01;31;44m            GST_PADS gstpad.c:2382:gst_pad_link_prepare:[00m trying to link rtpjitterbuffer1:src and rtpptdemux0:sink
0:00:00.994241901 [34m18843[00m 0xffff4c2d6000 [36mINFO   [00m [00;01;31;44m            GST_PADS gstpad.c:2590:gst_pad_link_full:[00m linked rtpjitterbuffer1:src and rtpptdemux0:sink, successful
0:00:00.994251693 [34m18843[00m 0xffff4c2d6000 [36mINFO   [00m [00;01;34m           GST_EVENT gstevent.c:1660:gst_event_new_reconfigure:[00m creating reconfigure event
0:00:00.994280014 [34m18843[00m 0xffff4c2d6000 [36mINFO   [00m [00;01;31m          GST_STATES gstelement.c:2778:gst_element_continue_state:<rtpptdemux0>[00m committing state from NULL to READY, pending PAUSED, next PAUSED
0:00:00.994293295 [34m18843[00m 0xffff4c2d6000 [36mINFO   [00m [00;01;31m          GST_STATES gstelement.c:2706:_priv_gst_element_state_changed:<rtpptdemux0>[00m notifying about state-changed NULL to READY (PAUSED pending)
0:00:00.994307631 [34m18843[00m 0xffff4c2d6000 [36mINFO   [00m [00;01;31m          GST_STATES gstelement.c:2786:gst_element_continue_state:<rtpptdemux0>[00m continue state change READY to PAUSED, final PAUSED
0:00:00.994363921 [34m18843[00m 0xffff4c2d6000 [36mINFO   [00m [00;01;31m          GST_STATES gstelement.c:2806:gst_element_continue_state:<rtpptdemux0>[00m completed state change to PAUSED
0:00:00.994375889 [34m18843[00m 0xffff4c2d6000 [36mINFO   [00m [00;01;31m          GST_STATES gstelement.c:2706:_priv_gst_element_state_changed:<rtpptdemux0>[00m notifying about state-changed READY to PAUSED (VOID_PENDING pending)
0:00:00.994391186 [34m18843[00m 0xffff4c2d6000 [36mINFO   [00m [00;01;31m          GST_STATES gstelement.c:2806:gst_element_continue_state:<rtpjitterbuffer1>[00m completed state change to PAUSED
0:00:00.994405010 [34m18843[00m 0xffff4c2d6000 [36mINFO   [00m [00;01;37;41m    GST_ELEMENT_PADS gstelement.c:1016:gst_element_get_static_pad:[00m found pad rtpssrcdemux0:src_1051385966
0:00:00.994415539 [34m18843[00m 0xffff4c2d6000 [36mINFO   [00m [00;01;37;41m    GST_ELEMENT_PADS gstelement.c:1016:gst_element_get_static_pad:[00m found pad rtpjitterbuffer1:sink
0:00:00.994429171 [34m18843[00m 0xffff4c2d6000 [36mINFO   [00m [00;01;31;44m            GST_PADS gstpad.c:2382:gst_pad_link_prepare:[00m trying to link rtpssrcdemux0:src_1051385966 and rtpjitterbuffer1:sink
0:00:00.994440980 [34m18843[00m 0xffff4c2d6000 [36mINFO   [00m [00;01;31;44m            GST_PADS gstpad.c:2590:gst_pad_link_full:[00m linked rtpssrcdemux0:src_1051385966 and rtpjitterbuffer1:sink, successful
0:00:00.994448660 [34m18843[00m 0xffff4c2d6000 [36mINFO   [00m [00;01;34m           GST_EVENT gstevent.c:1660:gst_event_new_reconfigure:[00m creating reconfigure event
0:00:00.994479669 [34m18843[00m 0xffff4c2d6000 [36mINFO   [00m [00;01;37;41m    GST_ELEMENT_PADS gstelement.c:1013:gst_element_get_static_pad:[00m no such pad 'sink_rtcp' in element "rtpjitterbuffer1"
0:00:00.994515510 [34m18843[00m 0xffff4c2d6000 [36mINFO   [00m [00;01;37;41m    GST_ELEMENT_PADS gstelement.c:759:gst_element_add_pad:<rtpjitterbuffer1>[00m adding pad 'sink_rtcp'
0:00:00.994531831 [34m18843[00m 0xffff4c2d6000 [36mINFO   [00m [00;01;37;41m    GST_ELEMENT_PADS gstelement.c:1016:gst_element_get_static_pad:[00m found pad rtpssrcdemux0:rtcp_src_1051385966
0:00:00.994557047 [34m18843[00m 0xffff4c2d6000 [36mINFO   [00m [00;01;31;44m            GST_PADS gstpad.c:2382:gst_pad_link_prepare:[00m trying to link rtpssrcdemux0:rtcp_src_1051385966 and rtpjitterbuffer1:sink_rtcp
0:00:00.994571256 [34m18843[00m 0xffff4c2d6000 [36mINFO   [00m [00;01;31;44m            GST_PADS gstpad.c:2590:gst_pad_link_full:[00m linked rtpssrcdemux0:rtcp_src_1051385966 and rtpjitterbuffer1:sink_rtcp, successful
0:00:00.994579576 [34m18843[00m 0xffff4c2d6000 [36mINFO   [00m [00;01;34m           GST_EVENT gstevent.c:1660:gst_event_new_reconfigure:[00m creating reconfigure event
0:00:00.994631482 [34m18843[00m 0xffff4c2d6000 [36mINFO   [00m [00;01;34m           GST_EVENT gstevent.c:892:gst_event_new_caps:[00m creating caps event application/x-rtcp, ssrc=(uint)1051385966
0:00:00.994877282 [34m18843[00m 0xffff4c2d6000 [36mINFO   [00m [00;01;34m           GST_EVENT gstevent.c:892:gst_event_new_caps:[00m creating caps event application/x-rtp, media=(string)video, payload=(int)96, clock-rate=(int)90000, encoding-name=(string)H265, profile-space=(string)0, profile-id=(string)1, tier-flag=(string)0, level-id=(string)93, interop-constraints=(string)000000000000, sprop-vps=(string)QAEMAf//AWAAAAMAAAMAAAMAAAMAXawJ, sprop-sps=(string)"QgEBAWAAAAMAAAMAAAMAAAMAXaACgIAtFja5JMmuWcAgAAB9AAAMNQE\=", sprop-pps=(string)"RAHgdrAmQA\=\=", a-tool=(string)"LIVE555\ Streaming\ Media\ v2019.08.12", a-type=(string)broadcast, x-qt-text-nam=(string)"LIVE555\ Streaming\ Media\ v2019.08.12", x-qt-text-inf=(string)"LIVE555\ Streaming\ Media\ v2019.08.12", ssrc=(uint)1051385966
0:00:00.994979205 [34m18843[00m 0xffff4c2d6000 [36mINFO   [00m [00m     rtpjitterbuffer rtpjitterbuffer.c:809:rtp_jitter_buffer_calculate_pts:[00m resync to time 0:00:00.000000000, rtptime 10:43:32.250877777
0:00:01.001642849 [34m18843[00m 0xffff4c2d6000 [36mINFO   [00m [00;01;31m          GST_STATES gstbin.c:2479:gst_bin_element_set_state:<rtpptdemux0>[00m current PAUSED pending VOID_PENDING, desired next PLAYING
0:00:01.001730052 [34m18843[00m 0xffff4c2d6000 [36mINFO   [00m [00;01;31m          GST_STATES gstelement.c:2806:gst_element_continue_state:<rtpptdemux0>[00m completed state change to PLAYING
0:00:01.001748100 [34m18843[00m 0xffff4c2d6000 [36mINFO   [00m [00;01;31m          GST_STATES gstelement.c:2706:_priv_gst_element_state_changed:<rtpptdemux0>[00m notifying about state-changed PAUSED to PLAYING (VOID_PENDING pending)
0:00:01.001799942 [34m18843[00m 0xffff4c2d6000 [36mINFO   [00m [00;01;31m          GST_STATES gstbin.c:2928:gst_bin_change_state_func:<manager>[00m child 'rtpptdemux0' changed state to 4(PLAYING) successfully
0:00:01.001832263 [34m18843[00m 0xffff4c2d6000 [36mINFO   [00m [00;01;31m          GST_STATES gstelement.c:2806:gst_element_continue_state:<rtpjitterbuffer1>[00m completed state change to PLAYING
0:00:01.001845511 [34m18843[00m 0xffff4c2d6000 [36mINFO   [00m [00;01;31m          GST_STATES gstelement.c:2706:_priv_gst_element_state_changed:<rtpjitterbuffer1>[00m notifying about state-changed PAUSED to PLAYING (VOID_PENDING pending)
0:00:01.001884809 [34m18843[00m 0xffff4c2d6000 [36mINFO   [00m [00;01;31m          GST_STATES gstbin.c:2928:gst_bin_change_state_func:<manager>[00m child 'rtpjitterbuffer1' changed state to 4(PLAYING) successfully
0:00:01.001903113 [34m18843[00m 0xffff4c2d6000 [36mINFO   [00m [00;01;31m          GST_STATES gstbin.c:2479:gst_bin_element_set_state:<rtpssrcdemux0>[00m current PAUSED pending VOID_PENDING, desired next PLAYING
0:00:01.001917002 [34m18843[00m 0xffff4c2d6000 [36mINFO   [00m [00;01;31m          GST_STATES gstelement.c:2806:gst_element_continue_state:<rtpssrcdemux0>[00m completed state change to PLAYING
0:00:01.001926346 [34m18843[00m 0xffff4c2d6000 [36mINFO   [00m [00;01;31m          GST_STATES gstelement.c:2706:_priv_gst_element_state_changed:<rtpssrcdemux0>[00m notifying about state-changed PAUSED to PLAYING (VOID_PENDING pending)
0:00:01.001939947 [34m18843[00m 0xffff4c2d6000 [36mINFO   [00m [00;01;31m          GST_STATES gstbin.c:2928:gst_bin_change_state_func:<manager>[00m child 'rtpssrcdemux0' changed state to 4(PLAYING) successfully
0:00:01.001952203 [34m18843[00m 0xffff4c2d6000 [36mINFO   [00m [00;01;31m          GST_STATES gstbin.c:2479:gst_bin_element_set_state:<rtpstorage0>[00m current PAUSED pending VOID_PENDING, desired next PLAYING
0:00:01.001961771 [34m18843[00m 0xffff4c2d6000 [36mINFO   [00m [00;01;31m          GST_STATES gstelement.c:2806:gst_element_continue_state:<rtpstorage0>[00m completed state change to PLAYING
0:00:01.001970956 [34m18843[00m 0xffff4c2d6000 [36mINFO   [00m [00;01;31m          GST_STATES gstelement.c:2706:_priv_gst_element_state_changed:<rtpstorage0>[00m notifying about state-changed PAUSED to PLAYING (VOID_PENDING pending)
0:00:01.001983116 [34m18843[00m 0xffff4c2d6000 [36mINFO   [00m [00;01;31m          GST_STATES gstbin.c:2928:gst_bin_change_state_func:<manager>[00m child 'rtpstorage0' changed state to 4(PLAYING) successfully
0:00:01.001994956 [34m18843[00m 0xffff4c2d6000 [36mINFO   [00m [00;01;31m          GST_STATES gstbin.c:2479:gst_bin_element_set_state:<rtpsession0>[00m current PAUSED pending VOID_PENDING, desired next PLAYING
0:00:01.002064719 [34m18843[00m 0xffff38014ea0 [36mINFO   [00m [00m     rtpjitterbuffer gstrtpjitterbuffer.c:4004:do_deadline_timeout:<rtpjitterbuffer1>[00m got deadline timeout
0:00:01.002173650 [34m18843[00m 0xffff4c2d6000 [36mINFO   [00m [00;01;31m          GST_STATES gstelement.c:2806:gst_element_continue_state:<rtpsession0>[00m completed state change to PLAYING
0:00:01.002195347 [34m18843[00m 0xffff4c2d6000 [36mINFO   [00m [00;01;31m          GST_STATES gstelement.c:2706:_priv_gst_element_state_changed:<rtpsession0>[00m notifying about state-changed PAUSED to PLAYING (VOID_PENDING pending)
0:00:01.002242165 [34m18843[00m 0xffff4c2d6000 [36mINFO   [00m [00;01;31m          GST_STATES gstbin.c:2928:gst_bin_change_state_func:<manager>[00m child 'rtpsession0' changed state to 4(PLAYING) successfully
0:00:01.002258613 [34m18843[00m 0xffff4c2d6000 [36mINFO   [00m [00;01;31m          GST_STATES gstelement.c:2806:gst_element_continue_state:<manager>[00m completed state change to PLAYING
0:00:01.002269525 [34m18843[00m 0xffff4c2d6000 [36mINFO   [00m [00;01;31m          GST_STATES gstelement.c:2706:_priv_gst_element_state_changed:<manager>[00m notifying about state-changed PAUSED to PLAYING (VOID_PENDING pending)
0:00:01.002365401 [34m18843[00m 0xffff38014e40 [36mINFO   [00m [00;01;34m           GST_EVENT gstevent.c:892:gst_event_new_caps:[00m creating caps event application/x-rtp, media=(string)video, payload=(int)96, clock-rate=(int)90000, encoding-name=(string)H265, profile-space=(string)0, profile-id=(string)1, tier-flag=(string)0, level-id=(string)93, interop-constraints=(string)000000000000, sprop-vps=(string)QAEMAf//AWAAAAMAAAMAAAMAAAMAXawJ, sprop-sps=(string)"QgEBAWAAAAMAAAMAAAMAAAMAXaACgIAtFja5JMmuWcAgAAB9AAAMNQE\=", sprop-pps=(string)"RAHgdrAmQA\=\=", a-tool=(string)"LIVE555\ Streaming\ Media\ v2019.08.12", a-type=(string)broadcast, x-qt-text-nam=(string)"LIVE555\ Streaming\ Media\ v2019.08.12", x-qt-text-inf=(string)"LIVE555\ Streaming\ Media\ v2019.08.12", clock-base=(uint)3475103137, seqnum-base=(uint)37793, npt-start=(guint64)0, play-speed=(double)1, play-scale=(double)1, onvif-mode=(boolean)false, ssrc=(uint)1051385966
0:00:01.002415162 [34m18843[00m 0xffff38014e40 [36mINFO   [00m [00;01;37;41m    GST_ELEMENT_PADS gstelement.c:759:gst_element_add_pad:<rtpptdemux0>[00m adding pad 'src_96'
0:00:01.002496989 [34m18843[00m 0xffff38014e40 [36mINFO   [00m [00;01;31;44m            GST_PADS gstpad.c:2382:gst_pad_link_prepare:[00m trying to link rtpptdemux0:src_96 and recv_rtp_src_0_1051385966_96:proxypad3
0:00:01.002519230 [34m18843[00m 0xffff38014e40 [36mINFO   [00m [00;01;31;44m            GST_PADS gstpad.c:2590:gst_pad_link_full:[00m linked rtpptdemux0:src_96 and recv_rtp_src_0_1051385966_96:proxypad3, successful
0:00:01.002529854 [34m18843[00m 0xffff38014e40 [36mINFO   [00m [00;01;34m           GST_EVENT gstevent.c:1660:gst_event_new_reconfigure:[00m creating reconfigure event
0:00:01.002578208 [34m18843[00m 0xffff38014e40 [36mINFO   [00m [00;01;37;41m    GST_ELEMENT_PADS gstelement.c:759:gst_element_add_pad:<manager>[00m adding pad 'recv_rtp_src_0_1051385966_96'
0:00:01.002651778 [34m18843[00m 0xffff38014e40 [36mINFO   [00m [00;01;31;44m            GST_PADS gstpad.c:2382:gst_pad_link_prepare:[00m trying to link manager:recv_rtp_src_0_1051385966_96 and recv_rtp_src_0_1051385966_96:proxypad4
0:00:01.002669475 [34m18843[00m 0xffff38014e40 [36mINFO   [00m [00;01;31;44m            GST_PADS gstpad.c:2590:gst_pad_link_full:[00m linked manager:recv_rtp_src_0_1051385966_96 and recv_rtp_src_0_1051385966_96:proxypad4, successful
0:00:01.002678819 [34m18843[00m 0xffff38014e40 [36mINFO   [00m [00;01;34m           GST_EVENT gstevent.c:1660:gst_event_new_reconfigure:[00m creating reconfigure event
0:00:01.002711684 [34m18843[00m 0xffff38014e40 [36mINFO   [00m [00;01;37;41m    GST_ELEMENT_PADS gstelement.c:759:gst_element_add_pad:<rtspsrc0>[00m adding pad 'recv_rtp_src_0_1051385966_96'
0:00:01.002739813 [34m18843[00m 0xffff38014e40 [36mINFO   [00m [00;01;37;41m        GST_PIPELINE gst/parse/grammar.y:554:gst_parse_found_pad:[00m trying delayed linking one pad some pad of GstRTSPSrc named rtspsrc0 to some pad of GstRtpJitterBuffer named rtpjitterbuffer0
0:00:01.002755461 [34m18843[00m 0xffff38014e40 [36mINFO   [00m [00;01;37;41m    GST_ELEMENT_PADS gstutils.c:1816:gst_element_link_pads_full:[00m trying to link element rtspsrc0:(any) to element rtpjitterbuffer0:(any)
0:00:01.002771046 [34m18843[00m 0xffff38014e40 [36mINFO   [00m [00;01;31;44m            GST_PADS gstutils.c:1079:gst_pad_check_link:[00m trying to link rtspsrc0:recv_rtp_src_0_1051385966_96 and rtpjitterbuffer0:sink
0:00:01.002840680 [34m18843[00m 0xffff38014e40 [36mINFO   [00m [00;01;31;44m            GST_PADS gstutils.c:1632:prepare_link_maybe_ghosting:[00m rtspsrc0 and rtpjitterbuffer0 in same bin, no need for ghost pads
0:00:01.002946924 [34m18843[00m 0xffff38014e40 [36mINFO   [00m [00;01;31;44m            GST_PADS gstpad.c:2382:gst_pad_link_prepare:[00m trying to link rtspsrc0:recv_rtp_src_0_1051385966_96 and rtpjitterbuffer0:sink
0:00:01.003038959 [34m18843[00m 0xffff38014e40 [36mINFO   [00m [00;01;31;44m            GST_PADS gstpad.c:2590:gst_pad_link_full:[00m linked rtspsrc0:recv_rtp_src_0_1051385966_96 and rtpjitterbuffer0:sink, successful
0:00:01.003055343 [34m18843[00m 0xffff38014e40 [36mINFO   [00m [00;01;34m           GST_EVENT gstevent.c:1660:gst_event_new_reconfigure:[00m creating reconfigure event
0:00:01.003926060 [34m18843[00m 0xffff4c008360 [36mINFO   [00m [00;01;34m           GST_EVENT gstevent.c:892:gst_event_new_caps:[00m creating caps event video/x-h265, stream-format=(string)byte-stream, alignment=(string)au
0:00:01.004078801 [34m18843[00m 0xffff4c2d6000 [36mINFO   [00m [00;01;34m           GST_EVENT gstevent.c:892:gst_event_new_caps:[00m creating caps event application/x-rtp, media=(string)video, payload=(int)96, clock-rate=(int)90000, encoding-name=(string)H265, profile-space=(string)0, profile-id=(string)1, tier-flag=(string)0, level-id=(string)93, interop-constraints=(string)000000000000, sprop-vps=(string)QAEMAf//AWAAAAMAAAMAAAMAAAMAXawJ, sprop-sps=(string)"QgEBAWAAAAMAAAMAAAMAAAMAXaACgIAtFja5JMmuWcAgAAB9AAAMNQE\=", sprop-pps=(string)"RAHgdrAmQA\=\=", a-tool=(string)"LIVE555\ Streaming\ Media\ v2019.08.12", a-type=(string)broadcast, x-qt-text-nam=(string)"LIVE555\ Streaming\ Media\ v2019.08.12", x-qt-text-inf=(string)"LIVE555\ Streaming\ Media\ v2019.08.12", clock-base=(uint)3475103137, seqnum-base=(uint)37793, npt-start=(guint64)0, play-speed=(double)1, play-scale=(double)1, onvif-mode=(boolean)false
0:00:01.004213077 [34m18843[00m 0xffff4c2d6000 [36mINFO   [00m [00;01;34m           GST_EVENT gstevent.c:892:gst_event_new_caps:[00m creating caps event application/x-rtp, media=(string)video, payload=(int)96, clock-rate=(int)90000, encoding-name=(string)H265, profile-space=(string)0, profile-id=(string)1, tier-flag=(string)0, level-id=(string)93, interop-constraints=(string)000000000000, sprop-vps=(string)QAEMAf//AWAAAAMAAAMAAAMAAAMAXawJ, sprop-sps=(string)"QgEBAWAAAAMAAAMAAAMAAAMAXaACgIAtFja5JMmuWcAgAAB9AAAMNQE\=", sprop-pps=(string)"RAHgdrAmQA\=\=", a-tool=(string)"LIVE555\ Streaming\ Media\ v2019.08.12", a-type=(string)broadcast, x-qt-text-nam=(string)"LIVE555\ Streaming\ Media\ v2019.08.12", x-qt-text-inf=(string)"LIVE555\ Streaming\ Media\ v2019.08.12", clock-base=(uint)3475103137, seqnum-base=(uint)37793, npt-start=(guint64)0, play-speed=(double)1, play-scale=(double)1, onvif-mode=(boolean)false, ssrc=(uint)1051385966
0:00:01.004354522 [34m18843[00m 0xffff4c2d6000 [36mINFO   [00m [00m     rtpjitterbuffer rtpjitterbuffer.c:809:rtp_jitter_buffer_calculate_pts:[00m resync to time 0:00:00.913263233, rtptime 10:43:32.257077777
0:00:01.004523296 [34m18843[00m 0xffff38014e40 [36mINFO   [00m [00;01;34m           GST_EVENT gstevent.c:892:gst_event_new_caps:[00m creating caps event application/x-rtp, media=(string)video, payload=(int)96, clock-rate=(int)90000, encoding-name=(string)H265, profile-space=(string)0, profile-id=(string)1, tier-flag=(string)0, level-id=(string)93, interop-constraints=(string)000000000000, sprop-vps=(string)QAEMAf//AWAAAAMAAAMAAAMAAAMAXawJ, sprop-sps=(string)"QgEBAWAAAAMAAAMAAAMAAAMAXaACgIAtFja5JMmuWcAgAAB9AAAMNQE\=", sprop-pps=(string)"RAHgdrAmQA\=\=", a-tool=(string)"LIVE555\ Streaming\ Media\ v2019.08.12", a-type=(string)broadcast, x-qt-text-nam=(string)"LIVE555\ Streaming\ Media\ v2019.08.12", x-qt-text-inf=(string)"LIVE555\ Streaming\ Media\ v2019.08.12", clock-base=(uint)3475103137, seqnum-base=(uint)37793, npt-start=(guint64)0, play-speed=(double)1, play-scale=(double)1, onvif-mode=(boolean)false, ssrc=(uint)1051385966
0:00:01.004696773 [34m18843[00m 0xffff38014e40 [36mINFO   [00m [00m     rtpjitterbuffer rtpjitterbuffer.c:809:rtp_jitter_buffer_calculate_pts:[00m resync to time 0:00:00.913263233, rtptime 10:43:32.257077777
0:00:01.004747015 [34m18843[00m 0xffff4c008360 [36mINFO   [00m [00;01;34m           GST_EVENT gstevent.c:972:gst_event_new_segment:[00m creating segment event time segment start=0:00:00.913263233, offset=0:00:00.000000000, stop=99:99:99.999999999, rate=1.000000, applied_rate=1.000000, flags=0x00, time=0:00:00.000000000, base=0:00:00.913263233, position 0:00:00.913263233, duration 99:99:99.999999999
0:00:01.004777096 [34m18843[00m 0xffff4c008360 [32;01mFIXME  [00m [00m        rtph265depay gstrtph265depay.c:1287:gst_rtp_h265_depay_process:<rtph265depay0>[00m Assuming DONL field is not present
0:00:01.004841802 [34m18843[00m 0xffff4c008360 [32;01mFIXME  [00m [00m        rtph265depay gstrtph265depay.c:1287:gst_rtp_h265_depay_process:<rtph265depay0>[00m Assuming DONL field is not present
0:00:01.004862091 [34m18843[00m 0xffff4c008360 [32;01mFIXME  [00m [00m        rtph265depay gstrtph265depay.c:1287:gst_rtp_h265_depay_process:<rtph265depay0>[00m Assuming DONL field is not present
0:00:01.004884332 [34m18843[00m 0xffff4c008360 [32;01mFIXME  [00m [00m        rtph265depay gstrtph265depay.c:1287:gst_rtp_h265_depay_process:<rtph265depay0>[00m Assuming DONL field is not present
0:00:01.005001231 [34m18843[00m 0xffff4c0082a0 [36mINFO   [00m [00m           h265parse gsth265parse.c:2161:gst_h265_parse_update_src_caps:<h265parse0>[00m resolution changed 1280x720
0:00:01.005029328 [34m18843[00m 0xffff4c0082a0 [36mINFO   [00m [00m           h265parse gsth265parse.c:2192:gst_h265_parse_update_src_caps:<h265parse0>[00m framerate changed 25000/1000
0:00:01.005050929 [34m18843[00m 0xffff4c0082a0 [36mINFO   [00m [00m           h265parse gsth265parse.c:2274:gst_h265_parse_update_src_caps:<h265parse0>[00m setting framerate in caps
0:00:01.005073874 [34m18843[00m 0xffff4c0082a0 [36mINFO   [00m [00m           baseparse gstbaseparse.c:4088:gst_base_parse_set_latency:<h265parse0>[00m min/max latency 0:00:00.000000000, 0:00:00.000000000
0:00:01.005419901 [34m18843[00m 0xffff4c0082a0 [36mINFO   [00m [00;01;34m           GST_EVENT gstevent.c:892:gst_event_new_caps:[00m creating caps event video/x-h265, stream-format=(string)byte-stream, alignment=(string)au, width=(int)1280, height=(int)720, framerate=(fraction)25/1, chroma-format=(string)4:2:0, bit-depth-luma=(uint)8, bit-depth-chroma=(uint)8, parsed=(boolean)true, profile=(string)main, tier=(string)main, level=(string)3.1
NvMMLiteOpen : Block : BlockType = 279 
NvMMLiteBlockCreate : Block : BlockType = 279 
0:00:01.007819724 [34m18843[00m 0xffff4c0080c0 [36mINFO   [00m [00m                v4l2 gstv4l2object.c:3224:gst_v4l2_object_setup_pool:<nvv4l2decoder0:sink>[00m accessing buffers via mode 3
0:00:01.008064404 [34m18843[00m 0xffff4c0080c0 [36mINFO   [00m [00m      v4l2bufferpool gstv4l2bufferpool.c:841:gst_v4l2_buffer_pool_set_config:<nvv4l2decoder0:pool:sink>[00m increasing minimum buffers to 2
0:00:01.008091381 [34m18843[00m 0xffff4c0080c0 [36mINFO   [00m [00m      v4l2bufferpool gstv4l2bufferpool.c:848:gst_v4l2_buffer_pool_set_config:<nvv4l2decoder0:pool:sink>[00m increasing minimum buffers to 10
0:00:01.008103382 [34m18843[00m 0xffff4c0080c0 [36mINFO   [00m [00m      v4l2bufferpool gstv4l2bufferpool.c:855:gst_v4l2_buffer_pool_set_config:<nvv4l2decoder0:pool:sink>[00m reducing maximum buffers to 64
0:00:01.008177560 [34m18843[00m 0xffff4c0080c0 [36mINFO   [00m [00m        videodecoder gstvideodecoder.c:1633:gst_video_decoder_sink_event_default:<nvv4l2decoder0>[00m upstream tags: taglist, video-codec=(string)"H.265\ \(Main\ Profile\)";
0:00:01.044037173 [34m18843[00m 0xffff4c008360 [32;01mFIXME  [00m [00m        rtph265depay gstrtph265depay.c:1287:gst_rtp_h265_depay_process:<rtph265depay0>[00m Assuming DONL field is not present
0:00:01.044749869 [34m18843[00m 0xffff4c008360 [32;01mFIXME  [00m [00m        rtph265depay gstrtph265depay.c:1287:gst_rtp_h265_depay_process:<rtph265depay0>[00m Assuming DONL field is not present
0:00:01.045088344 [34m18843[00m 0xffff4c008360 [32;01mFIXME  [00m [00m        rtph265depay gstrtph265depay.c:1287:gst_rtp_h265_depay_process:<rtph265depay0>[00m Assuming DONL field is not present
0:00:01.045977365 [34m18843[00m 0xffff4c008360 [32;01mFIXME  [00m [00m        rtph265depay gstrtph265depay.c:1287:gst_rtp_h265_depay_process:<rtph265depay0>[00m Assuming DONL field is not present
0:00:01.046717901 [34m18843[00m 0xffff4c008360 [32;01mFIXME  [00m [00m        rtph265depay gstrtph265depay.c:1287:gst_rtp_h265_depay_process:<rtph265depay0>[00m Assuming DONL field is not present
0:00:01.047102234 [34m18843[00m 0xffff4c008360 [32;01mFIXME  [00m [00m        rtph265depay gstrtph265depay.c:1287:gst_rtp_h265_depay_process:<rtph265depay0>[00m Assuming DONL field is not present
0:00:01.047940054 [34m18843[00m 0xffff4c008360 [32;01mFIXME  [00m [00m        rtph265depay gstrtph265depay.c:1287:gst_rtp_h265_depay_process:<rtph265depay0>[00m Assuming DONL field is not present
0:00:01.048754449 [34m18843[00m 0xffff4c008360 [32;01mFIXME  [00m [00m        rtph265depay gstrtph265depay.c:1287:gst_rtp_h265_depay_process:<rtph265depay0>[00m Assuming DONL field is not present
0:00:01.049349988 [34m18843[00m 0xffff4c008360 [32;01mFIXME  [00m [00m        rtph265depay gstrtph265depay.c:1287:gst_rtp_h265_depay_process:<rtph265depay0>[00m Assuming DONL field is not present
0:00:01.050172895 [34m18843[00m 0xffff4c008360 [32;01mFIXME  [00m [00m        rtph265depay gstrtph265depay.c:1287:gst_rtp_h265_depay_process:<rtph265depay0>[00m Assuming DONL field is not present
0:00:01.050339493 [34m18843[00m 0xffff4c008360 [32;01mFIXME  [00m [00m        rtph265depay gstrtph265depay.c:1287:gst_rtp_h265_depay_process:<rtph265depay0>[00m Assuming DONL field is not present
0:00:01.051004315 [34m18843[00m 0xffff4c0082a0 [36mINFO   [00m [00m           h265parse gsth265parse.c:2274:gst_h265_parse_update_src_caps:<h265parse0>[00m setting framerate in caps
0:00:01.051072381 [34m18843[00m 0xffff4c0082a0 [36mINFO   [00m [00m           baseparse gstbaseparse.c:4088:gst_base_parse_set_latency:<h265parse0>[00m min/max latency 0:00:00.000000000, 0:00:00.000000000
0:00:01.098506967 [34m18843[00m 0xffff4c008360 [32;01mFIXME  [00m [00m        rtph265depay gstrtph265depay.c:1287:gst_rtp_h265_depay_process:<rtph265depay0>[00m Assuming DONL field is not present
0:00:01.124123107 [34m18843[00m 0xffff4c008360 [32;01mFIXME  [00m [00m        rtph265depay gstrtph265depay.c:1287:gst_rtp_h265_depay_process:<rtph265depay0>[00m Assuming DONL field is not present
0:00:01.152185119 [34m18843[00m 0xffff4c0080c0 [33;01mWARN   [00m [00m                v4l2 gstv4l2object.c:4682:gst_v4l2_object_probe_caps:<nvv4l2decoder0:src>[00m Failed to probe pixel aspect ratio with VIDIOC_CROPCAP: Unknown error -1
0:00:01.152422887 [34m18843[00m 0xffff4c0080c0 [36mINFO   [00m [00m                v4l2 gstv4l2object.c:4740:gst_v4l2_object_probe_caps:<nvv4l2decoder0:src>[00m probed caps: video/x-raw, format=(string)Y42B, width=(int)[ 48, 4096 ], height=(int)[ 48, 4096 ], framerate=(fraction)[ 0/1, 2147483647/1 ]; video/x-raw, format=(string)I420, width=(int)[ 48, 4096 ], height=(int)[ 48, 4096 ], framerate=(fraction)[ 0/1, 2147483647/1 ]; video/x-raw, format=(string)NV24, width=(int)[ 48, 4096 ], height=(int)[ 48, 4096 ], framerate=(fraction)[ 0/1, 2147483647/1 ]; video/x-raw, format=(string)NV12, width=(int)[ 48, 4096 ], height=(int)[ 48, 4096 ], framerate=(fraction)[ 0/1, 2147483647/1 ]
0:00:01.152908055 [34m18843[00m 0xffff4c0080c0 [36mINFO   [00m [00;01;34m           GST_EVENT gstevent.c:892:gst_event_new_caps:[00m creating caps event video/x-raw(memory:NVMM), format=(string)NV12, width=(int)1280, height=(int)720, interlace-mode=(string)progressive, multiview-mode=(string)mono, multiview-flags=(GstVideoMultiviewFlagsSet)0:ffffffff:/right-view-first/left-flipped/left-flopped/right-flipped/right-flopped/half-aspect/mixed-mono, pixel-aspect-ratio=(fraction)1/1, colorimetry=(string)bt601, framerate=(fraction)25/1, nvbuf-memory-type=(string)nvbuf-mem-surface-array, gpu-id=(int)0
0:00:01.153330597 [34m18843[00m 0xffff4c0080c0 [36mINFO   [00m [00;01;34m           GST_EVENT gstevent.c:892:gst_event_new_caps:[00m creating caps event video/x-raw, width=(int)1280, height=(int)720, interlace-mode=(string)progressive, multiview-mode=(string)mono, multiview-flags=(GstVideoMultiviewFlagsSet)0:ffffffff:/right-view-first/left-flipped/left-flopped/right-flipped/right-flopped/half-aspect/mixed-mono, pixel-aspect-ratio=(fraction)1/1, framerate=(fraction)25/1, nvbuf-memory-type=(string)nvbuf-mem-surface-array, gpu-id=(int)0, format=(string)BGRx, colorimetry=(string)1:1:16:4
0:00:01.154154496 [34m18843[00m 0xffff4c0080c0 [36mINFO   [00m [00m       basetransform gstbasetransform.c:1325:gst_base_transform_setcaps:<capsfilter0>[00m reuse caps
0:00:01.154211586 [34m18843[00m 0xffff4c0080c0 [36mINFO   [00m [00;01;34m           GST_EVENT gstevent.c:892:gst_event_new_caps:[00m creating caps event video/x-raw, width=(int)1280, height=(int)720, interlace-mode=(string)progressive, multiview-mode=(string)mono, multiview-flags=(GstVideoMultiviewFlagsSet)0:ffffffff:/right-view-first/left-flipped/left-flopped/right-flipped/right-flopped/half-aspect/mixed-mono, pixel-aspect-ratio=(fraction)1/1, framerate=(fraction)25/1, nvbuf-memory-type=(string)nvbuf-mem-surface-array, gpu-id=(int)0, format=(string)BGRx, colorimetry=(string)1:1:16:4
0:00:01.154707602 [34m18843[00m 0xffff4c0080c0 [36mINFO   [00m [00;01;34m           GST_EVENT gstevent.c:892:gst_event_new_caps:[00m creating caps event video/x-raw, width=(int)1280, height=(int)720, interlace-mode=(string)progressive, multiview-mode=(string)mono, multiview-flags=(GstVideoMultiviewFlagsSet)0:ffffffff:/right-view-first/left-flipped/left-flopped/right-flipped/right-flopped/half-aspect/mixed-mono, pixel-aspect-ratio=(fraction)1/1, framerate=(fraction)25/1, nvbuf-memory-type=(string)nvbuf-mem-surface-array, gpu-id=(int)0, format=(string)BGR, colorimetry=(string)1:1:16:4
0:00:01.154758548 [34m18843[00m 0xffff4c0080c0 [36mINFO   [00m [00m       basetransform gstbasetransform.c:1325:gst_base_transform_setcaps:<capsfilter1>[00m reuse caps
0:00:01.154802454 [34m18843[00m 0xffff4c0080c0 [36mINFO   [00m [00;01;34m           GST_EVENT gstevent.c:892:gst_event_new_caps:[00m creating caps event video/x-raw, width=(int)1280, height=(int)720, interlace-mode=(string)progressive, multiview-mode=(string)mono, multiview-flags=(GstVideoMultiviewFlagsSet)0:ffffffff:/right-view-first/left-flipped/left-flopped/right-flipped/right-flopped/half-aspect/mixed-mono, pixel-aspect-ratio=(fraction)1/1, framerate=(fraction)25/1, nvbuf-memory-type=(string)nvbuf-mem-surface-array, gpu-id=(int)0, format=(string)BGR, colorimetry=(string)1:1:16:4
0:00:01.154868312 [34m18843[00m 0xffff4c0080c0 [36mINFO   [00m [00;01;34m           GST_EVENT gstevent.c:892:gst_event_new_caps:[00m creating caps event video/x-raw, width=(int)1280, height=(int)720, interlace-mode=(string)progressive, multiview-mode=(string)mono, multiview-flags=(GstVideoMultiviewFlagsSet)0:ffffffff:/right-view-first/left-flipped/left-flopped/right-flipped/right-flopped/half-aspect/mixed-mono, pixel-aspect-ratio=(fraction)1/1, framerate=(fraction)25/1, nvbuf-memory-type=(string)nvbuf-mem-surface-array, gpu-id=(int)0, format=(string)BGR, colorimetry=(string)1:1:16:4
0:00:01.155312646 [34m18843[00m 0xffff4c0080c0 [36mINFO   [00m [00m                v4l2 gstv4l2object.c:3224:gst_v4l2_object_setup_pool:<nvv4l2decoder0:src>[00m accessing buffers via mode 2
0:00:01.155482380 [34m18843[00m 0xffff4c0080c0 [36mINFO   [00m [00m      v4l2bufferpool gstv4l2bufferpool.c:841:gst_v4l2_buffer_pool_set_config:<nvv4l2decoder0:pool:src>[00m increasing minimum buffers to 2
0:00:01.155520365 [34m18843[00m 0xffff4c0080c0 [36mINFO   [00m [00m      v4l2bufferpool gstv4l2bufferpool.c:848:gst_v4l2_buffer_pool_set_config:<nvv4l2decoder0:pool:src>[00m increasing minimum buffers to 7
0:00:01.155569455 [34m18843[00m 0xffff4c0080c0 [36mINFO   [00m [00m      v4l2bufferpool gstv4l2bufferpool.c:855:gst_v4l2_buffer_pool_set_config:<nvv4l2decoder0:pool:src>[00m reducing maximum buffers to 64
0:00:01.155589776 [34m18843[00m 0xffff4c0080c0 [36mINFO   [00m [00m      v4l2bufferpool gstv4l2bufferpool.c:878:gst_v4l2_buffer_pool_set_config:<nvv4l2decoder0:pool:src>[00m adding needed video meta
0:00:01.155642801 [34m18843[00m 0xffff4c0080c0 [36mINFO   [00m [00m      v4l2bufferpool gstv4l2bufferpool.c:855:gst_v4l2_buffer_pool_set_config:<nvv4l2decoder0:pool:src>[00m reducing maximum buffers to 64
0:00:01.155711732 [34m18843[00m 0xffff4c0080c0 [33;01mWARN   [00m [00m        v4l2videodec gstv4l2videodec.c:2297:gst_v4l2_video_dec_decide_allocation:<nvv4l2decoder0>[00m Duration invalid, not setting latency
0:00:01.163541749 [34m18843[00m 0xffff4c008360 [32;01mFIXME  [00m [00m        rtph265depay gstrtph265depay.c:1287:gst_rtp_h265_depay_process:<rtph265depay0>[00m Assuming DONL field is not present
0:00:01.179154136 [34m18843[00m 0xffff4c0080c0 [33;01mWARN   [00m [00m      v4l2bufferpool gstv4l2bufferpool.c:1130:gst_v4l2_buffer_pool_start:<nvv4l2decoder0:pool:src>[00m Uncertain or not enough buffers, enabling copy threshold
0:00:01.179593030 [34m18843[00m 0xffff4c0080c0 [36mINFO   [00m [00m                task gsttask.c:516:gst_task_set_lock:[00m setting stream lock 0xffff4c283a60 on task 0xffff38056cb0
0:00:01.179670793 [34m18843[00m 0xffff4c0080c0 [36mINFO   [00m [00;01;31;44m            GST_PADS gstpad.c:6291:gst_pad_start_task:<nvv4l2decoder0:src>[00m created task 0xffff38056cb0
0:00:01.194373229 [34m18843[00m 0xffff3806f120 [33;01mWARN   [00m [00m      v4l2bufferpool gstv4l2bufferpool.c:1607:gst_v4l2_buffer_pool_dqbuf:<nvv4l2decoder0:pool:src>[00m Driver should never set v4l2_buffer.field to ANY
0:00:01.195005986 [34m18843[00m 0xffff3806f120 [36mINFO   [00m [00m        videodecoder gstvideodecoder.c:3720:gst_video_decoder_clip_and_push_buf:<nvv4l2decoder0>[00m First buffer since flush took 0:00:01.105495006 to produce
0:00:01.203620478 [34m18843[00m 0xffff4c008360 [32;01mFIXME  [00m [00m        rtph265depay gstrtph265depay.c:1287:gst_rtp_h265_depay_process:<rtph265depay0>[00m Assuming DONL field is not present
0:00:01.243837098 [34m18843[00m 0xffff4c008360 [32;01mFIXME  [00m [00m        rtph265depay gstrtph265depay.c:1287:gst_rtp_h265_depay_process:<rtph265depay0>[00m Assuming DONL field is not present
0:00:01.284056375 [34m18843[00m 0xffff4c008360 [32;01mFIXME  [00m [00m        rtph265depay gstrtph265depay.c:1287:gst_rtp_h265_depay_process:<rtph265depay0>[00m Assuming DONL field is not present
0:00:01.322528234 [34m18843[00m 0xffff3806f120 [36mINFO   [00m [00;01;31m          GST_STATES gstbin.c:3406:bin_handle_async_done:<pipeline0>[00m setting state from PAUSED to PAUSED, pending PLAYING
0:00:01.322636750 [34m18843[00m 0xffff3806f120 [36mINFO   [00m [00;01;31m          GST_STATES gstbin.c:3428:bin_handle_async_done:<pipeline0>[00m continue state change, pending PLAYING
0:00:01.322993050 [34m18843[00m 0xffff1129c800 [36mINFO   [00m [00;01;31m          GST_STATES gstbin.c:3224:gst_bin_continue_func:<pipeline0>[00m continue state change PAUSED to PLAYING, final PLAYING
0:00:01.323237794 [34m18843[00m 0xffff1129c800 [36mINFO   [00m [00;01;34m           GST_EVENT gstevent.c:1530:gst_event_new_latency:[00m creating latency event 0:00:00.000000000
0:00:01.323327205 [34m18843[00m 0xffff1129c800 [36mINFO   [00m [00;01m                 bin gstbin.c:2759:gst_bin_do_latency_func:<pipeline0>[00m configured latency of 0:00:00.000000000
0:00:01.323385606 [34m18843[00m 0xffff1129c800 [36mINFO   [00m [00;01;31m          GST_STATES gstbin.c:2479:gst_bin_element_set_state:<appsink0>[00m current PAUSED pending VOID_PENDING, desired next PLAYING
0:00:01.323421704 [34m18843[00m 0xffff1129c800 [36mINFO   [00m [00;01;31m          GST_STATES gstelement.c:2806:gst_element_continue_state:<appsink0>[00m completed state change to PLAYING
0:00:01.323469961 [34m18843[00m 0xffff1129c800 [36mINFO   [00m [00;01;31m          GST_STATES gstelement.c:2706:_priv_gst_element_state_changed:<appsink0>[00m notifying about state-changed PAUSED to PLAYING (VOID_PENDING pending)
0:00:01.323500234 [34m18843[00m 0xffff1129c800 [36mINFO   [00m [00;01;31m          GST_STATES gstbin.c:2928:gst_bin_change_state_func:<pipeline0>[00m child 'appsink0' changed state to 4(PLAYING) successfully
0:00:01.323518475 [34m18843[00m 0xffff1129c800 [36mINFO   [00m [00;01;31m          GST_STATES gstbin.c:2479:gst_bin_element_set_state:<capsfilter1>[00m current PLAYING pending VOID_PENDING, desired next PLAYING
0:00:01.323529003 [34m18843[00m 0xffff1129c800 [36mINFO   [00m [00;01;31m          GST_STATES gstbin.c:2597:gst_bin_element_set_state:<capsfilter1>[00m skipping transition from PLAYING to  PLAYING
0:00:01.323538828 [34m18843[00m 0xffff1129c800 [36mINFO   [00m [00;01;31m          GST_STATES gstbin.c:2928:gst_bin_change_state_func:<pipeline0>[00m child 'capsfilter1' changed state to 4(PLAYING) successfully
0:00:01.323551628 [34m18843[00m 0xffff1129c800 [36mINFO   [00m [00;01;31m          GST_STATES gstbin.c:2479:gst_bin_element_set_state:<videoconvert0>[00m current PLAYING pending VOID_PENDING, desired next PLAYING
0:00:01.323560780 [34m18843[00m 0xffff1129c800 [36mINFO   [00m [00;01;31m          GST_STATES gstbin.c:2597:gst_bin_element_set_state:<videoconvert0>[00m skipping transition from PLAYING to  PLAYING
0:00:01.323576589 [34m18843[00m 0xffff1129c800 [36mINFO   [00m [00;01;31m          GST_STATES gstbin.c:2928:gst_bin_change_state_func:<pipeline0>[00m child 'videoconvert0' changed state to 4(PLAYING) successfully
0:00:01.323590541 [34m18843[00m 0xffff1129c800 [36mINFO   [00m [00;01;31m          GST_STATES gstbin.c:2479:gst_bin_element_set_state:<capsfilter0>[00m current PLAYING pending VOID_PENDING, desired next PLAYING
0:00:01.323599790 [34m18843[00m 0xffff1129c800 [36mINFO   [00m [00;01;31m          GST_STATES gstbin.c:2597:gst_bin_element_set_state:<capsfilter0>[00m skipping transition from PLAYING to  PLAYING
0:00:01.323609230 [34m18843[00m 0xffff1129c800 [36mINFO   [00m [00;01;31m          GST_STATES gstbin.c:2928:gst_bin_change_state_func:<pipeline0>[00m child 'capsfilter0' changed state to 4(PLAYING) successfully
0:00:01.323621262 [34m18843[00m 0xffff1129c800 [36mINFO   [00m [00;01;31m          GST_STATES gstbin.c:2479:gst_bin_element_set_state:<nvvconv0>[00m current PLAYING pending VOID_PENDING, desired next PLAYING
0:00:01.323629807 [34m18843[00m 0xffff1129c800 [36mINFO   [00m [00;01;31m          GST_STATES gstbin.c:2597:gst_bin_element_set_state:<nvvconv0>[00m skipping transition from PLAYING to  PLAYING
0:00:01.323638511 [34m18843[00m 0xffff1129c800 [36mINFO   [00m [00;01;31m          GST_STATES gstbin.c:2928:gst_bin_change_state_func:<pipeline0>[00m child 'nvvconv0' changed state to 4(PLAYING) successfully
0:00:01.323649807 [34m18843[00m 0xffff1129c800 [36mINFO   [00m [00;01;31m          GST_STATES gstbin.c:2479:gst_bin_element_set_state:<nvv4l2decoder0>[00m current PLAYING pending VOID_PENDING, desired next PLAYING
0:00:01.323658351 [34m18843[00m 0xffff1129c800 [36mINFO   [00m [00;01;31m          GST_STATES gstbin.c:2597:gst_bin_element_set_state:<nvv4l2decoder0>[00m skipping transition from PLAYING to  PLAYING
0:00:01.323667184 [34m18843[00m 0xffff1129c800 [36mINFO   [00m [00;01;31m          GST_STATES gstbin.c:2928:gst_bin_change_state_func:<pipeline0>[00m child 'nvv4l2decoder0' changed state to 4(PLAYING) successfully
0:00:01.323677776 [34m18843[00m 0xffff1129c800 [36mINFO   [00m [00;01;31m          GST_STATES gstbin.c:2479:gst_bin_element_set_state:<queue1>[00m current PLAYING pending VOID_PENDING, desired next PLAYING
0:00:01.323686128 [34m18843[00m 0xffff1129c800 [36mINFO   [00m [00;01;31m          GST_STATES gstbin.c:2597:gst_bin_element_set_state:<queue1>[00m skipping transition from PLAYING to  PLAYING
0:00:01.323707697 [34m18843[00m 0xffff1129c800 [36mINFO   [00m [00;01;31m          GST_STATES gstbin.c:2928:gst_bin_change_state_func:<pipeline0>[00m child 'queue1' changed state to 4(PLAYING) successfully
0:00:01.323722130 [34m18843[00m 0xffff1129c800 [36mINFO   [00m [00;01;31m          GST_STATES gstbin.c:2479:gst_bin_element_set_state:<h265parse0>[00m current PLAYING pending VOID_PENDING, desired next PLAYING
0:00:01.323731026 [34m18843[00m 0xffff1129c800 [36mINFO   [00m [00;01;31m          GST_STATES gstbin.c:2597:gst_bin_element_set_state:<h265parse0>[00m skipping transition from PLAYING to  PLAYING
0:00:01.323739794 [34m18843[00m 0xffff1129c800 [36mINFO   [00m [00;01;31m          GST_STATES gstbin.c:2928:gst_bin_change_state_func:<pipeline0>[00m child 'h265parse0' changed state to 4(PLAYING) successfully
0:00:01.323750290 [34m18843[00m 0xffff1129c800 [36mINFO   [00m [00;01;31m          GST_STATES gstbin.c:2479:gst_bin_element_set_state:<queue0>[00m current PLAYING pending VOID_PENDING, desired next PLAYING
0:00:01.323758611 [34m18843[00m 0xffff1129c800 [36mINFO   [00m [00;01;31m          GST_STATES gstbin.c:2597:gst_bin_element_set_state:<queue0>[00m skipping transition from PLAYING to  PLAYING
0:00:01.323767571 [34m18843[00m 0xffff1129c800 [36mINFO   [00m [00;01;31m          GST_STATES gstbin.c:2928:gst_bin_change_state_func:<pipeline0>[00m child 'queue0' changed state to 4(PLAYING) successfully
0:00:01.323778707 [34m18843[00m 0xffff1129c800 [36mINFO   [00m [00;01;31m          GST_STATES gstbin.c:2479:gst_bin_element_set_state:<rtph265depay0>[00m current PLAYING pending VOID_PENDING, desired next PLAYING
0:00:01.323787028 [34m18843[00m 0xffff1129c800 [36mINFO   [00m [00;01;31m          GST_STATES gstbin.c:2597:gst_bin_element_set_state:<rtph265depay0>[00m skipping transition from PLAYING to  PLAYING
0:00:01.323795540 [34m18843[00m 0xffff1129c800 [36mINFO   [00m [00;01;31m          GST_STATES gstbin.c:2928:gst_bin_change_state_func:<pipeline0>[00m child 'rtph265depay0' changed state to 4(PLAYING) successfully
0:00:01.323806356 [34m18843[00m 0xffff1129c800 [36mINFO   [00m [00;01;31m          GST_STATES gstbin.c:2479:gst_bin_element_set_state:<rtpjitterbuffer0>[00m current PLAYING pending VOID_PENDING, desired next PLAYING
0:00:01.323814773 [34m18843[00m 0xffff1129c800 [36mINFO   [00m [00;01;31m          GST_STATES gstbin.c:2597:gst_bin_element_set_state:<rtpjitterbuffer0>[00m skipping transition from PLAYING to  PLAYING
0:00:01.323823477 [34m18843[00m 0xffff1129c800 [36mINFO   [00m [00;01;31m          GST_STATES gstbin.c:2928:gst_bin_change_state_func:<pipeline0>[00m child 'rtpjitterbuffer0' changed state to 4(PLAYING) successfully
0:00:01.323834997 [34m18843[00m 0xffff1129c800 [36mINFO   [00m [00;01;31m          GST_STATES gstbin.c:2479:gst_bin_element_set_state:<rtspsrc0>[00m current PLAYING pending VOID_PENDING, desired next PLAYING
0:00:01.323856374 [34m18843[00m 0xffff1129c800 [36mINFO   [00m [00;01;31m          GST_STATES gstbin.c:2928:gst_bin_change_state_func:<rtspsrc0>[00m child 'manager' changed state to 4(PLAYING) successfully
0:00:01.323868246 [34m18843[00m 0xffff1129c800 [36mINFO   [00m [00;01;31m          GST_STATES gstelement.c:2806:gst_element_continue_state:<rtspsrc0>[00m completed state change to PLAYING
0:00:01.323879159 [34m18843[00m 0xffff1129c800 [36mINFO   [00m [00;01;31m          GST_STATES gstbin.c:2928:gst_bin_change_state_func:<pipeline0>[00m child 'rtspsrc0' changed state to 4(PLAYING) successfully
0:00:01.323890167 [34m18843[00m 0xffff1129c800 [36mINFO   [00m [00;01;31m          GST_STATES gstelement.c:2806:gst_element_continue_state:<pipeline0>[00m completed state change to PLAYING
0:00:01.323899607 [34m18843[00m 0xffff1129c800 [36mINFO   [00m [00;01;31m          GST_STATES gstelement.c:2706:_priv_gst_element_state_changed:<pipeline0>[00m notifying about state-changed PAUSED to PLAYING (VOID_PENDING pending)
0:00:01.324035292 [34m18843[00m 0xffff4c008360 [32;01mFIXME  [00m [00m        rtph265depay gstrtph265depay.c:1287:gst_rtp_h265_depay_process:<rtph265depay0>[00m Assuming DONL field is not present
[ WARN:0] global ./modules/videoio/src/cap_gstreamer.cpp (1063) open OpenCV | GStreamer warning: unable to query duration of stream
0:00:01.324224258 [34m18843[00m 0xffff4c005e00 [36mINFO   [00m [00;01;37;41m    GST_ELEMENT_PADS gstelement.c:1016:gst_element_get_static_pad:[00m found pad appsink0:sink
[ WARN:0] global ./modules/videoio/src/cap_gstreamer.cpp (1100) open OpenCV | GStreamer warning: Cannot query video position: status=1, value=2, duration=-1
0:00:01.324452906 [34m18843[00m 0xffff4c005e00 [36mINFO   [00m [00;01;31m          GST_STATES gstbin.c:2069:gst_bin_get_state_func:<pipeline0>[00m getting state
0:00:01.326572847 [34m18843[00m 0xffff4c005e00 [36mINFO   [00m [00;01;31m          GST_STATES gstbin.c:2069:gst_bin_get_state_func:<pipeline0>[00m getting state
0:00:01.326752885 [34m18843[00m 0xffff4c005e00 [36mINFO   [00m [00;01;31m          GST_STATES gstbin.c:2479:gst_bin_element_set_state:<appsink0>[00m current PLAYING pending VOID_PENDING, desired next PAUSED
0:00:01.326798071 [34m18843[00m 0xffff4c005e00 [36mINFO   [00m [00;01;31m          GST_STATES gstbin.c:2935:gst_bin_change_state_func:<pipeline0>[00m child 'appsink0' is changing state asynchronously to PAUSED
0:00:01.326818168 [34m18843[00m 0xffff4c005e00 [36mINFO   [00m [00;01;31m          GST_STATES gstbin.c:2479:gst_bin_element_set_state:<capsfilter1>[00m current PLAYING pending VOID_PENDING, desired next PAUSED
0:00:01.326834232 [34m18843[00m 0xffff4c005e00 [36mINFO   [00m [00;01;31m          GST_STATES gstelement.c:2806:gst_element_continue_state:<capsfilter1>[00m completed state change to PAUSED
0:00:01.326848345 [34m18843[00m 0xffff4c005e00 [36mINFO   [00m [00;01;31m          GST_STATES gstelement.c:2706:_priv_gst_element_state_changed:<capsfilter1>[00m notifying about state-changed PLAYING to PAUSED (VOID_PENDING pending)
0:00:01.326899290 [34m18843[00m 0xffff4c005e00 [36mINFO   [00m [00;01;31m          GST_STATES gstbin.c:2928:gst_bin_change_state_func:<pipeline0>[00m child 'capsfilter1' changed state to 3(PAUSED) successfully
0:00:01.326916635 [34m18843[00m 0xffff4c005e00 [36mINFO   [00m [00;01;31m          GST_STATES gstbin.c:2479:gst_bin_element_set_state:<videoconvert0>[00m current PLAYING pending VOID_PENDING, desired next PAUSED
0:00:01.326929563 [34m18843[00m 0xffff4c005e00 [36mINFO   [00m [00;01;31m          GST_STATES gstelement.c:2806:gst_element_continue_state:<videoconvert0>[00m completed state change to PAUSED
0:00:01.326941116 [34m18843[00m 0xffff4c005e00 [36mINFO   [00m [00;01;31m          GST_STATES gstelement.c:2706:_priv_gst_element_state_changed:<videoconvert0>[00m notifying about state-changed PLAYING to PAUSED (VOID_PENDING pending)
0:00:01.326956476 [34m18843[00m 0xffff4c005e00 [36mINFO   [00m [00;01;31m          GST_STATES gstbin.c:2928:gst_bin_change_state_func:<pipeline0>[00m child 'videoconvert0' changed state to 3(PAUSED) successfully
0:00:01.326970653 [34m18843[00m 0xffff4c005e00 [36mINFO   [00m [00;01;31m          GST_STATES gstbin.c:2479:gst_bin_element_set_state:<capsfilter0>[00m current PLAYING pending VOID_PENDING, desired next PAUSED
0:00:01.326982301 [34m18843[00m 0xffff4c005e00 [36mINFO   [00m [00;01;31m          GST_STATES gstelement.c:2806:gst_element_continue_state:<capsfilter0>[00m completed state change to PAUSED
0:00:01.326993501 [34m18843[00m 0xffff4c005e00 [36mINFO   [00m [00;01;31m          GST_STATES gstelement.c:2706:_priv_gst_element_state_changed:<capsfilter0>[00m notifying about state-changed PLAYING to PAUSED (VOID_PENDING pending)
0:00:01.327007134 [34m18843[00m 0xffff4c005e00 [36mINFO   [00m [00;01;31m          GST_STATES gstbin.c:2928:gst_bin_change_state_func:<pipeline0>[00m child 'capsfilter0' changed state to 3(PAUSED) successfully
0:00:01.327021246 [34m18843[00m 0xffff4c005e00 [36mINFO   [00m [00;01;31m          GST_STATES gstbin.c:2479:gst_bin_element_set_state:<nvvconv0>[00m current PLAYING pending VOID_PENDING, desired next PAUSED
0:00:01.327075456 [34m18843[00m 0xffff4c005e00 [36mINFO   [00m [00;01;31m          GST_STATES gstelement.c:2806:gst_element_continue_state:<nvvconv0>[00m completed state change to PAUSED
0:00:01.327087616 [34m18843[00m 0xffff4c005e00 [36mINFO   [00m [00;01;31m          GST_STATES gstelement.c:2706:_priv_gst_element_state_changed:<nvvconv0>[00m notifying about state-changed PLAYING to PAUSED (VOID_PENDING pending)
0:00:01.327101889 [34m18843[00m 0xffff4c005e00 [36mINFO   [00m [00;01;31m          GST_STATES gstbin.c:2928:gst_bin_change_state_func:<pipeline0>[00m child 'nvvconv0' changed state to 3(PAUSED) successfully
0:00:01.327116065 [34m18843[00m 0xffff4c005e00 [36mINFO   [00m [00;01;31m          GST_STATES gstbin.c:2479:gst_bin_element_set_state:<nvv4l2decoder0>[00m current PLAYING pending VOID_PENDING, desired next PAUSED
0:00:01.327132770 [34m18843[00m 0xffff4c005e00 [36mINFO   [00m [00;01;31m          GST_STATES gstelement.c:2806:gst_element_continue_state:<nvv4l2decoder0>[00m completed state change to PAUSED
0:00:01.327145218 [34m18843[00m 0xffff4c005e00 [36mINFO   [00m [00;01;31m          GST_STATES gstelement.c:2706:_priv_gst_element_state_changed:<nvv4l2decoder0>[00m notifying about state-changed PLAYING to PAUSED (VOID_PENDING pending)
0:00:01.327158851 [34m18843[00m 0xffff4c005e00 [36mINFO   [00m [00;01;31m          GST_STATES gstbin.c:2928:gst_bin_change_state_func:<pipeline0>[00m child 'nvv4l2decoder0' changed state to 3(PAUSED) successfully
0:00:01.327172259 [34m18843[00m 0xffff4c005e00 [36mINFO   [00m [00;01;31m          GST_STATES gstbin.c:2479:gst_bin_element_set_state:<queue1>[00m current PLAYING pending VOID_PENDING, desired next PAUSED
0:00:01.327184196 [34m18843[00m 0xffff4c005e00 [36mINFO   [00m [00;01;31m          GST_STATES gstelement.c:2806:gst_element_continue_state:<queue1>[00m completed state change to PAUSED
0:00:01.327194788 [34m18843[00m 0xffff4c005e00 [36mINFO   [00m [00;01;31m          GST_STATES gstelement.c:2706:_priv_gst_element_state_changed:<queue1>[00m notifying about state-changed PLAYING to PAUSED (VOID_PENDING pending)
0:00:01.327207940 [34m18843[00m 0xffff4c005e00 [36mINFO   [00m [00;01;31m          GST_STATES gstbin.c:2928:gst_bin_change_state_func:<pipeline0>[00m child 'queue1' changed state to 3(PAUSED) successfully
0:00:01.327221349 [34m18843[00m 0xffff4c005e00 [36mINFO   [00m [00;01;31m          GST_STATES gstbin.c:2479:gst_bin_element_set_state:<h265parse0>[00m current PLAYING pending VOID_PENDING, desired next PAUSED
0:00:01.327234693 [34m18843[00m 0xffff4c005e00 [36mINFO   [00m [00;01;31m          GST_STATES gstelement.c:2806:gst_element_continue_state:<h265parse0>[00m completed state change to PAUSED
0:00:01.327245318 [34m18843[00m 0xffff4c005e00 [36mINFO   [00m [00;01;31m          GST_STATES gstelement.c:2706:_priv_gst_element_state_changed:<h265parse0>[00m notifying about state-changed PLAYING to PAUSED (VOID_PENDING pending)
0:00:01.327257926 [34m18843[00m 0xffff4c005e00 [36mINFO   [00m [00;01;31m          GST_STATES gstbin.c:2928:gst_bin_change_state_func:<pipeline0>[00m child 'h265parse0' changed state to 3(PAUSED) successfully
0:00:01.327271206 [34m18843[00m 0xffff4c005e00 [36mINFO   [00m [00;01;31m          GST_STATES gstbin.c:2479:gst_bin_element_set_state:<queue0>[00m current PLAYING pending VOID_PENDING, desired next PAUSED
0:00:01.327282375 [34m18843[00m 0xffff4c005e00 [36mINFO   [00m [00;01;31m          GST_STATES gstelement.c:2806:gst_element_continue_state:<queue0>[00m completed state change to PAUSED
0:00:01.327292487 [34m18843[00m 0xffff4c005e00 [36mINFO   [00m [00;01;31m          GST_STATES gstelement.c:2706:_priv_gst_element_state_changed:<queue0>[00m notifying about state-changed PLAYING to PAUSED (VOID_PENDING pending)
0:00:01.327305672 [34m18843[00m 0xffff4c005e00 [36mINFO   [00m [00;01;31m          GST_STATES gstbin.c:2928:gst_bin_change_state_func:<pipeline0>[00m child 'queue0' changed state to 3(PAUSED) successfully
0:00:01.327329544 [34m18843[00m 0xffff4c005e00 [36mINFO   [00m [00;01;31m          GST_STATES gstbin.c:2479:gst_bin_element_set_state:<rtph265depay0>[00m current PLAYING pending VOID_PENDING, desired next PAUSED
0:00:01.327344905 [34m18843[00m 0xffff4c005e00 [36mINFO   [00m [00;01;31m          GST_STATES gstelement.c:2806:gst_element_continue_state:<rtph265depay0>[00m completed state change to PAUSED
0:00:01.327355753 [34m18843[00m 0xffff4c005e00 [36mINFO   [00m [00;01;31m          GST_STATES gstelement.c:2706:_priv_gst_element_state_changed:<rtph265depay0>[00m notifying about state-changed PLAYING to PAUSED (VOID_PENDING pending)
0:00:01.327369994 [34m18843[00m 0xffff4c005e00 [36mINFO   [00m [00;01;31m          GST_STATES gstbin.c:2928:gst_bin_change_state_func:<pipeline0>[00m child 'rtph265depay0' changed state to 3(PAUSED) successfully
0:00:01.327384234 [34m18843[00m 0xffff4c005e00 [36mINFO   [00m [00;01;31m          GST_STATES gstbin.c:2479:gst_bin_element_set_state:<rtpjitterbuffer0>[00m current PLAYING pending VOID_PENDING, desired next PAUSED
0:00:01.327399467 [34m18843[00m 0xffff4c005e00 [36mINFO   [00m [00;01;31m          GST_STATES gstelement.c:2806:gst_element_continue_state:<rtpjitterbuffer0>[00m completed state change to PAUSED
0:00:01.327410219 [34m18843[00m 0xffff4c005e00 [36mINFO   [00m [00;01;31m          GST_STATES gstelement.c:2706:_priv_gst_element_state_changed:<rtpjitterbuffer0>[00m notifying about state-changed PLAYING to PAUSED (VOID_PENDING pending)
0:00:01.327424332 [34m18843[00m 0xffff4c005e00 [36mINFO   [00m [00;01;31m          GST_STATES gstbin.c:2971:gst_bin_change_state_func:<pipeline0>[00m child 'rtpjitterbuffer0' changed state to 3(PAUSED) successfully without preroll
0:00:01.327436684 [34m18843[00m 0xffff4c005e00 [36mINFO   [00m [00;01;31m          GST_STATES gstbin.c:2479:gst_bin_element_set_state:<rtspsrc0>[00m current PLAYING pending VOID_PENDING, desired next PAUSED
0:00:01.327547312 [34m18843[00m 0xffff4c2d6000 [36mINFO   [00m [00m                task gsttask.c:368:gst_task_func:<task0>[00m Task going to paused
0:00:01.327562800 [34m18843[00m 0xffff4c005e00 [36mINFO   [00m [00;01;31m          GST_STATES gstbin.c:2928:gst_bin_change_state_func:<rtspsrc0>[00m child 'manager' changed state to 3(PAUSED) successfully
0:00:01.327622450 [34m18843[00m 0xffff4c005e00 [36mINFO   [00m [00;01;31m          GST_STATES gstelement.c:2806:gst_element_continue_state:<rtspsrc0>[00m completed state change to PAUSED
0:00:01.327635954 [34m18843[00m 0xffff4c2d6000 [36mINFO   [00m [00m                task gsttask.c:370:gst_task_func:<task0>[00m Task resume from paused
0:00:01.327638451 [34m18843[00m 0xffff4c005e00 [36mINFO   [00m [00;01;31m          GST_STATES gstelement.c:2706:_priv_gst_element_state_changed:<rtspsrc0>[00m notifying about state-changed PLAYING to PAUSED (VOID_PENDING pending)
0:00:01.327679860 [34m18843[00m 0xffff4c005e00 [36mINFO   [00m [00;01;31m          GST_STATES gstbin.c:2928:gst_bin_change_state_func:<pipeline0>[00m child 'rtspsrc0' changed state to 3(PAUSED) successfully
0:00:01.327697749 [34m18843[00m 0xffff4c005e00 [36mINFO   [00m [00;01m            pipeline gstpipeline.c:533:gst_pipeline_change_state:<pipeline0>[00m pipeline is live
0:00:01.327714645 [34m18843[00m 0xffff4c005e00 [36mINFO   [00m [00;01;31m          GST_STATES gstelement.c:2778:gst_element_continue_state:<pipeline0>[00m committing state from PLAYING to PAUSED, pending NULL, next READY
0:00:01.327726517 [34m18843[00m 0xffff4c005e00 [36mINFO   [00m [00;01;31m          GST_STATES gstelement.c:2706:_priv_gst_element_state_changed:<pipeline0>[00m notifying about state-changed PLAYING to PAUSED (NULL pending)
0:00:01.327740278 [34m18843[00m 0xffff4c005e00 [36mINFO   [00m [00;01;31m          GST_STATES gstelement.c:2786:gst_element_continue_state:<pipeline0>[00m continue state change PAUSED to READY, final NULL
0:00:01.327781687 [34m18843[00m 0xffff4c005e00 [36mINFO   [00m [00;01;31m          GST_STATES gstbin.c:2479:gst_bin_element_set_state:<appsink0>[00m current PLAYING pending PAUSED, desired next READY
0:00:01.327827929 [34m18843[00m 0xffff4c005e00 [36mINFO   [00m [00;01;31m          GST_STATES gstelement.c:2806:gst_element_continue_state:<appsink0>[00m completed state change to READY
0:00:01.327843449 [34m18843[00m 0xffff4c005e00 [36mINFO   [00m [00;01;31m          GST_STATES gstelement.c:2706:_priv_gst_element_state_changed:<appsink0>[00m notifying about state-changed PLAYING to READY (VOID_PENDING pending)
0:00:01.327858618 [34m18843[00m 0xffff4c005e00 [36mINFO   [00m [00;01;31m          GST_STATES gstbin.c:2928:gst_bin_change_state_func:<pipeline0>[00m child 'appsink0' changed state to 2(READY) successfully
0:00:01.327873530 [34m18843[00m 0xffff4c005e00 [36mINFO   [00m [00;01;31m          GST_STATES gstbin.c:2479:gst_bin_element_set_state:<capsfilter1>[00m current PAUSED pending VOID_PENDING, desired next READY
0:00:01.327907867 [34m18843[00m 0xffff4c005e00 [36mINFO   [00m [00;01;31m          GST_STATES gstelement.c:2806:gst_element_continue_state:<capsfilter1>[00m completed state change to READY
0:00:01.327921372 [34m18843[00m 0xffff4c005e00 [36mINFO   [00m [00;01;31m          GST_STATES gstelement.c:2706:_priv_gst_element_state_changed:<capsfilter1>[00m notifying about state-changed PAUSED to READY (VOID_PENDING pending)
0:00:01.327935612 [34m18843[00m 0xffff4c005e00 [36mINFO   [00m [00;01;31m          GST_STATES gstbin.c:2928:gst_bin_change_state_func:<pipeline0>[00m child 'capsfilter1' changed state to 2(READY) successfully
0:00:01.327949405 [34m18843[00m 0xffff4c005e00 [36mINFO   [00m [00;01;31m          GST_STATES gstbin.c:2479:gst_bin_element_set_state:<videoconvert0>[00m current PAUSED pending VOID_PENDING, desired next READY
0:00:01.328740439 [34m18843[00m 0xffff4c2d6000 [36mINFO   [00m [00;01;31m          GST_STATES gstbin.c:2479:gst_bin_element_set_state:<rtpptdemux0>[00m current PLAYING pending VOID_PENDING, desired next PAUSED
0:00:01.328779096 [34m18843[00m 0xffff4c2d6000 [36mINFO   [00m [00;01;31m          GST_STATES gstelement.c:2806:gst_element_continue_state:<rtpptdemux0>[00m completed state change to PAUSED
0:00:01.328795577 [34m18843[00m 0xffff4c2d6000 [36mINFO   [00m [00;01;31m          GST_STATES gstelement.c:2706:_priv_gst_element_state_changed:<rtpptdemux0>[00m notifying about state-changed PLAYING to PAUSED (VOID_PENDING pending)
0:00:01.328819961 [34m18843[00m 0xffff4c2d6000 [36mINFO   [00m [00;01;31m          GST_STATES gstbin.c:2928:gst_bin_change_state_func:<manager>[00m child 'rtpptdemux0' changed state to 3(PAUSED) successfully
0:00:01.328837146 [34m18843[00m 0xffff4c2d6000 [36mINFO   [00m [00;01;31m          GST_STATES gstbin.c:2479:gst_bin_element_set_state:<rtpjitterbuffer1>[00m current PLAYING pending VOID_PENDING, desired next PAUSED
0:00:01.328852155 [34m18843[00m 0xffff4c2d6000 [36mINFO   [00m [00;01;31m          GST_STATES gstelement.c:2806:gst_element_continue_state:<rtpjitterbuffer1>[00m completed state change to PAUSED
0:00:01.328863547 [34m18843[00m 0xffff4c2d6000 [36mINFO   [00m [00;01;31m          GST_STATES gstelement.c:2706:_priv_gst_element_state_changed:<rtpjitterbuffer1>[00m notifying about state-changed PLAYING to PAUSED (VOID_PENDING pending)
0:00:01.328877819 [34m18843[00m 0xffff4c2d6000 [36mINFO   [00m [00;01;31m          GST_STATES gstbin.c:2971:gst_bin_change_state_func:<manager>[00m child 'rtpjitterbuffer1' changed state to 3(PAUSED) successfully without preroll
0:00:01.328891996 [34m18843[00m 0xffff4c2d6000 [36mINFO   [00m [00;01;31m          GST_STATES gstbin.c:2479:gst_bin_element_set_state:<rtpssrcdemux0>[00m current PLAYING pending VOID_PENDING, desired next PAUSED
0:00:01.328906332 [34m18843[00m 0xffff4c2d6000 [36mINFO   [00m [00;01;31m          GST_STATES gstelement.c:2806:gst_element_continue_state:<rtpssrcdemux0>[00m completed state change to PAUSED
0:00:01.328937949 [34m18843[00m 0xffff4c2d6000 [36mINFO   [00m [00;01;31m          GST_STATES gstelement.c:2706:_priv_gst_element_state_changed:<rtpssrcdemux0>[00m notifying about state-changed PLAYING to PAUSED (VOID_PENDING pending)
0:00:01.328953406 [34m18843[00m 0xffff4c2d6000 [36mINFO   [00m [00;01;31m          GST_STATES gstbin.c:2928:gst_bin_change_state_func:<manager>[00m child 'rtpssrcdemux0' changed state to 3(PAUSED) successfully
0:00:01.328966494 [34m18843[00m 0xffff4c2d6000 [36mINFO   [00m [00;01;31m          GST_STATES gstbin.c:2479:gst_bin_element_set_state:<rtpstorage0>[00m current PLAYING pending VOID_PENDING, desired next PAUSED
0:00:01.328976735 [34m18843[00m 0xffff4c2d6000 [36mINFO   [00m [00;01;31m          GST_STATES gstelement.c:2806:gst_element_continue_state:<rtpstorage0>[00m completed state change to PAUSED
0:00:01.328986303 [34m18843[00m 0xffff4c2d6000 [36mINFO   [00m [00;01;31m          GST_STATES gstelement.c:2706:_priv_gst_element_state_changed:<rtpstorage0>[00m notifying about state-changed PLAYING to PAUSED (VOID_PENDING pending)
0:00:01.328998783 [34m18843[00m 0xffff4c2d6000 [36mINFO   [00m [00;01;31m          GST_STATES gstbin.c:2928:gst_bin_change_state_func:<manager>[00m child 'rtpstorage0' changed state to 3(PAUSED) successfully
0:00:01.329011360 [34m18843[00m 0xffff4c2d6000 [36mINFO   [00m [00;01;31m          GST_STATES gstbin.c:2479:gst_bin_element_set_state:<rtpsession0>[00m current PLAYING pending VOID_PENDING, desired next PAUSED
0:00:01.329030752 [34m18843[00m 0xffff4c2d6000 [36mINFO   [00m [00;01;31m          GST_STATES gstelement.c:2806:gst_element_continue_state:<rtpsession0>[00m completed state change to PAUSED
0:00:01.329041089 [34m18843[00m 0xffff4c2d6000 [36mINFO   [00m [00;01;31m          GST_STATES gstelement.c:2706:_priv_gst_element_state_changed:<rtpsession0>[00m notifying about state-changed PLAYING to PAUSED (VOID_PENDING pending)
0:00:01.329053089 [34m18843[00m 0xffff4c2d6000 [36mINFO   [00m [00;01;31m          GST_STATES gstbin.c:2928:gst_bin_change_state_func:<manager>[00m child 'rtpsession0' changed state to 3(PAUSED) successfully
0:00:01.329064802 [34m18843[00m 0xffff4c2d6000 [36mINFO   [00m [00;01;31m          GST_STATES gstelement.c:2806:gst_element_continue_state:<manager>[00m completed state change to PAUSED
0:00:01.329074402 [34m18843[00m 0xffff4c2d6000 [36mINFO   [00m [00;01;31m          GST_STATES gstelement.c:2706:_priv_gst_element_state_changed:<manager>[00m notifying about state-changed PLAYING to PAUSED (VOID_PENDING pending)
0:00:01.329629588 [34m18843[00m 0xffff3806f120 [36mINFO   [00m [00m                task gsttask.c:368:gst_task_func:<nvv4l2decoder0:src>[00m Task going to paused
0:00:01.329648501 [34m18843[00m 0xffff4c005e00 [36mINFO   [00m [00;01;31m          GST_STATES gstelement.c:2806:gst_element_continue_state:<videoconvert0>[00m completed state change to READY
0:00:01.329734296 [34m18843[00m 0xffff4c005e00 [36mINFO   [00m [00;01;31m          GST_STATES gstelement.c:2706:_priv_gst_element_state_changed:<videoconvert0>[00m notifying about state-changed PAUSED to READY (VOID_PENDING pending)
0:00:01.329785561 [34m18843[00m 0xffff4c005e00 [36mINFO   [00m [00;01;31m          GST_STATES gstbin.c:2928:gst_bin_change_state_func:<pipeline0>[00m child 'videoconvert0' changed state to 2(READY) successfully
0:00:01.329813722 [34m18843[00m 0xffff4c005e00 [36mINFO   [00m [00;01;31m          GST_STATES gstbin.c:2479:gst_bin_element_set_state:<capsfilter0>[00m current PAUSED pending VOID_PENDING, desired next READY
0:00:01.329851483 [34m18843[00m 0xffff4c005e00 [36mINFO   [00m [00;01;31m          GST_STATES gstelement.c:2806:gst_element_continue_state:<capsfilter0>[00m completed state change to READY
0:00:01.329864668 [34m18843[00m 0xffff4c005e00 [36mINFO   [00m [00;01;31m          GST_STATES gstelement.c:2706:_priv_gst_element_state_changed:<capsfilter0>[00m notifying about state-changed PAUSED to READY (VOID_PENDING pending)
0:00:01.329902589 [34m18843[00m 0xffff4c005e00 [36mINFO   [00m [00;01;31m          GST_STATES gstbin.c:2928:gst_bin_change_state_func:<pipeline0>[00m child 'capsfilter0' changed state to 2(READY) successfully
0:00:01.329919934 [34m18843[00m 0xffff4c005e00 [36mINFO   [00m [00;01;31m          GST_STATES gstbin.c:2479:gst_bin_element_set_state:<nvvconv0>[00m current PAUSED pending VOID_PENDING, desired next READY
0:00:01.330069315 [34m18843[00m 0xffff4c005e00 [36mINFO   [00m [00;01;31m          GST_STATES gstelement.c:2806:gst_element_continue_state:<nvvconv0>[00m completed state change to READY
0:00:01.330092611 [34m18843[00m 0xffff4c005e00 [36mINFO   [00m [00;01;31m          GST_STATES gstelement.c:2706:_priv_gst_element_state_changed:<nvvconv0>[00m notifying about state-changed PAUSED to READY (VOID_PENDING pending)
0:00:01.330108996 [34m18843[00m 0xffff4c005e00 [36mINFO   [00m [00;01;31m          GST_STATES gstbin.c:2928:gst_bin_change_state_func:<pipeline0>[00m child 'nvvconv0' changed state to 2(READY) successfully
0:00:01.330125380 [34m18843[00m 0xffff4c005e00 [36mINFO   [00m [00;01;31m          GST_STATES gstbin.c:2479:gst_bin_element_set_state:<nvv4l2decoder0>[00m current PAUSED pending VOID_PENDING, desired next READY
0:00:01.330172518 [34m18843[00m 0xffff3806f120 [36mINFO   [00m [00m                task gsttask.c:370:gst_task_func:<nvv4l2decoder0:src>[00m Task resume from paused
0:00:01.330879933 [34m18843[00m 0xffff4c005e00 [36mINFO   [00m [00;01;31m          GST_STATES gstelement.c:2806:gst_element_continue_state:<nvv4l2decoder0>[00m completed state change to READY
0:00:01.330917951 [34m18843[00m 0xffff4c005e00 [36mINFO   [00m [00;01;31m          GST_STATES gstelement.c:2706:_priv_gst_element_state_changed:<nvv4l2decoder0>[00m notifying about state-changed PAUSED to READY (VOID_PENDING pending)
0:00:01.330946336 [34m18843[00m 0xffff4c005e00 [36mINFO   [00m [00;01;31m          GST_STATES gstbin.c:2928:gst_bin_change_state_func:<pipeline0>[00m child 'nvv4l2decoder0' changed state to 2(READY) successfully
0:00:01.330972864 [34m18843[00m 0xffff4c005e00 [36mINFO   [00m [00;01;31m          GST_STATES gstbin.c:2479:gst_bin_element_set_state:<queue1>[00m current PAUSED pending VOID_PENDING, desired next READY
0:00:01.331083332 [34m18843[00m 0xffff4c005e00 [36mINFO   [00m [00;01;31m          GST_STATES gstelement.c:2806:gst_element_continue_state:<queue1>[00m completed state change to READY
0:00:01.331105189 [34m18843[00m 0xffff4c005e00 [36mINFO   [00m [00;01;31m          GST_STATES gstelement.c:2706:_priv_gst_element_state_changed:<queue1>[00m notifying about state-changed PAUSED to READY (VOID_PENDING pending)
0:00:01.331124645 [34m18843[00m 0xffff4c005e00 [36mINFO   [00m [00;01;31m          GST_STATES gstbin.c:2928:gst_bin_change_state_func:<pipeline0>[00m child 'queue1' changed state to 2(READY) successfully
0:00:01.331141574 [34m18843[00m 0xffff4c005e00 [36mINFO   [00m [00;01;31m          GST_STATES gstbin.c:2479:gst_bin_element_set_state:<h265parse0>[00m current PAUSED pending VOID_PENDING, desired next READY
0:00:01.331212776 [34m18843[00m 0xffff4c005e00 [36mINFO   [00m [00;01;31m          GST_STATES gstelement.c:2806:gst_element_continue_state:<h265parse0>[00m completed state change to READY
0:00:01.331228713 [34m18843[00m 0xffff4c005e00 [36mINFO   [00m [00;01;31m          GST_STATES gstelement.c:2706:_priv_gst_element_state_changed:<h265parse0>[00m notifying about state-changed PAUSED to READY (VOID_PENDING pending)
0:00:01.331245097 [34m18843[00m 0xffff4c005e00 [36mINFO   [00m [00;01;31m          GST_STATES gstbin.c:2928:gst_bin_change_state_func:<pipeline0>[00m child 'h265parse0' changed state to 2(READY) successfully
0:00:01.331261578 [34m18843[00m 0xffff4c005e00 [36mINFO   [00m [00;01;31m          GST_STATES gstbin.c:2479:gst_bin_element_set_state:<queue0>[00m current PAUSED pending VOID_PENDING, desired next READY
0:00:01.331303723 [34m18843[00m 0xffff4c0082a0 [36mINFO   [00m [00m                task gsttask.c:368:gst_task_func:<queue0:src>[00m Task going to paused
0:00:01.331364877 [34m18843[00m 0xffff4c0082a0 [36mINFO   [00m [00m                task gsttask.c:370:gst_task_func:<queue0:src>[00m Task resume from paused
0:00:01.331430767 [34m18843[00m 0xffff4c005e00 [36mINFO   [00m [00;01;31m          GST_STATES gstelement.c:2806:gst_element_continue_state:<queue0>[00m completed state change to READY
0:00:01.331448816 [34m18843[00m 0xffff4c005e00 [36mINFO   [00m [00;01;31m          GST_STATES gstelement.c:2706:_priv_gst_element_state_changed:<queue0>[00m notifying about state-changed PAUSED to READY (VOID_PENDING pending)
0:00:01.331464241 [34m18843[00m 0xffff4c005e00 [36mINFO   [00m [00;01;31m          GST_STATES gstbin.c:2928:gst_bin_change_state_func:<pipeline0>[00m child 'queue0' changed state to 2(READY) successfully
0:00:01.331480561 [34m18843[00m 0xffff4c005e00 [36mINFO   [00m [00;01;31m          GST_STATES gstbin.c:2479:gst_bin_element_set_state:<rtph265depay0>[00m current PAUSED pending VOID_PENDING, desired next READY
0:00:01.331520114 [34m18843[00m 0xffff4c005e00 [36mINFO   [00m [00;01;31m          GST_STATES gstelement.c:2806:gst_element_continue_state:<rtph265depay0>[00m completed state change to READY
0:00:01.331534131 [34m18843[00m 0xffff4c005e00 [36mINFO   [00m [00;01;31m          GST_STATES gstelement.c:2706:_priv_gst_element_state_changed:<rtph265depay0>[00m notifying about state-changed PAUSED to READY (VOID_PENDING pending)
0:00:01.331547411 [34m18843[00m 0xffff4c005e00 [36mINFO   [00m [00;01;31m          GST_STATES gstbin.c:2928:gst_bin_change_state_func:<pipeline0>[00m child 'rtph265depay0' changed state to 2(READY) successfully
0:00:01.331666487 [34m18843[00m 0xffff4c005e00 [36mINFO   [00m [00;01;31m          GST_STATES gstelement.c:2806:gst_element_continue_state:<rtpjitterbuffer0>[00m completed state change to READY
0:00:01.331685464 [34m18843[00m 0xffff4c005e00 [36mINFO   [00m [00;01;31m          GST_STATES gstelement.c:2706:_priv_gst_element_state_changed:<rtpjitterbuffer0>[00m notifying about state-changed PAUSED to READY (VOID_PENDING pending)
0:00:01.331701400 [34m18843[00m 0xffff4c005e00 [36mINFO   [00m [00;01;31m          GST_STATES gstbin.c:2928:gst_bin_change_state_func:<pipeline0>[00m child 'rtpjitterbuffer0' changed state to 2(READY) successfully
0:00:01.331714809 [34m18843[00m 0xffff4c005e00 [36mINFO   [00m [00;01;31m          GST_STATES gstbin.c:2479:gst_bin_element_set_state:<rtspsrc0>[00m current PAUSED pending VOID_PENDING, desired next READY
0:00:01.331759386 [34m18843[00m 0xffff4c005e00 [36mINFO   [00m [00;01;31m          GST_STATES gstbin.c:2971:gst_bin_change_state_func:<rtspsrc0>[00m child 'manager' changed state to 2(READY) successfully without preroll
0:00:01.331956673 [34m18843[00m 0xffff4c2d6000 [36mINFO   [00m [00;01;31m          GST_STATES gstbin.c:2479:gst_bin_element_set_state:<rtpptdemux0>[00m current PAUSED pending VOID_PENDING, desired next READY
0:00:01.332039204 [34m18843[00m 0xffff4c2d6000 [36mINFO   [00m [00;01;37;41m    GST_ELEMENT_PADS gstelement.c:875:gst_element_remove_pad:<rtpptdemux0>[00m removing pad 'src_96'
0:00:01.332065476 [34m18843[00m 0xffff4c2d6000 [36mINFO   [00m [00;01;37;41m    GST_ELEMENT_PADS gstpad.c:2137:gst_pad_unlink:[00m unlinking rtpptdemux0:src_96(0xffff3804cd50) and recv_rtp_src_0_1051385966_96:proxypad3(0xffff38044a70)
0:00:01.332093957 [34m18843[00m 0xffff4c2d6000 [36mINFO   [00m [00;01;37;41m    GST_ELEMENT_PADS gstpad.c:2192:gst_pad_unlink:[00m unlinked rtpptdemux0:src_96 and recv_rtp_src_0_1051385966_96:proxypad3
0:00:01.332132679 [34m18843[00m 0xffff4c2d6000 [36mINFO   [00m [00;01;37;41m    GST_ELEMENT_PADS gstelement.c:875:gst_element_remove_pad:<manager>[00m removing pad 'recv_rtp_src_0_1051385966_96'
0:00:01.332151399 [34m18843[00m 0xffff4c2d6000 [36mINFO   [00m [00;01;37;41m    GST_ELEMENT_PADS gstpad.c:2137:gst_pad_unlink:[00m unlinking manager:recv_rtp_src_0_1051385966_96(0xffff38042a20) and recv_rtp_src_0_1051385966_96:proxypad4(0xffff38044cd0)
0:00:01.332196137 [34m18843[00m 0xffff4c2d6000 [36mINFO   [00m [00;01;37;41m    GST_ELEMENT_PADS gstpad.c:2192:gst_pad_unlink:[00m unlinked manager:recv_rtp_src_0_1051385966_96 and recv_rtp_src_0_1051385966_96:proxypad4
0:00:01.332232138 [34m18843[00m 0xffff4c2d6000 [36mINFO   [00m [00;01;31m          GST_STATES gstelement.c:2806:gst_element_continue_state:<rtpptdemux0>[00m completed state change to READY
0:00:01.332247018 [34m18843[00m 0xffff4c2d6000 [36mINFO   [00m [00;01;31m          GST_STATES gstelement.c:2706:_priv_gst_element_state_changed:<rtpptdemux0>[00m notifying about state-changed PAUSED to READY (VOID_PENDING pending)
0:00:01.332266155 [34m18843[00m 0xffff4c2d6000 [36mINFO   [00m [00;01;31m          GST_STATES gstbin.c:2928:gst_bin_change_state_func:<manager>[00m child 'rtpptdemux0' changed state to 2(READY) successfully
0:00:01.332287564 [34m18843[00m 0xffff4c2d6000 [36mINFO   [00m [00;01;31m          GST_STATES gstbin.c:2479:gst_bin_element_set_state:<rtpptdemux0>[00m current READY pending VOID_PENDING, desired next READY
0:00:01.332299116 [34m18843[00m 0xffff4c2d6000 [36mINFO   [00m [00;01;31m          GST_STATES gstbin.c:2597:gst_bin_element_set_state:<rtpptdemux0>[00m skipping transition from READY to  READY
0:00:01.332309644 [34m18843[00m 0xffff4c2d6000 [36mINFO   [00m [00;01;31m          GST_STATES gstbin.c:2928:gst_bin_change_state_func:<manager>[00m child 'rtpptdemux0' changed state to 2(READY) successfully
0:00:01.332504915 [34m18843[00m 0xffff4c2d6000 [36mINFO   [00m [00;01;31m          GST_STATES gstelement.c:2806:gst_element_continue_state:<rtpjitterbuffer1>[00m completed state change to READY
0:00:01.332529172 [34m18843[00m 0xffff4c2d6000 [36mINFO   [00m [00;01;31m          GST_STATES gstelement.c:2706:_priv_gst_element_state_changed:<rtpjitterbuffer1>[00m notifying about state-changed PAUSED to READY (VOID_PENDING pending)
0:00:01.332551508 [34m18843[00m 0xffff4c2d6000 [36mINFO   [00m [00;01;31m          GST_STATES gstbin.c:2928:gst_bin_change_state_func:<manager>[00m child 'rtpjitterbuffer1' changed state to 2(READY) successfully
0:00:01.332570837 [34m18843[00m 0xffff4c2d6000 [36mINFO   [00m [00;01;31m          GST_STATES gstbin.c:2479:gst_bin_element_set_state:<rtpssrcdemux0>[00m current PAUSED pending VOID_PENDING, desired next READY
0:00:01.332622551 [34m18843[00m 0xffff4c2d6000 [36mINFO   [00m [00;01;37;41m    GST_ELEMENT_PADS gstelement.c:875:gst_element_remove_pad:<rtpssrcdemux0>[00m removing pad 'src_1051385966'
0:00:01.332641783 [34m18843[00m 0xffff4c2d6000 [36mINFO   [00m [00;01;37;41m    GST_ELEMENT_PADS gstpad.c:2137:gst_pad_unlink:[00m unlinking rtpssrcdemux0:src_1051385966(0xffff3803b850) and rtpjitterbuffer1:sink(0xffff3804c1c0)
0:00:01.332659256 [34m18843[00m 0xffff4c2d6000 [36mINFO   [00m [00;01;37;41m    GST_ELEMENT_PADS gstpad.c:2192:gst_pad_unlink:[00m unlinked rtpssrcdemux0:src_1051385966 and rtpjitterbuffer1:sink
0:00:01.332681529 [34m18843[00m 0xffff4c2d6000 [36mINFO   [00m [00;01;37;41m    GST_ELEMENT_PADS gstelement.c:875:gst_element_remove_pad:<rtpssrcdemux0>[00m removing pad 'rtcp_src_1051385966'
0:00:01.332696441 [34m18843[00m 0xffff4c2d6000 [36mINFO   [00m [00;01;37;41m    GST_ELEMENT_PADS gstpad.c:2137:gst_pad_unlink:[00m unlinking rtpssrcdemux0:rtcp_src_1051385966(0xffff3803baa0) and rtpjitterbuffer1:sink_rtcp(0xffff3804c660)
0:00:01.332710810 [34m18843[00m 0xffff4c2d6000 [36mINFO   [00m [00;01;37;41m    GST_ELEMENT_PADS gstpad.c:2192:gst_pad_unlink:[00m unlinked rtpssrcdemux0:rtcp_src_1051385966 and rtpjitterbuffer1:sink_rtcp
0:00:01.332728890 [34m18843[00m 0xffff4c2d6000 [36mINFO   [00m [00;01;31m          GST_STATES gstelement.c:2806:gst_element_continue_state:<rtpssrcdemux0>[00m completed state change to READY
0:00:01.332741339 [34m18843[00m 0xffff4c2d6000 [36mINFO   [00m [00;01;31m          GST_STATES gstelement.c:2706:_priv_gst_element_state_changed:<rtpssrcdemux0>[00m notifying about state-changed PAUSED to READY (VOID_PENDING pending)
0:00:01.332773884 [34m18843[00m 0xffff4c2d6000 [36mINFO   [00m [00;01;31m          GST_STATES gstbin.c:2928:gst_bin_change_state_func:<manager>[00m child 'rtpssrcdemux0' changed state to 2(READY) successfully
0:00:01.332792924 [34m18843[00m 0xffff4c2d6000 [36mINFO   [00m [00;01;31m          GST_STATES gstbin.c:2479:gst_bin_element_set_state:<rtpptdemux0>[00m current READY pending VOID_PENDING, desired next READY
0:00:01.332802781 [34m18843[00m 0xffff4c2d6000 [36mINFO   [00m [00;01;31m          GST_STATES gstbin.c:2597:gst_bin_element_set_state:<rtpptdemux0>[00m skipping transition from READY to  READY
0:00:01.332812061 [34m18843[00m 0xffff4c2d6000 [36mINFO   [00m [00;01;31m          GST_STATES gstbin.c:2928:gst_bin_change_state_func:<manager>[00m child 'rtpptdemux0' changed state to 2(READY) successfully
0:00:01.332822269 [34m18843[00m 0xffff4c2d6000 [36mINFO   [00m [00;01;31m          GST_STATES gstbin.c:2479:gst_bin_element_set_state:<rtpjitterbuffer1>[00m current READY pending VOID_PENDING, desired next READY
0:00:01.332831166 [34m18843[00m 0xffff4c2d6000 [36mINFO   [00m [00;01;31m          GST_STATES gstbin.c:2597:gst_bin_element_set_state:<rtpjitterbuffer1>[00m skipping transition from READY to  READY
0:00:01.332840126 [34m18843[00m 0xffff4c2d6000 [36mINFO   [00m [00;01;31m          GST_STATES gstbin.c:2928:gst_bin_change_state_func:<manager>[00m child 'rtpjitterbuffer1' changed state to 2(READY) successfully
0:00:01.332851166 [34m18843[00m 0xffff4c2d6000 [36mINFO   [00m [00;01;31m          GST_STATES gstbin.c:2479:gst_bin_element_set_state:<rtpssrcdemux0>[00m current READY pending VOID_PENDING, desired next READY
0:00:01.332859551 [34m18843[00m 0xffff4c2d6000 [36mINFO   [00m [00;01;31m          GST_STATES gstbin.c:2597:gst_bin_element_set_state:<rtpssrcdemux0>[00m skipping transition from READY to  READY
0:00:01.332868287 [34m18843[00m 0xffff4c2d6000 [36mINFO   [00m [00;01;31m          GST_STATES gstbin.c:2928:gst_bin_change_state_func:<manager>[00m child 'rtpssrcdemux0' changed state to 2(READY) successfully
0:00:01.332878975 [34m18843[00m 0xffff4c2d6000 [36mINFO   [00m [00;01;31m          GST_STATES gstbin.c:2479:gst_bin_element_set_state:<rtpstorage0>[00m current PAUSED pending VOID_PENDING, desired next READY
0:00:01.332902720 [34m18843[00m 0xffff4c2d6000 [36mINFO   [00m [00;01;31m          GST_STATES gstelement.c:2806:gst_element_continue_state:<rtpstorage0>[00m completed state change to READY
0:00:01.332913568 [34m18843[00m 0xffff4c2d6000 [36mINFO   [00m [00;01;31m          GST_STATES gstelement.c:2706:_priv_gst_element_state_changed:<rtpstorage0>[00m notifying about state-changed PAUSED to READY (VOID_PENDING pending)
0:00:01.332926273 [34m18843[00m 0xffff4c2d6000 [36mINFO   [00m [00;01;31m          GST_STATES gstbin.c:2928:gst_bin_change_state_func:<manager>[00m child 'rtpstorage0' changed state to 2(READY) successfully
0:00:01.332938689 [34m18843[00m 0xffff4c2d6000 [36mINFO   [00m [00;01;31m          GST_STATES gstbin.c:2479:gst_bin_element_set_state:<rtpsession0>[00m current PAUSED pending VOID_PENDING, desired next READY
0:00:01.333007395 [34m18843[00m 0xffff4c2d6000 [36mINFO   [00m [00;01;31m          GST_STATES gstelement.c:2806:gst_element_continue_state:<rtpsession0>[00m completed state change to READY
0:00:01.333021348 [34m18843[00m 0xffff4c2d6000 [36mINFO   [00m [00;01;31m          GST_STATES gstelement.c:2706:_priv_gst_element_state_changed:<rtpsession0>[00m notifying about state-changed PAUSED to READY (VOID_PENDING pending)
0:00:01.333037732 [34m18843[00m 0xffff4c2d6000 [36mINFO   [00m [00;01;31m          GST_STATES gstbin.c:2928:gst_bin_change_state_func:<manager>[00m child 'rtpsession0' changed state to 2(READY) successfully
0:00:01.333073382 [34m18843[00m 0xffff4c2d6000 [36mINFO   [00m [00;01;31m          GST_STATES gstelement.c:2806:gst_element_continue_state:<manager>[00m completed state change to READY
0:00:01.333096742 [34m18843[00m 0xffff4c2d6000 [36mINFO   [00m [00;01;31m          GST_STATES gstelement.c:2706:_priv_gst_element_state_changed:<manager>[00m notifying about state-changed PAUSED to READY (VOID_PENDING pending)
0:00:01.334743453 [34m18843[00m 0xffff4c2d6000 [36mINFO   [00m [00;01;37;41m    GST_ELEMENT_PADS gstpad.c:2137:gst_pad_unlink:[00m unlinking '':internalsrc_0(0xffff3803af10) and manager:recv_rtp_sink_0(0xffff38042060)
0:00:01.334844608 [34m18843[00m 0xffff4c2d6000 [36mINFO   [00m [00;01;37;41m    GST_ELEMENT_PADS gstpad.c:2192:gst_pad_unlink:[00m unlinked '':internalsrc_0 and manager:recv_rtp_sink_0
0:00:01.334888961 [34m18843[00m 0xffff4c2d6000 [36mINFO   [00m [00;01;37;41m    GST_ELEMENT_PADS gstpad.c:2137:gst_pad_unlink:[00m unlinking '':internalsrc_1(0xffff3803b160) and manager:recv_rtcp_sink_0(0xffff380422d0)
0:00:01.334907458 [34m18843[00m 0xffff4c2d6000 [36mINFO   [00m [00;01;37;41m    GST_ELEMENT_PADS gstpad.c:2192:gst_pad_unlink:[00m unlinked '':internalsrc_1 and manager:recv_rtcp_sink_0
0:00:01.334945027 [34m18843[00m 0xffff4c2d6000 [36mINFO   [00m [00;01;37;41m    GST_ELEMENT_PADS gstelement.c:875:gst_element_remove_pad:<rtspsrc0>[00m removing pad 'recv_rtp_src_0_1051385966_96'
0:00:01.334964996 [34m18843[00m 0xffff4c2d6000 [36mINFO   [00m [00;01;37;41m    GST_ELEMENT_PADS gstpad.c:2137:gst_pad_unlink:[00m unlinking rtspsrc0:recv_rtp_src_0_1051385966_96(0xffff38042c90) and rtpjitterbuffer0:sink(0xffff4c2822d0)
0:00:01.335002341 [34m18843[00m 0xffff4c2d6000 [36mINFO   [00m [00;01;37;41m    GST_ELEMENT_PADS gstpad.c:2192:gst_pad_unlink:[00m unlinked rtspsrc0:recv_rtp_src_0_1051385966_96 and rtpjitterbuffer0:sink
0:00:01.335044743 [34m18843[00m 0xffff4c2d6000 [36mINFO   [00m [00;01;37;41m    GST_ELEMENT_PADS gstpad.c:2137:gst_pad_unlink:[00m unlinking manager:send_rtcp_src_0(0xffff38042540) and '':internalsink_0(0xffff3803b3b0)
0:00:01.335066823 [34m18843[00m 0xffff4c2d6000 [36mINFO   [00m [00;01;37;41m    GST_ELEMENT_PADS gstpad.c:2192:gst_pad_unlink:[00m unlinked manager:send_rtcp_src_0 and '':internalsink_0
0:00:01.335141962 [34m18843[00m 0xffff4c2d6000 [36mINFO   [00m [00;01;31m          GST_STATES gstbin.c:2479:gst_bin_element_set_state:<rtpptdemux0>[00m current READY pending VOID_PENDING, desired next NULL
0:00:01.335171307 [34m18843[00m 0xffff4c2d6000 [36mINFO   [00m [00;01;31m          GST_STATES gstelement.c:2806:gst_element_continue_state:<rtpptdemux0>[00m completed state change to NULL
0:00:01.335188331 [34m18843[00m 0xffff4c2d6000 [36mINFO   [00m [00;01;31m          GST_STATES gstelement.c:2706:_priv_gst_element_state_changed:<rtpptdemux0>[00m notifying about state-changed READY to NULL (VOID_PENDING pending)
0:00:01.335211852 [34m18843[00m 0xffff4c2d6000 [36mINFO   [00m [00;01;31m          GST_STATES gstbin.c:2928:gst_bin_change_state_func:<manager>[00m child 'rtpptdemux0' changed state to 1(NULL) successfully
0:00:01.335228781 [34m18843[00m 0xffff4c2d6000 [36mINFO   [00m [00;01;31m          GST_STATES gstbin.c:2479:gst_bin_element_set_state:<rtpjitterbuffer1>[00m current READY pending VOID_PENDING, desired next NULL
0:00:01.335248333 [34m18843[00m 0xffff4c2d6000 [36mINFO   [00m [00;01;31m          GST_STATES gstelement.c:2806:gst_element_continue_state:<rtpjitterbuffer1>[00m completed state change to NULL
0:00:01.335261806 [34m18843[00m 0xffff4c2d6000 [36mINFO   [00m [00;01;31m          GST_STATES gstelement.c:2706:_priv_gst_element_state_changed:<rtpjitterbuffer1>[00m notifying about state-changed READY to NULL (VOID_PENDING pending)
0:00:01.335278574 [34m18843[00m 0xffff4c2d6000 [36mINFO   [00m [00;01;31m          GST_STATES gstbin.c:2928:gst_bin_change_state_func:<manager>[00m child 'rtpjitterbuffer1' changed state to 1(NULL) successfully
0:00:01.335296207 [34m18843[00m 0xffff4c2d6000 [36mINFO   [00m [00;01;31m          GST_STATES gstbin.c:2479:gst_bin_element_set_state:<rtpssrcdemux0>[00m current READY pending VOID_PENDING, desired next NULL
0:00:01.335356497 [34m18843[00m 0xffff4c2d6000 [36mINFO   [00m [00;01;31m          GST_STATES gstelement.c:2806:gst_element_continue_state:<rtpssrcdemux0>[00m completed state change to NULL
0:00:01.335371889 [34m18843[00m 0xffff4c2d6000 [36mINFO   [00m [00;01;31m          GST_STATES gstelement.c:2706:_priv_gst_element_state_changed:<rtpssrcdemux0>[00m notifying about state-changed READY to NULL (VOID_PENDING pending)
0:00:01.335390002 [34m18843[00m 0xffff4c2d6000 [36mINFO   [00m [00;01;31m          GST_STATES gstbin.c:2928:gst_bin_change_state_func:<manager>[00m child 'rtpssrcdemux0' changed state to 1(NULL) successfully
0:00:01.335406834 [34m18843[00m 0xffff4c2d6000 [36mINFO   [00m [00;01;31m          GST_STATES gstbin.c:2479:gst_bin_element_set_state:<rtpstorage0>[00m current READY pending VOID_PENDING, desired next NULL
0:00:01.335423507 [34m18843[00m 0xffff4c2d6000 [36mINFO   [00m [00;01;31m          GST_STATES gstelement.c:2806:gst_element_continue_state:<rtpstorage0>[00m completed state change to NULL
0:00:01.335436211 [34m18843[00m 0xffff4c2d6000 [36mINFO   [00m [00;01;31m          GST_STATES gstelement.c:2706:_priv_gst_element_state_changed:<rtpstorage0>[00m notifying about state-changed READY to NULL (VOID_PENDING pending)
0:00:01.335452596 [34m18843[00m 0xffff4c2d6000 [36mINFO   [00m [00;01;31m          GST_STATES gstbin.c:2928:gst_bin_change_state_func:<manager>[00m child 'rtpstorage0' changed state to 1(NULL) successfully
0:00:01.335467572 [34m18843[00m 0xffff4c2d6000 [36mINFO   [00m [00;01;31m          GST_STATES gstbin.c:2479:gst_bin_element_set_state:<rtpsession0>[00m current READY pending VOID_PENDING, desired next NULL
0:00:01.335485717 [34m18843[00m 0xffff4c2d6000 [36mINFO   [00m [00;01;31m          GST_STATES gstelement.c:2806:gst_element_continue_state:<rtpsession0>[00m completed state change to NULL
0:00:01.335498197 [34m18843[00m 0xffff4c2d6000 [36mINFO   [00m [00;01;31m          GST_STATES gstelement.c:2706:_priv_gst_element_state_changed:<rtpsession0>[00m notifying about state-changed READY to NULL (VOID_PENDING pending)
0:00:01.335515286 [34m18843[00m 0xffff4c2d6000 [36mINFO   [00m [00;01;31m          GST_STATES gstbin.c:2928:gst_bin_change_state_func:<manager>[00m child 'rtpsession0' changed state to 1(NULL) successfully
0:00:01.335532311 [34m18843[00m 0xffff4c2d6000 [36mINFO   [00m [00;01;31m          GST_STATES gstelement.c:2806:gst_element_continue_state:<manager>[00m completed state change to NULL
0:00:01.335546007 [34m18843[00m 0xffff4c2d6000 [36mINFO   [00m [00;01;31m          GST_STATES gstelement.c:2706:_priv_gst_element_state_changed:<manager>[00m notifying about state-changed READY to NULL (VOID_PENDING pending)
0:00:01.335575640 [34m18843[00m 0xffff4c2d6000 [36mINFO   [00m [00;01;37;41m       GST_PARENTAGE gstbin.c:1803:gst_bin_remove_func:<rtspsrc0>[00m removed child "manager"
0:00:01.335656763 [34m18843[00m 0xffff4c2d6000 [36mINFO   [00m [00m                task gsttask.c:368:gst_task_func:<task0>[00m Task going to paused
0:00:01.335691228 [34m18843[00m 0xffff4c005e00 [36mINFO   [00m [00;01;31m          GST_STATES gstelement.c:2806:gst_element_continue_state:<rtspsrc0>[00m completed state change to READY
0:00:01.335755806 [34m18843[00m 0xffff4c005e00 [36mINFO   [00m [00;01;31m          GST_STATES gstelement.c:2706:_priv_gst_element_state_changed:<rtspsrc0>[00m notifying about state-changed PAUSED to READY (VOID_PENDING pending)
0:00:01.335794463 [34m18843[00m 0xffff4c005e00 [36mINFO   [00m [00;01;31m          GST_STATES gstbin.c:2928:gst_bin_change_state_func:<pipeline0>[00m child 'rtspsrc0' changed state to 2(READY) successfully
0:00:01.335844065 [34m18843[00m 0xffff4c005e00 [36mINFO   [00m [00;01;31m          GST_STATES gstbin.c:2479:gst_bin_element_set_state:<appsink0>[00m current READY pending VOID_PENDING, desired next READY
0:00:01.335859041 [34m18843[00m 0xffff4c005e00 [36mINFO   [00m [00;01;31m          GST_STATES gstbin.c:2597:gst_bin_element_set_state:<appsink0>[00m skipping transition from READY to  READY
0:00:01.335896387 [34m18843[00m 0xffff4c005e00 [36mINFO   [00m [00;01;31m          GST_STATES gstbin.c:2928:gst_bin_change_state_func:<pipeline0>[00m child 'appsink0' changed state to 2(READY) successfully
0:00:01.335910723 [34m18843[00m 0xffff4c005e00 [36mINFO   [00m [00;01;31m          GST_STATES gstbin.c:2479:gst_bin_element_set_state:<capsfilter1>[00m current READY pending VOID_PENDING, desired next READY
0:00:01.335920835 [34m18843[00m 0xffff4c005e00 [36mINFO   [00m [00;01;31m          GST_STATES gstbin.c:2597:gst_bin_element_set_state:<capsfilter1>[00m skipping transition from READY to  READY
0:00:01.335929764 [34m18843[00m 0xffff4c005e00 [36mINFO   [00m [00;01;31m          GST_STATES gstbin.c:2928:gst_bin_change_state_func:<pipeline0>[00m child 'capsfilter1' changed state to 2(READY) successfully
0:00:01.335940868 [34m18843[00m 0xffff4c005e00 [36mINFO   [00m [00;01;31m          GST_STATES gstbin.c:2479:gst_bin_element_set_state:<videoconvert0>[00m current READY pending VOID_PENDING, desired next READY
0:00:01.335949700 [34m18843[00m 0xffff4c005e00 [36mINFO   [00m [00;01;31m          GST_STATES gstbin.c:2597:gst_bin_element_set_state:<videoconvert0>[00m skipping transition from READY to  READY
0:00:01.335958661 [34m18843[00m 0xffff4c005e00 [36mINFO   [00m [00;01;31m          GST_STATES gstbin.c:2928:gst_bin_change_state_func:<pipeline0>[00m child 'videoconvert0' changed state to 2(READY) successfully
0:00:01.335969925 [34m18843[00m 0xffff4c005e00 [36mINFO   [00m [00;01;31m          GST_STATES gstbin.c:2479:gst_bin_element_set_state:<capsfilter0>[00m current READY pending VOID_PENDING, desired next READY
0:00:01.335978821 [34m18843[00m 0xffff4c005e00 [36mINFO   [00m [00;01;31m          GST_STATES gstbin.c:2597:gst_bin_element_set_state:<capsfilter0>[00m skipping transition from READY to  READY
0:00:01.335987462 [34m18843[00m 0xffff4c005e00 [36mINFO   [00m [00;01;31m          GST_STATES gstbin.c:2928:gst_bin_change_state_func:<pipeline0>[00m child 'capsfilter0' changed state to 2(READY) successfully
0:00:01.335998982 [34m18843[00m 0xffff4c005e00 [36mINFO   [00m [00;01;31m          GST_STATES gstbin.c:2479:gst_bin_element_set_state:<nvvconv0>[00m current READY pending VOID_PENDING, desired next READY
0:00:01.336008838 [34m18843[00m 0xffff4c005e00 [36mINFO   [00m [00;01;31m          GST_STATES gstbin.c:2597:gst_bin_element_set_state:<nvvconv0>[00m skipping transition from READY to  READY
0:00:01.336018215 [34m18843[00m 0xffff4c005e00 [36mINFO   [00m [00;01;31m          GST_STATES gstbin.c:2928:gst_bin_change_state_func:<pipeline0>[00m child 'nvvconv0' changed state to 2(READY) successfully
0:00:01.336028775 [34m18843[00m 0xffff4c005e00 [36mINFO   [00m [00;01;31m          GST_STATES gstbin.c:2479:gst_bin_element_set_state:<nvv4l2decoder0>[00m current READY pending VOID_PENDING, desired next READY
0:00:01.336038023 [34m18843[00m 0xffff4c005e00 [36mINFO   [00m [00;01;31m          GST_STATES gstbin.c:2597:gst_bin_element_set_state:<nvv4l2decoder0>[00m skipping transition from READY to  READY
0:00:01.336046984 [34m18843[00m 0xffff4c005e00 [36mINFO   [00m [00;01;31m          GST_STATES gstbin.c:2928:gst_bin_change_state_func:<pipeline0>[00m child 'nvv4l2decoder0' changed state to 2(READY) successfully
0:00:01.336057544 [34m18843[00m 0xffff4c005e00 [36mINFO   [00m [00;01;31m          GST_STATES gstbin.c:2479:gst_bin_element_set_state:<queue1>[00m current READY pending VOID_PENDING, desired next READY
0:00:01.336067496 [34m18843[00m 0xffff4c005e00 [36mINFO   [00m [00;01;31m          GST_STATES gstbin.c:2597:gst_bin_element_set_state:<queue1>[00m skipping transition from READY to  READY
0:00:01.336076200 [34m18843[00m 0xffff4c005e00 [36mINFO   [00m [00;01;31m          GST_STATES gstbin.c:2928:gst_bin_change_state_func:<pipeline0>[00m child 'queue1' changed state to 2(READY) successfully
0:00:01.336087337 [34m18843[00m 0xffff4c005e00 [36mINFO   [00m [00;01;31m          GST_STATES gstbin.c:2479:gst_bin_element_set_state:<h265parse0>[00m current READY pending VOID_PENDING, desired next READY
0:00:01.336105833 [34m18843[00m 0xffff4c005e00 [36mINFO   [00m [00;01;31m          GST_STATES gstbin.c:2597:gst_bin_element_set_state:<h265parse0>[00m skipping transition from READY to  READY
0:00:01.336116330 [34m18843[00m 0xffff4c005e00 [36mINFO   [00m [00;01;31m          GST_STATES gstbin.c:2928:gst_bin_change_state_func:<pipeline0>[00m child 'h265parse0' changed state to 2(READY) successfully
0:00:01.336126986 [34m18843[00m 0xffff4c005e00 [36mINFO   [00m [00;01;31m          GST_STATES gstbin.c:2479:gst_bin_element_set_state:<queue0>[00m current READY pending VOID_PENDING, desired next READY
0:00:01.336135658 [34m18843[00m 0xffff4c005e00 [36mINFO   [00m [00;01;31m          GST_STATES gstbin.c:2597:gst_bin_element_set_state:<queue0>[00m skipping transition from READY to  READY
0:00:01.336145515 [34m18843[00m 0xffff4c005e00 [36mINFO   [00m [00;01;31m          GST_STATES gstbin.c:2928:gst_bin_change_state_func:<pipeline0>[00m child 'queue0' changed state to 2(READY) successfully
0:00:01.336157291 [34m18843[00m 0xffff4c005e00 [36mINFO   [00m [00;01;31m          GST_STATES gstbin.c:2479:gst_bin_element_set_state:<rtph265depay0>[00m current READY pending VOID_PENDING, desired next READY
0:00:01.336166027 [34m18843[00m 0xffff4c005e00 [36mINFO   [00m [00;01;31m          GST_STATES gstbin.c:2597:gst_bin_element_set_state:<rtph265depay0>[00m skipping transition from READY to  READY
0:00:01.336175180 [34m18843[00m 0xffff4c005e00 [36mINFO   [00m [00;01;31m          GST_STATES gstbin.c:2928:gst_bin_change_state_func:<pipeline0>[00m child 'rtph265depay0' changed state to 2(READY) successfully
0:00:01.336184908 [34m18843[00m 0xffff4c005e00 [36mINFO   [00m [00;01;31m          GST_STATES gstbin.c:2479:gst_bin_element_set_state:<rtpjitterbuffer0>[00m current READY pending VOID_PENDING, desired next READY
0:00:01.336193420 [34m18843[00m 0xffff4c005e00 [36mINFO   [00m [00;01;31m          GST_STATES gstbin.c:2597:gst_bin_element_set_state:<rtpjitterbuffer0>[00m skipping transition from READY to  READY
0:00:01.336202093 [34m18843[00m 0xffff4c005e00 [36mINFO   [00m [00;01;31m          GST_STATES gstbin.c:2928:gst_bin_change_state_func:<pipeline0>[00m child 'rtpjitterbuffer0' changed state to 2(READY) successfully
0:00:01.336213101 [34m18843[00m 0xffff4c005e00 [36mINFO   [00m [00;01;31m          GST_STATES gstbin.c:2479:gst_bin_element_set_state:<rtspsrc0>[00m current READY pending VOID_PENDING, desired next READY
0:00:01.336235054 [34m18843[00m 0xffff4c005e00 [36mINFO   [00m [00;01;31m          GST_STATES gstelement.c:2806:gst_element_continue_state:<rtspsrc0>[00m completed state change to READY
0:00:01.336247982 [34m18843[00m 0xffff4c005e00 [36mINFO   [00m [00;01;31m          GST_STATES gstbin.c:2928:gst_bin_change_state_func:<pipeline0>[00m child 'rtspsrc0' changed state to 2(READY) successfully
0:00:01.336264911 [34m18843[00m 0xffff4c005e00 [36mINFO   [00m [00;01;31m          GST_STATES gstelement.c:2778:gst_element_continue_state:<pipeline0>[00m committing state from PAUSED to READY, pending NULL, next NULL
0:00:01.336275439 [34m18843[00m 0xffff4c005e00 [36mINFO   [00m [00;01;31m          GST_STATES gstelement.c:2706:_priv_gst_element_state_changed:<pipeline0>[00m notifying about state-changed PAUSED to READY (NULL pending)
0:00:01.336289936 [34m18843[00m 0xffff4c005e00 [36mINFO   [00m [00;01;31m          GST_STATES gstelement.c:2786:gst_element_continue_state:<pipeline0>[00m continue state change READY to NULL, final NULL
0:00:01.336313744 [34m18843[00m 0xffff4c005e00 [36mINFO   [00m [00;01;31m          GST_STATES gstbin.c:2479:gst_bin_element_set_state:<appsink0>[00m current READY pending VOID_PENDING, desired next NULL
0:00:01.336338609 [34m18843[00m 0xffff4c005e00 [36mINFO   [00m [00;01;31m          GST_STATES gstelement.c:2806:gst_element_continue_state:<appsink0>[00m completed state change to NULL
0:00:01.336362098 [34m18843[00m 0xffff4c005e00 [36mINFO   [00m [00;01;31m          GST_STATES gstelement.c:2706:_priv_gst_element_state_changed:<appsink0>[00m notifying about state-changed READY to NULL (VOID_PENDING pending)
0:00:01.336380563 [34m18843[00m 0xffff4c005e00 [36mINFO   [00m [00;01;31m          GST_STATES gstbin.c:2928:gst_bin_change_state_func:<pipeline0>[00m child 'appsink0' changed state to 1(NULL) successfully
0:00:01.336393875 [34m18843[00m 0xffff4c005e00 [36mINFO   [00m [00;01;31m          GST_STATES gstbin.c:2479:gst_bin_element_set_state:<capsfilter1>[00m current READY pending VOID_PENDING, desired next NULL
0:00:01.336406739 [34m18843[00m 0xffff4c005e00 [36mINFO   [00m [00;01;31m          GST_STATES gstelement.c:2806:gst_element_continue_state:<capsfilter1>[00m completed state change to NULL
0:00:01.336416532 [34m18843[00m 0xffff4c005e00 [36mINFO   [00m [00;01;31m          GST_STATES gstelement.c:2706:_priv_gst_element_state_changed:<capsfilter1>[00m notifying about state-changed READY to NULL (VOID_PENDING pending)
0:00:01.336428404 [34m18843[00m 0xffff4c005e00 [36mINFO   [00m [00;01;31m          GST_STATES gstbin.c:2928:gst_bin_change_state_func:<pipeline0>[00m child 'capsfilter1' changed state to 1(NULL) successfully
0:00:01.336440020 [34m18843[00m 0xffff4c005e00 [36mINFO   [00m [00;01;31m          GST_STATES gstbin.c:2479:gst_bin_element_set_state:<videoconvert0>[00m current READY pending VOID_PENDING, desired next NULL
0:00:01.336453173 [34m18843[00m 0xffff4c005e00 [36mINFO   [00m [00;01;31m          GST_STATES gstelement.c:2806:gst_element_continue_state:<videoconvert0>[00m completed state change to NULL
0:00:01.336462805 [34m18843[00m 0xffff4c005e00 [36mINFO   [00m [00;01;31m          GST_STATES gstelement.c:2706:_priv_gst_element_state_changed:<videoconvert0>[00m notifying about state-changed READY to NULL (VOID_PENDING pending)
0:00:01.336475190 [34m18843[00m 0xffff4c005e00 [36mINFO   [00m [00;01;31m          GST_STATES gstbin.c:2928:gst_bin_change_state_func:<pipeline0>[00m child 'videoconvert0' changed state to 1(NULL) successfully
0:00:01.336486326 [34m18843[00m 0xffff4c005e00 [36mINFO   [00m [00;01;31m          GST_STATES gstbin.c:2479:gst_bin_element_set_state:<capsfilter0>[00m current READY pending VOID_PENDING, desired next NULL
0:00:01.336497654 [34m18843[00m 0xffff4c005e00 [36mINFO   [00m [00;01;31m          GST_STATES gstelement.c:2806:gst_element_continue_state:<capsfilter0>[00m completed state change to NULL
0:00:01.336506935 [34m18843[00m 0xffff4c005e00 [36mINFO   [00m [00;01;31m          GST_STATES gstelement.c:2706:_priv_gst_element_state_changed:<capsfilter0>[00m notifying about state-changed READY to NULL (VOID_PENDING pending)
0:00:01.336518999 [34m18843[00m 0xffff4c005e00 [36mINFO   [00m [00;01;31m          GST_STATES gstbin.c:2928:gst_bin_change_state_func:<pipeline0>[00m child 'capsfilter0' changed state to 1(NULL) successfully
0:00:01.336530999 [34m18843[00m 0xffff4c005e00 [36mINFO   [00m [00;01;31m          GST_STATES gstbin.c:2479:gst_bin_element_set_state:<nvvconv0>[00m current READY pending VOID_PENDING, desired next NULL
0:00:01.336546200 [34m18843[00m 0xffff4c005e00 [36mINFO   [00m [00;01;31m          GST_STATES gstelement.c:2806:gst_element_continue_state:<nvvconv0>[00m completed state change to NULL
0:00:01.336556280 [34m18843[00m 0xffff4c005e00 [36mINFO   [00m [00;01;31m          GST_STATES gstelement.c:2706:_priv_gst_element_state_changed:<nvvconv0>[00m notifying about state-changed READY to NULL (VOID_PENDING pending)
0:00:01.336574297 [34m18843[00m 0xffff4c005e00 [36mINFO   [00m [00;01;31m          GST_STATES gstbin.c:2928:gst_bin_change_state_func:<pipeline0>[00m child 'nvvconv0' changed state to 1(NULL) successfully
0:00:01.336587193 [34m18843[00m 0xffff4c005e00 [36mINFO   [00m [00;01;31m          GST_STATES gstbin.c:2479:gst_bin_element_set_state:<nvv4l2decoder0>[00m current READY pending VOID_PENDING, desired next NULL
0:00:01.343464316 [34m18843[00m 0xffff4c005e00 [36mINFO   [00m [00;01;31m          GST_STATES gstelement.c:2806:gst_element_continue_state:<nvv4l2decoder0>[00m completed state change to NULL
0:00:01.343554239 [34m18843[00m 0xffff4c005e00 [36mINFO   [00m [00;01;31m          GST_STATES gstelement.c:2706:_priv_gst_element_state_changed:<nvv4l2decoder0>[00m notifying about state-changed READY to NULL (VOID_PENDING pending)
0:00:01.343597664 [34m18843[00m 0xffff4c005e00 [36mINFO   [00m [00;01;31m          GST_STATES gstbin.c:2928:gst_bin_change_state_func:<pipeline0>[00m child 'nvv4l2decoder0' changed state to 1(NULL) successfully
0:00:01.343628417 [34m18843[00m 0xffff4c005e00 [36mINFO   [00m [00;01;31m          GST_STATES gstbin.c:2479:gst_bin_element_set_state:<queue1>[00m current READY pending VOID_PENDING, desired next NULL
0:00:01.343654850 [34m18843[00m 0xffff4c005e00 [36mINFO   [00m [00;01;31m          GST_STATES gstelement.c:2806:gst_element_continue_state:<queue1>[00m completed state change to NULL
0:00:01.343667235 [34m18843[00m 0xffff4c005e00 [36mINFO   [00m [00;01;31m          GST_STATES gstelement.c:2706:_priv_gst_element_state_changed:<queue1>[00m notifying about state-changed READY to NULL (VOID_PENDING pending)
0:00:01.343680451 [34m18843[00m 0xffff4c005e00 [36mINFO   [00m [00;01;31m          GST_STATES gstbin.c:2928:gst_bin_change_state_func:<pipeline0>[00m child 'queue1' changed state to 1(NULL) successfully
0:00:01.343695011 [34m18843[00m 0xffff4c005e00 [36mINFO   [00m [00;01;31m          GST_STATES gstbin.c:2479:gst_bin_element_set_state:<h265parse0>[00m current READY pending VOID_PENDING, desired next NULL
0:00:01.343710340 [34m18843[00m 0xffff4c005e00 [36mINFO   [00m [00;01;31m          GST_STATES gstelement.c:2806:gst_element_continue_state:<h265parse0>[00m completed state change to NULL
0:00:01.343720772 [34m18843[00m 0xffff4c005e00 [36mINFO   [00m [00;01;31m          GST_STATES gstelement.c:2706:_priv_gst_element_state_changed:<h265parse0>[00m notifying about state-changed READY to NULL (VOID_PENDING pending)
0:00:01.343732741 [34m18843[00m 0xffff4c005e00 [36mINFO   [00m [00;01;31m          GST_STATES gstbin.c:2928:gst_bin_change_state_func:<pipeline0>[00m child 'h265parse0' changed state to 1(NULL) successfully
0:00:01.343746117 [34m18843[00m 0xffff4c005e00 [36mINFO   [00m [00;01;31m          GST_STATES gstbin.c:2479:gst_bin_element_set_state:<queue0>[00m current READY pending VOID_PENDING, desired next NULL
0:00:01.343759430 [34m18843[00m 0xffff4c005e00 [36mINFO   [00m [00;01;31m          GST_STATES gstelement.c:2806:gst_element_continue_state:<queue0>[00m completed state change to NULL
0:00:01.343770662 [34m18843[00m 0xffff4c005e00 [36mINFO   [00m [00;01;31m          GST_STATES gstelement.c:2706:_priv_gst_element_state_changed:<queue0>[00m notifying about state-changed READY to NULL (VOID_PENDING pending)
0:00:01.343783878 [34m18843[00m 0xffff4c005e00 [36mINFO   [00m [00;01;31m          GST_STATES gstbin.c:2928:gst_bin_change_state_func:<pipeline0>[00m child 'queue0' changed state to 1(NULL) successfully
0:00:01.343798951 [34m18843[00m 0xffff4c005e00 [36mINFO   [00m [00;01;31m          GST_STATES gstbin.c:2479:gst_bin_element_set_state:<rtph265depay0>[00m current READY pending VOID_PENDING, desired next NULL
0:00:01.343814951 [34m18843[00m 0xffff4c005e00 [36mINFO   [00m [00;01;31m          GST_STATES gstelement.c:2806:gst_element_continue_state:<rtph265depay0>[00m completed state change to NULL
0:00:01.343824712 [34m18843[00m 0xffff4c005e00 [36mINFO   [00m [00;01;31m          GST_STATES gstelement.c:2706:_priv_gst_element_state_changed:<rtph265depay0>[00m notifying about state-changed READY to NULL (VOID_PENDING pending)
0:00:01.343850345 [34m18843[00m 0xffff4c005e00 [36mINFO   [00m [00;01;31m          GST_STATES gstbin.c:2928:gst_bin_change_state_func:<pipeline0>[00m child 'rtph265depay0' changed state to 1(NULL) successfully
0:00:01.343864425 [34m18843[00m 0xffff4c005e00 [36mINFO   [00m [00;01;31m          GST_STATES gstbin.c:2479:gst_bin_element_set_state:<rtpjitterbuffer0>[00m current READY pending VOID_PENDING, desired next NULL
0:00:01.343908202 [34m18843[00m 0xffff4c005e00 [36mINFO   [00m [00;01;31m          GST_STATES gstelement.c:2806:gst_element_continue_state:<rtpjitterbuffer0>[00m completed state change to NULL
0:00:01.343919531 [34m18843[00m 0xffff4c005e00 [36mINFO   [00m [00;01;31m          GST_STATES gstelement.c:2706:_priv_gst_element_state_changed:<rtpjitterbuffer0>[00m notifying about state-changed READY to NULL (VOID_PENDING pending)
0:00:01.343933003 [34m18843[00m 0xffff4c005e00 [36mINFO   [00m [00;01;31m          GST_STATES gstbin.c:2928:gst_bin_change_state_func:<pipeline0>[00m child 'rtpjitterbuffer0' changed state to 1(NULL) successfully
0:00:01.343948076 [34m18843[00m 0xffff4c005e00 [36mINFO   [00m [00;01;31m          GST_STATES gstbin.c:2479:gst_bin_element_set_state:<rtspsrc0>[00m current READY pending VOID_PENDING, desired next NULL
0:00:01.344017678 [34m18843[00m 0xffff4c2d6000 [36mINFO   [00m [00m                task gsttask.c:370:gst_task_func:<task0>[00m Task resume from paused
0:00:01.344134482 [34m18843[00m 0xffff4c005e00 [36mINFO   [00m [00;01;31m          GST_STATES gstelement.c:2806:gst_element_continue_state:<rtspsrc0>[00m completed state change to NULL
0:00:01.344178195 [34m18843[00m 0xffff4c005e00 [36mINFO   [00m [00;01;31m          GST_STATES gstelement.c:2706:_priv_gst_element_state_changed:<rtspsrc0>[00m notifying about state-changed READY to NULL (VOID_PENDING pending)
0:00:01.344206996 [34m18843[00m 0xffff4c005e00 [36mINFO   [00m [00;01;31m          GST_STATES gstbin.c:2928:gst_bin_change_state_func:<pipeline0>[00m child 'rtspsrc0' changed state to 1(NULL) successfully
0:00:01.344345465 [34m18843[00m 0xffff4c005e00 [36mINFO   [00m [00;01;31m          GST_STATES gstelement.c:2806:gst_element_continue_state:<rtpssrcdemux0>[00m completed state change to NULL
0:00:01.344369658 [34m18843[00m 0xffff4c005e00 [36mINFO   [00m [00;01;31m          GST_STATES gstelement.c:2806:gst_element_continue_state:<rtpsession0>[00m completed state change to NULL
0:00:01.344382970 [34m18843[00m 0xffff4c005e00 [36mINFO   [00m [00;01;31m          GST_STATES gstelement.c:2806:gst_element_continue_state:<rtpstorage0>[00m completed state change to NULL
0:00:01.344408379 [34m18843[00m 0xffff4c005e00 [36mINFO   [00m [00;01;37;41m    GST_ELEMENT_PADS gstelement.c:875:gst_element_remove_pad:<rtpsession0>[00m removing pad 'recv_rtp_sink'
0:00:01.344424347 [34m18843[00m 0xffff4c005e00 [36mINFO   [00m [00;01;37;41m    GST_ELEMENT_PADS gstpad.c:2137:gst_pad_unlink:[00m unlinking recv_rtp_sink_0:proxypad0(0xffff380440f0) and rtpsession0:recv_rtp_sink(0xffff3803a5d0)
0:00:01.344441596 [34m18843[00m 0xffff4c005e00 [36mINFO   [00m [00;01;37;41m    GST_ELEMENT_PADS gstpad.c:2192:gst_pad_unlink:[00m unlinked recv_rtp_sink_0:proxypad0 and rtpsession0:recv_rtp_sink
0:00:01.344455516 [34m18843[00m 0xffff4c005e00 [36mINFO   [00m [00;01;37;41m    GST_ELEMENT_PADS gstelement.c:875:gst_element_remove_pad:<rtpsession0>[00m removing pad 'recv_rtp_src'
0:00:01.344466877 [34m18843[00m 0xffff4c005e00 [36mINFO   [00m [00;01;37;41m    GST_ELEMENT_PADS gstpad.c:2137:gst_pad_unlink:[00m unlinking rtpsession0:recv_rtp_src(0xffff3803a820) and rtpstorage0:sink(0xffff3803a380)
0:00:01.344485213 [34m18843[00m 0xffff4c005e00 [36mINFO   [00m [00;01;37;41m    GST_ELEMENT_PADS gstpad.c:2192:gst_pad_unlink:[00m unlinked rtpsession0:recv_rtp_src and rtpstorage0:sink
0:00:01.344519359 [34m18843[00m 0xffff4c005e00 [36mINFO   [00m [00;01;37;41m    GST_ELEMENT_PADS gstelement.c:875:gst_element_remove_pad:<manager>[00m removing pad 'recv_rtp_sink_0'
0:00:01.344541439 [34m18843[00m 0xffff4c005e00 [36mINFO   [00m [00;01;37;41m    GST_ELEMENT_PADS gstelement.c:875:gst_element_remove_pad:<manager>[00m removing pad 'recv_rtcp_sink_0'
0:00:01.344555296 [34m18843[00m 0xffff4c005e00 [36mINFO   [00m [00;01;37;41m    GST_ELEMENT_PADS gstpad.c:2137:gst_pad_unlink:[00m unlinking recv_rtcp_sink_0:proxypad1(0xffff38044350) and rtpsession0:recv_rtcp_sink(0xffff3803aa70)
0:00:01.344585729 [34m18843[00m 0xffff4c005e00 [36mINFO   [00m [00;01;37;41m    GST_ELEMENT_PADS gstpad.c:2192:gst_pad_unlink:[00m unlinked recv_rtcp_sink_0:proxypad1 and rtpsession0:recv_rtcp_sink
0:00:01.344606529 [34m18843[00m 0xffff4c005e00 [36mINFO   [00m [00;01;37;41m    GST_ELEMENT_PADS gstelement.c:875:gst_element_remove_pad:<rtpsession0>[00m removing pad 'recv_rtcp_sink'
0:00:01.344618306 [34m18843[00m 0xffff4c005e00 [36mINFO   [00m [00;01;37;41m    GST_ELEMENT_PADS gstelement.c:875:gst_element_remove_pad:<rtpsession0>[00m removing pad 'sync_src'
0:00:01.344628834 [34m18843[00m 0xffff4c005e00 [36mINFO   [00m [00;01;37;41m    GST_ELEMENT_PADS gstpad.c:2137:gst_pad_unlink:[00m unlinking rtpsession0:sync_src(0xffff3803acc0) and rtpssrcdemux0:rtcp_sink(0xffff4c2b3d70)
0:00:01.344641635 [34m18843[00m 0xffff4c005e00 [36mINFO   [00m [00;01;37;41m    GST_ELEMENT_PADS gstpad.c:2192:gst_pad_unlink:[00m unlinked rtpsession0:sync_src and rtpssrcdemux0:rtcp_sink
0:00:01.344663811 [34m18843[00m 0xffff4c005e00 [36mINFO   [00m [00;01;37;41m    GST_ELEMENT_PADS gstelement.c:875:gst_element_remove_pad:<manager>[00m removing pad 'send_rtcp_src_0'
0:00:01.344678468 [34m18843[00m 0xffff4c005e00 [36mINFO   [00m [00;01;37;41m    GST_ELEMENT_PADS gstpad.c:2137:gst_pad_unlink:[00m unlinking rtpsession0:send_rtcp_src(0xffff3803b600) and send_rtcp_src_0:proxypad2(0xffff380445b0)
0:00:01.344691172 [34m18843[00m 0xffff4c005e00 [36mINFO   [00m [00;01;37;41m    GST_ELEMENT_PADS gstpad.c:2192:gst_pad_unlink:[00m unlinked rtpsession0:send_rtcp_src and send_rtcp_src_0:proxypad2
0:00:01.344712645 [34m18843[00m 0xffff4c005e00 [36mINFO   [00m [00;01;37;41m    GST_ELEMENT_PADS gstelement.c:875:gst_element_remove_pad:<rtpsession0>[00m removing pad 'send_rtcp_src'
0:00:01.344735526 [34m18843[00m 0xffff4c005e00 [36mINFO   [00m [00;01;37;41m       GST_PARENTAGE gstbin.c:1803:gst_bin_remove_func:<manager>[00m removed child "rtpsession0"
0:00:01.344766727 [34m18843[00m 0xffff4c005e00 [36mINFO   [00m [00;01;37;41m    GST_ELEMENT_PADS gstpad.c:2137:gst_pad_unlink:[00m unlinking rtpstorage0:src(0xffff3803a130) and rtpssrcdemux0:sink(0xffff4c2b3b20)
0:00:01.344782247 [34m18843[00m 0xffff4c005e00 [36mINFO   [00m [00;01;37;41m    GST_ELEMENT_PADS gstpad.c:2192:gst_pad_unlink:[00m unlinked rtpstorage0:src and rtpssrcdemux0:sink
0:00:01.344796104 [34m18843[00m 0xffff4c005e00 [36mINFO   [00m [00;01;37;41m       GST_PARENTAGE gstbin.c:1803:gst_bin_remove_func:<manager>[00m removed child "rtpssrcdemux0"
0:00:01.344811496 [34m18843[00m 0xffff4c005e00 [36mINFO   [00m [00;01;37;41m       GST_PARENTAGE gstbin.c:1803:gst_bin_remove_func:<manager>[00m removed child "rtpstorage0"
0:00:01.344832393 [34m18843[00m 0xffff4c005e00 [36mINFO   [00m [00;01;37;41m    GST_ELEMENT_PADS gstpad.c:2137:gst_pad_unlink:[00m unlinking rtpjitterbuffer1:src(0xffff3803bcf0) and rtpptdemux0:sink(0xffff3804c410)
0:00:01.344846569 [34m18843[00m 0xffff4c005e00 [36mINFO   [00m [00;01;37;41m    GST_ELEMENT_PADS gstpad.c:2192:gst_pad_unlink:[00m unlinked rtpjitterbuffer1:src and rtpptdemux0:sink
0:00:01.344859562 [34m18843[00m 0xffff4c005e00 [36mINFO   [00m [00;01;37;41m       GST_PARENTAGE gstbin.c:1803:gst_bin_remove_func:<manager>[00m removed child "rtpjitterbuffer1"
0:00:01.344874666 [34m18843[00m 0xffff4c005e00 [36mINFO   [00m [00;01;31m          GST_STATES gstelement.c:2806:gst_element_continue_state:<rtpjitterbuffer1>[00m completed state change to NULL
0:00:01.344887883 [34m18843[00m 0xffff4c005e00 [36mINFO   [00m [00;01;31m          GST_STATES gstelement.c:2806:gst_element_continue_state:<rtpjitterbuffer1>[00m completed state change to NULL
0:00:01.344900363 [34m18843[00m 0xffff4c005e00 [36mINFO   [00m [00;01;31m          GST_STATES gstelement.c:2806:gst_element_continue_state:<rtpptdemux0>[00m completed state change to NULL
0:00:01.344934700 [34m18843[00m 0xffff4c005e00 [36mINFO   [00m [00;01;37;41m       GST_PARENTAGE gstbin.c:1803:gst_bin_remove_func:<manager>[00m removed child "rtpptdemux0"
0:00:01.344962989 [34m18843[00m 0xffff4c005e00 [36mINFO   [00m [00;01;31;44m     GST_REFCOUNTING gstelement.c:3382:gst_element_dispose:<manager>[00m 0xffff380281d0 dispose
0:00:01.344975118 [34m18843[00m 0xffff4c005e00 [36mINFO   [00m [00;01;31;44m     GST_REFCOUNTING gstelement.c:3428:gst_element_dispose:<manager>[00m 0xffff380281d0 parent class dispose
0:00:01.344991662 [34m18843[00m 0xffff4c005e00 [36mINFO   [00m [00;01;31;44m     GST_REFCOUNTING gstelement.c:3460:gst_element_finalize:<manager>[00m 0xffff380281d0 finalize
0:00:01.345001998 [34m18843[00m 0xffff4c005e00 [36mINFO   [00m [00;01;31;44m     GST_REFCOUNTING gstelement.c:3465:gst_element_finalize:<manager>[00m 0xffff380281d0 finalize parent
0:00:01.345012399 [34m18843[00m 0xffff4c005e00 [36mINFO   [00m [00;01;31;44m     GST_REFCOUNTING gstelement.c:3382:gst_element_dispose:<rtpsession0>[00m 0xffff38030130 dispose
0:00:01.345021103 [34m18843[00m 0xffff4c005e00 [36mINFO   [00m [00;01;31;44m     GST_REFCOUNTING gstelement.c:3428:gst_element_dispose:<rtpsession0>[00m 0xffff38030130 parent class dispose
0:00:01.345212117 [34m18843[00m 0xffff4c005e00 [36mINFO   [00m [00;01;31;44m     GST_REFCOUNTING gstelement.c:3460:gst_element_finalize:<rtpsession0>[00m 0xffff38030130 finalize
0:00:01.345244854 [34m18843[00m 0xffff4c005e00 [36mINFO   [00m [00;01;31;44m     GST_REFCOUNTING gstelement.c:3465:gst_element_finalize:<rtpsession0>[00m 0xffff38030130 finalize parent
0:00:01.345272855 [34m18843[00m 0xffff4c005e00 [36mINFO   [00m [00;01;31;44m     GST_REFCOUNTING gstelement.c:3382:gst_element_dispose:<rtpstorage0>[00m 0xffff4c290b40 dispose
0:00:01.345290072 [34m18843[00m 0xffff4c005e00 [36mINFO   [00m [00;01;37;41m    GST_ELEMENT_PADS gstelement.c:875:gst_element_remove_pad:<rtpstorage0>[00m removing pad 'src'
0:00:01.345309433 [34m18843[00m 0xffff4c005e00 [36mINFO   [00m [00;01;37;41m    GST_ELEMENT_PADS gstelement.c:875:gst_element_remove_pad:<rtpstorage0>[00m removing pad 'sink'
0:00:01.345443101 [34m18843[00m 0xffff4c005e00 [36mINFO   [00m [00;01;31;44m     GST_REFCOUNTING gstelement.c:3428:gst_element_dispose:<rtpstorage0>[00m 0xffff4c290b40 parent class dispose
0:00:01.345463838 [34m18843[00m 0xffff4c005e00 [36mINFO   [00m [00;01;31;44m     GST_REFCOUNTING gstelement.c:3460:gst_element_finalize:<rtpstorage0>[00m 0xffff4c290b40 finalize
0:00:01.345476798 [34m18843[00m 0xffff4c005e00 [36mINFO   [00m [00;01;31;44m     GST_REFCOUNTING gstelement.c:3465:gst_element_finalize:<rtpstorage0>[00m 0xffff4c290b40 finalize parent
0:00:01.345489983 [34m18843[00m 0xffff4c005e00 [36mINFO   [00m [00;01;31;44m     GST_REFCOUNTING gstelement.c:3382:gst_element_dispose:<rtpssrcdemux0>[00m 0xffff38038060 dispose
0:00:01.345500863 [34m18843[00m 0xffff4c005e00 [36mINFO   [00m [00;01;37;41m    GST_ELEMENT_PADS gstelement.c:875:gst_element_remove_pad:<rtpssrcdemux0>[00m removing pad 'sink'
0:00:01.345515295 [34m18843[00m 0xffff4c005e00 [36mINFO   [00m [00;01;37;41m    GST_ELEMENT_PADS gstelement.c:875:gst_element_remove_pad:<rtpssrcdemux0>[00m removing pad 'rtcp_sink'
0:00:01.345527616 [34m18843[00m 0xffff4c005e00 [36mINFO   [00m [00;01;31;44m     GST_REFCOUNTING gstelement.c:3428:gst_element_dispose:<rtpssrcdemux0>[00m 0xffff38038060 parent class dispose
0:00:01.345538336 [34m18843[00m 0xffff4c005e00 [36mINFO   [00m [00;01;31;44m     GST_REFCOUNTING gstelement.c:3460:gst_element_finalize:<rtpssrcdemux0>[00m 0xffff38038060 finalize
0:00:01.345548256 [34m18843[00m 0xffff4c005e00 [36mINFO   [00m [00;01;31;44m     GST_REFCOUNTING gstelement.c:3465:gst_element_finalize:<rtpssrcdemux0>[00m 0xffff38038060 finalize parent
0:00:01.345558977 [34m18843[00m 0xffff4c005e00 [36mINFO   [00m [00;01;31;44m     GST_REFCOUNTING gstelement.c:3382:gst_element_dispose:<rtpjitterbuffer1>[00m 0xffff3804a6c0 dispose
0:00:01.345584162 [34m18843[00m 0xffff4c005e00 [36mINFO   [00m [00;01;37;41m    GST_ELEMENT_PADS gstelement.c:875:gst_element_remove_pad:<rtpjitterbuffer1>[00m removing pad 'sink_rtcp'
0:00:01.345601858 [34m18843[00m 0xffff4c005e00 [36mINFO   [00m [00;01;37;41m    GST_ELEMENT_PADS gstelement.c:875:gst_element_remove_pad:<rtpjitterbuffer1>[00m removing pad 'src'
0:00:01.345617763 [34m18843[00m 0xffff4c005e00 [36mINFO   [00m [00;01;37;41m    GST_ELEMENT_PADS gstelement.c:875:gst_element_remove_pad:<rtpjitterbuffer1>[00m removing pad 'sink'
0:00:01.345632099 [34m18843[00m 0xffff4c005e00 [36mINFO   [00m [00;01;31;44m     GST_REFCOUNTING gstelement.c:3428:gst_element_dispose:<rtpjitterbuffer1>[00m 0xffff3804a6c0 parent class dispose
0:00:01.345650660 [34m18843[00m 0xffff4c005e00 [36mINFO   [00m [00;01;31;44m     GST_REFCOUNTING gstelement.c:3460:gst_element_finalize:<rtpjitterbuffer1>[00m 0xffff3804a6c0 finalize
0:00:01.345661604 [34m18843[00m 0xffff4c005e00 [36mINFO   [00m [00;01;31;44m     GST_REFCOUNTING gstelement.c:3465:gst_element_finalize:<rtpjitterbuffer1>[00m 0xffff3804a6c0 finalize parent
0:00:01.345673061 [34m18843[00m 0xffff4c005e00 [36mINFO   [00m [00;01;31;44m     GST_REFCOUNTING gstelement.c:3382:gst_element_dispose:<rtpptdemux0>[00m 0xffff380381a0 dispose
0:00:01.345681573 [34m18843[00m 0xffff4c005e00 [36mINFO   [00m [00;01;37;41m    GST_ELEMENT_PADS gstelement.c:875:gst_element_remove_pad:<rtpptdemux0>[00m removing pad 'sink'
0:00:01.345693093 [34m18843[00m 0xffff4c005e00 [36mINFO   [00m [00;01;31;44m     GST_REFCOUNTING gstelement.c:3428:gst_element_dispose:<rtpptdemux0>[00m 0xffff380381a0 parent class dispose
0:00:01.345704998 [34m18843[00m 0xffff4c005e00 [36mINFO   [00m [00;01;31;44m     GST_REFCOUNTING gstelement.c:3460:gst_element_finalize:<rtpptdemux0>[00m 0xffff380381a0 finalize
0:00:01.345713766 [34m18843[00m 0xffff4c005e00 [36mINFO   [00m [00;01;31;44m     GST_REFCOUNTING gstelement.c:3465:gst_element_finalize:<rtpptdemux0>[00m 0xffff380381a0 finalize parent
0:00:01.345745959 [34m18843[00m 0xffff4c005e00 [36mINFO   [00m [00;01;31m          GST_STATES gstelement.c:2806:gst_element_continue_state:<pipeline0>[00m completed state change to NULL
0:00:01.345834858 [34m18843[00m 0xffff4c005e00 [36mINFO   [00m [00;01;31m          GST_STATES gstelement.c:2706:_priv_gst_element_state_changed:<pipeline0>[00m notifying about state-changed READY to NULL (VOID_PENDING pending)
[ WARN:0] global ./modules/videoio/src/cap_gstreamer.cpp (1390) setProperty OpenCV | GStreamer warning: GStreamer: unhandled property
0:00:01.345955246 [34m18843[00m 0xffff4c005e00 [36mINFO   [00m [00;01;31m          GST_STATES gstbin.c:2479:gst_bin_element_set_state:<appsink0>[00m current NULL pending VOID_PENDING, desired next READY
0:00:01.345983663 [34m18843[00m 0xffff4c005e00 [36mINFO   [00m [00;01;31m          GST_STATES gstelement.c:2806:gst_element_continue_state:<appsink0>[00m completed state change to READY
0:00:01.345995439 [34m18843[00m 0xffff4c005e00 [36mINFO   [00m [00;01;31m          GST_STATES gstelement.c:2706:_priv_gst_element_state_changed:<appsink0>[00m notifying about state-changed NULL to READY (VOID_PENDING pending)
0:00:01.346023408 [34m18843[00m 0xffff4c005e00 [36mINFO   [00m [00;01;31m          GST_STATES gstbin.c:2928:gst_bin_change_state_func:<pipeline0>[00m child 'appsink0' changed state to 2(READY) successfully
0:00:01.346038001 [34m18843[00m 0xffff4c005e00 [36mINFO   [00m [00;01;31m          GST_STATES gstbin.c:2479:gst_bin_element_set_state:<capsfilter1>[00m current NULL pending VOID_PENDING, desired next READY
0:00:01.346049009 [34m18843[00m 0xffff4c005e00 [36mINFO   [00m [00;01;31m          GST_STATES gstelement.c:2806:gst_element_continue_state:<capsfilter1>[00m completed state change to READY
0:00:01.346057937 [34m18843[00m 0xffff4c005e00 [36mINFO   [00m [00;01;31m          GST_STATES gstelement.c:2706:_priv_gst_element_state_changed:<capsfilter1>[00m notifying about state-changed NULL to READY (VOID_PENDING pending)
0:00:01.346083314 [34m18843[00m 0xffff4c005e00 [36mINFO   [00m [00;01;31m          GST_STATES gstbin.c:2928:gst_bin_change_state_func:<pipeline0>[00m child 'capsfilter1' changed state to 2(READY) successfully
0:00:01.346097427 [34m18843[00m 0xffff4c005e00 [36mINFO   [00m [00;01;31m          GST_STATES gstbin.c:2479:gst_bin_element_set_state:<videoconvert0>[00m current NULL pending VOID_PENDING, desired next READY
0:00:01.346107699 [34m18843[00m 0xffff4c005e00 [36mINFO   [00m [00;01;31m          GST_STATES gstelement.c:2806:gst_element_continue_state:<videoconvert0>[00m completed state change to READY
0:00:01.346116275 [34m18843[00m 0xffff4c005e00 [36mINFO   [00m [00;01;31m          GST_STATES gstelement.c:2706:_priv_gst_element_state_changed:<videoconvert0>[00m notifying about state-changed NULL to READY (VOID_PENDING pending)
0:00:01.346127380 [34m18843[00m 0xffff4c005e00 [36mINFO   [00m [00;01;31m          GST_STATES gstbin.c:2928:gst_bin_change_state_func:<pipeline0>[00m child 'videoconvert0' changed state to 2(READY) successfully
0:00:01.346138516 [34m18843[00m 0xffff4c005e00 [36mINFO   [00m [00;01;31m          GST_STATES gstbin.c:2479:gst_bin_element_set_state:<capsfilter0>[00m current NULL pending VOID_PENDING, desired next READY
0:00:01.346147572 [34m18843[00m 0xffff4c005e00 [36mINFO   [00m [00;01;31m          GST_STATES gstelement.c:2806:gst_element_continue_state:<capsfilter0>[00m completed state change to READY
0:00:01.346156981 [34m18843[00m 0xffff4c005e00 [36mINFO   [00m [00;01;31m          GST_STATES gstelement.c:2706:_priv_gst_element_state_changed:<capsfilter0>[00m notifying about state-changed NULL to READY (VOID_PENDING pending)
0:00:01.346168053 [34m18843[00m 0xffff4c005e00 [36mINFO   [00m [00;01;31m          GST_STATES gstbin.c:2928:gst_bin_change_state_func:<pipeline0>[00m child 'capsfilter0' changed state to 2(READY) successfully
0:00:01.346179733 [34m18843[00m 0xffff4c005e00 [36mINFO   [00m [00;01;31m          GST_STATES gstbin.c:2479:gst_bin_element_set_state:<nvvconv0>[00m current NULL pending VOID_PENDING, desired next READY
0:00:01.346193462 [34m18843[00m 0xffff4c005e00 [36mINFO   [00m [00;01;31m          GST_STATES gstelement.c:2806:gst_element_continue_state:<nvvconv0>[00m completed state change to READY
0:00:01.346203382 [34m18843[00m 0xffff4c005e00 [36mINFO   [00m [00;01;31m          GST_STATES gstelement.c:2706:_priv_gst_element_state_changed:<nvvconv0>[00m notifying about state-changed NULL to READY (VOID_PENDING pending)
0:00:01.346214742 [34m18843[00m 0xffff4c005e00 [36mINFO   [00m [00;01;31m          GST_STATES gstbin.c:2928:gst_bin_change_state_func:<pipeline0>[00m child 'nvvconv0' changed state to 2(READY) successfully
0:00:01.346226295 [34m18843[00m 0xffff4c005e00 [36mINFO   [00m [00;01;31m          GST_STATES gstbin.c:2479:gst_bin_element_set_state:<nvv4l2decoder0>[00m current NULL pending VOID_PENDING, desired next READY
0:00:01.355162717 [34m18843[00m 0xffff4c005e00 [36mINFO   [00m [00m                v4l2 v4l2_calls.c:637:gst_v4l2_open:<nvv4l2decoder0:sink>[00m Opened device '' (/dev/v4l2-nvdec) successfully
0:00:01.355247840 [34m18843[00m 0xffff4c005e00 [36mINFO   [00m [00m                v4l2 v4l2_calls.c:738:gst_v4l2_dup:<nvv4l2decoder0:src>[00m Cloned device '' (/dev/v4l2-nvdec) successfully
0:00:01.355291393 [34m18843[00m 0xffff4c005e00 [36mINFO   [00m [00m                v4l2 gstv4l2object.c:1307:gst_v4l2_object_fill_format_list:<nvv4l2decoder0:sink>[00m got 14 format(s):
0:00:01.355309250 [34m18843[00m 0xffff4c005e00 [36mINFO   [00m [00m                v4l2 gstv4l2object.c:1311:gst_v4l2_object_fill_format_list:<nvv4l2decoder0:sink>[00m   JPEG
0:00:01.355322082 [34m18843[00m 0xffff4c005e00 [36mINFO   [00m [00m                v4l2 gstv4l2object.c:1311:gst_v4l2_object_fill_format_list:<nvv4l2decoder0:sink>[00m   MJPG
0:00:01.355332803 [34m18843[00m 0xffff4c005e00 [36mINFO   [00m [00m                v4l2 gstv4l2object.c:1311:gst_v4l2_object_fill_format_list:<nvv4l2decoder0:sink>[00m   AV10
0:00:01.355532681 [34m18843[00m 0xffff4c005e00 [36mINFO   [00m [00m                v4l2 gstv4l2object.c:1311:gst_v4l2_object_fill_format_list:<nvv4l2decoder0:sink>[00m   DVX5
0:00:01.355550826 [34m18843[00m 0xffff4c005e00 [36mINFO   [00m [00m                v4l2 gstv4l2object.c:1311:gst_v4l2_object_fill_format_list:<nvv4l2decoder0:sink>[00m   DVX4
0:00:01.355702415 [34m18843[00m 0xffff4c005e00 [36mINFO   [00m [00m                v4l2 gstv4l2object.c:1311:gst_v4l2_object_fill_format_list:<nvv4l2decoder0:sink>[00m   MPG4
0:00:01.355742416 [34m18843[00m 0xffff4c005e00 [36mINFO   [00m [00m                v4l2 gstv4l2object.c:1311:gst_v4l2_object_fill_format_list:<nvv4l2decoder0:sink>[00m   MPG2
0:00:01.355761937 [34m18843[00m 0xffff4c005e00 [36mINFO   [00m [00m                v4l2 gstv4l2object.c:1311:gst_v4l2_object_fill_format_list:<nvv4l2decoder0:sink>[00m   MPG1
0:00:01.355774545 [34m18843[00m 0xffff4c005e00 [36mINFO   [00m [00m                v4l2 gstv4l2object.c:1311:gst_v4l2_object_fill_format_list:<nvv4l2decoder0:sink>[00m   VP90
0:00:01.355784722 [34m18843[00m 0xffff4c005e00 [36mINFO   [00m [00m                v4l2 gstv4l2object.c:1311:gst_v4l2_object_fill_format_list:<nvv4l2decoder0:sink>[00m   VP80
0:00:01.355793650 [34m18843[00m 0xffff4c005e00 [36mINFO   [00m [00m                v4l2 gstv4l2object.c:1311:gst_v4l2_object_fill_format_list:<nvv4l2decoder0:sink>[00m   H265
0:00:01.355801874 [34m18843[00m 0xffff4c005e00 [36mINFO   [00m [00m                v4l2 gstv4l2object.c:1311:gst_v4l2_object_fill_format_list:<nvv4l2decoder0:sink>[00m   H264
0:00:01.355810195 [34m18843[00m 0xffff4c005e00 [36mINFO   [00m [00m                v4l2 gstv4l2object.c:1311:gst_v4l2_object_fill_format_list:<nvv4l2decoder0:sink>[00m   VP8F
0:00:01.355819539 [34m18843[00m 0xffff4c005e00 [36mINFO   [00m [00m                v4l2 gstv4l2object.c:1311:gst_v4l2_object_fill_format_list:<nvv4l2decoder0:sink>[00m   S264
0:00:01.356048730 [34m18843[00m 0xffff4c005e00 [36mINFO   [00m [00m                v4l2 gstv4l2object.c:4740:gst_v4l2_object_probe_caps:<nvv4l2decoder0:sink>[00m probed caps: image/jpeg, width=(int)[ 48, 16384 ], height=(int)[ 48, 16384 ], parsed=(boolean)true; video/x-h264, stream-format=(string)byte-stream, alignment=(string)au, width=(int)[ 48, 4096 ], height=(int)[ 48, 4096 ], parsed=(boolean)true; video/x-h265, stream-format=(string)byte-stream, alignment=(string)au, width=(int)[ 180, 7680 ], height=(int)[ 180, 7680 ], parsed=(boolean)true; video/mpeg, mpegversion=(int)4, systemstream=(boolean)false, parsed=(boolean)true, width=(int)[ 48, 1920 ], height=(int)[ 48, 1920 ]; video/mpeg, mpegversion=(int)2, systemstream=(boolean)false, parsed=(boolean)true, width=(int)[ 48, 4096 ], height=(int)[ 48, 4096 ]; video/mpeg, mpegversion=(int)1, systemstream=(boolean)false, parsed=(boolean)true, width=(int)[ 48, 4096 ], height=(int)[ 48, 4096 ]; video/x-divx, divxversion=(int)5, width=(int)[ 48, 1920 ], height=(int)[ 48, 1920 ], systemstream=(boolean)false; video/x-divx, divxversion=(int)4, width=(int)[ 48, 1920 ], height=(int)[ 48, 1920 ], systemstream=(boolean)false; video/x-av1, width=(int)[ 48, 7680 ], height=(int)[ 48, 7680 ]; video/x-vp8, width=(int)[ 48, 4096 ], height=(int)[ 48, 4096 ]; video/x-vp9, width=(int)[ 48, 4096 ], height=(int)[ 48, 4096 ]
0:00:01.356080923 [34m18843[00m 0xffff4c005e00 [36mINFO   [00m [00m                v4l2 gstv4l2object.c:1307:gst_v4l2_object_fill_format_list:<nvv4l2decoder0:src>[00m got 5 format(s):
0:00:01.356096284 [34m18843[00m 0xffff4c005e00 [36mINFO   [00m [00m                v4l2 gstv4l2object.c:1311:gst_v4l2_object_fill_format_list:<nvv4l2decoder0:src>[00m   YM16
0:00:01.356106844 [34m18843[00m 0xffff4c005e00 [36mINFO   [00m [00m                v4l2 gstv4l2object.c:1311:gst_v4l2_object_fill_format_list:<nvv4l2decoder0:src>[00m   YM12
0:00:01.356115709 [34m18843[00m 0xffff4c005e00 [36mINFO   [00m [00m                v4l2 gstv4l2object.c:1311:gst_v4l2_object_fill_format_list:<nvv4l2decoder0:src>[00m   NM24
0:00:01.356144574 [34m18843[00m 0xffff4c005e00 [36mINFO   [00m [00m                v4l2 gstv4l2object.c:1311:gst_v4l2_object_fill_format_list:<nvv4l2decoder0:src>[00m   NM12
0:00:01.356154238 [34m18843[00m 0xffff4c005e00 [36mINFO   [00m [00m                v4l2 gstv4l2object.c:1311:gst_v4l2_object_fill_format_list:<nvv4l2decoder0:src>[00m   NV10
0:00:01.356164830 [34m18843[00m 0xffff4c005e00 [33;01mWARN   [00m [00m                v4l2 gstv4l2object.c:4682:gst_v4l2_object_probe_caps:<nvv4l2decoder0:src>[00m Failed to probe pixel aspect ratio with VIDIOC_CROPCAP: Unknown error -1
0:00:01.356257345 [34m18843[00m 0xffff4c005e00 [36mINFO   [00m [00m                v4l2 gstv4l2object.c:4740:gst_v4l2_object_probe_caps:<nvv4l2decoder0:src>[00m probed caps: video/x-raw, format=(string)Y42B, width=(int)[ 48, 4096 ], height=(int)[ 48, 4096 ], framerate=(fraction)[ 0/1, 2147483647/1 ]; video/x-raw, format=(string)I420, width=(int)[ 48, 4096 ], height=(int)[ 48, 4096 ], framerate=(fraction)[ 0/1, 2147483647/1 ]; video/x-raw, format=(string)NV24, width=(int)[ 48, 4096 ], height=(int)[ 48, 4096 ], framerate=(fraction)[ 0/1, 2147483647/1 ]; video/x-raw, format=(string)NV12, width=(int)[ 48, 4096 ], height=(int)[ 48, 4096 ], framerate=(fraction)[ 0/1, 2147483647/1 ]
0:00:01.356282658 [34m18843[00m 0xffff4c005e00 [36mINFO   [00m [00;01;31m          GST_STATES gstelement.c:2806:gst_element_continue_state:<nvv4l2decoder0>[00m completed state change to READY
0:00:01.356298851 [34m18843[00m 0xffff4c005e00 [36mINFO   [00m [00;01;31m          GST_STATES gstelement.c:2706:_priv_gst_element_state_changed:<nvv4l2decoder0>[00m notifying about state-changed NULL to READY (VOID_PENDING pending)
0:00:01.356332420 [34m18843[00m 0xffff4c005e00 [36mINFO   [00m [00;01;31m          GST_STATES gstbin.c:2928:gst_bin_change_state_func:<pipeline0>[00m child 'nvv4l2decoder0' changed state to 2(READY) successfully
0:00:01.356360581 [34m18843[00m 0xffff4c005e00 [36mINFO   [00m [00;01;31m          GST_STATES gstbin.c:2479:gst_bin_element_set_state:<queue1>[00m current NULL pending VOID_PENDING, desired next READY
0:00:01.356376485 [34m18843[00m 0xffff4c005e00 [36mINFO   [00m [00;01;31m          GST_STATES gstelement.c:2806:gst_element_continue_state:<queue1>[00m completed state change to READY
0:00:01.356386725 [34m18843[00m 0xffff4c005e00 [36mINFO   [00m [00;01;31m          GST_STATES gstelement.c:2706:_priv_gst_element_state_changed:<queue1>[00m notifying about state-changed NULL to READY (VOID_PENDING pending)
0:00:01.356400166 [34m18843[00m 0xffff4c005e00 [36mINFO   [00m [00;01;31m          GST_STATES gstbin.c:2928:gst_bin_change_state_func:<pipeline0>[00m child 'queue1' changed state to 2(READY) successfully
0:00:01.356415590 [34m18843[00m 0xffff4c005e00 [36mINFO   [00m [00;01;31m          GST_STATES gstbin.c:2479:gst_bin_element_set_state:<h265parse0>[00m current NULL pending VOID_PENDING, desired next READY
0:00:01.356427943 [34m18843[00m 0xffff4c005e00 [36mINFO   [00m [00;01;31m          GST_STATES gstelement.c:2806:gst_element_continue_state:<h265parse0>[00m completed state change to READY
0:00:01.356437447 [34m18843[00m 0xffff4c005e00 [36mINFO   [00m [00;01;31m          GST_STATES gstelement.c:2706:_priv_gst_element_state_changed:<h265parse0>[00m notifying about state-changed NULL to READY (VOID_PENDING pending)
0:00:01.356449832 [34m18843[00m 0xffff4c005e00 [36mINFO   [00m [00;01;31m          GST_STATES gstbin.c:2928:gst_bin_change_state_func:<pipeline0>[00m child 'h265parse0' changed state to 2(READY) successfully
0:00:01.356464232 [34m18843[00m 0xffff4c005e00 [36mINFO   [00m [00;01;31m          GST_STATES gstbin.c:2479:gst_bin_element_set_state:<queue0>[00m current NULL pending VOID_PENDING, desired next READY
0:00:01.356474184 [34m18843[00m 0xffff4c005e00 [36mINFO   [00m [00;01;31m          GST_STATES gstelement.c:2806:gst_element_continue_state:<queue0>[00m completed state change to READY
0:00:01.356494729 [34m18843[00m 0xffff4c005e00 [36mINFO   [00m [00;01;31m          GST_STATES gstelement.c:2706:_priv_gst_element_state_changed:<queue0>[00m notifying about state-changed NULL to READY (VOID_PENDING pending)
0:00:01.356509002 [34m18843[00m 0xffff4c005e00 [36mINFO   [00m [00;01;31m          GST_STATES gstbin.c:2928:gst_bin_change_state_func:<pipeline0>[00m child 'queue0' changed state to 2(READY) successfully
0:00:01.356523786 [34m18843[00m 0xffff4c005e00 [36mINFO   [00m [00;01;31m          GST_STATES gstbin.c:2479:gst_bin_element_set_state:<rtph265depay0>[00m current NULL pending VOID_PENDING, desired next READY
0:00:01.356537002 [34m18843[00m 0xffff4c005e00 [36mINFO   [00m [00;01;31m          GST_STATES gstelement.c:2806:gst_element_continue_state:<rtph265depay0>[00m completed state change to READY
0:00:01.356546219 [34m18843[00m 0xffff4c005e00 [36mINFO   [00m [00;01;31m          GST_STATES gstelement.c:2706:_priv_gst_element_state_changed:<rtph265depay0>[00m notifying about state-changed NULL to READY (VOID_PENDING pending)
0:00:01.356557963 [34m18843[00m 0xffff4c005e00 [36mINFO   [00m [00;01;31m          GST_STATES gstbin.c:2928:gst_bin_change_state_func:<pipeline0>[00m child 'rtph265depay0' changed state to 2(READY) successfully
0:00:01.356570988 [34m18843[00m 0xffff4c005e00 [36mINFO   [00m [00;01;31m          GST_STATES gstbin.c:2479:gst_bin_element_set_state:<rtpjitterbuffer0>[00m current NULL pending VOID_PENDING, desired next READY
0:00:01.356583628 [34m18843[00m 0xffff4c005e00 [36mINFO   [00m [00;01;31m          GST_STATES gstelement.c:2806:gst_element_continue_state:<rtpjitterbuffer0>[00m completed state change to READY
0:00:01.356592556 [34m18843[00m 0xffff4c005e00 [36mINFO   [00m [00;01;31m          GST_STATES gstelement.c:2706:_priv_gst_element_state_changed:<rtpjitterbuffer0>[00m notifying about state-changed NULL to READY (VOID_PENDING pending)
0:00:01.356604205 [34m18843[00m 0xffff4c005e00 [36mINFO   [00m [00;01;31m          GST_STATES gstbin.c:2928:gst_bin_change_state_func:<pipeline0>[00m child 'rtpjitterbuffer0' changed state to 2(READY) successfully
0:00:01.356619149 [34m18843[00m 0xffff4c005e00 [36mINFO   [00m [00;01;31m          GST_STATES gstbin.c:2479:gst_bin_element_set_state:<rtspsrc0>[00m current NULL pending VOID_PENDING, desired next READY
0:00:01.356661807 [34m18843[00m 0xffff4c005e00 [36mINFO   [00m [00m                task gsttask.c:516:gst_task_set_lock:[00m setting stream lock 0xffff4c274448 on task 0xffff4c290950
0:00:01.356684591 [34m18843[00m 0xffff4c005e00 [36mINFO   [00m [00;01;31m          GST_STATES gstelement.c:2806:gst_element_continue_state:<rtspsrc0>[00m completed state change to READY
0:00:01.356695984 [34m18843[00m 0xffff4c005e00 [36mINFO   [00m [00;01;31m          GST_STATES gstelement.c:2706:_priv_gst_element_state_changed:<rtspsrc0>[00m notifying about state-changed NULL to READY (VOID_PENDING pending)
0:00:01.356710736 [34m18843[00m 0xffff4c005e00 [36mINFO   [00m [00;01;31m          GST_STATES gstbin.c:2928:gst_bin_change_state_func:<pipeline0>[00m child 'rtspsrc0' changed state to 2(READY) successfully
0:00:01.356726641 [34m18843[00m 0xffff4c005e00 [36mINFO   [00m [00;01;31m          GST_STATES gstelement.c:2778:gst_element_continue_state:<pipeline0>[00m committing state from NULL to READY, pending PLAYING, next PAUSED
0:00:01.356736625 [34m18843[00m 0xffff4c005e00 [36mINFO   [00m [00;01;31m          GST_STATES gstelement.c:2706:_priv_gst_element_state_changed:<pipeline0>[00m notifying about state-changed NULL to READY (PLAYING pending)
0:00:01.356749073 [34m18843[00m 0xffff4c005e00 [36mINFO   [00m [00;01;31m          GST_STATES gstelement.c:2786:gst_element_continue_state:<pipeline0>[00m continue state change READY to PAUSED, final PLAYING
0:00:01.356779538 [34m18843[00m 0xffff4c005e00 [36mINFO   [00m [00;01;31m          GST_STATES gstbin.c:2479:gst_bin_element_set_state:<appsink0>[00m current READY pending VOID_PENDING, desired next PAUSED
0:00:01.356821332 [34m18843[00m 0xffff4c005e00 [36mINFO   [00m [00;01;31m          GST_STATES gstbin.c:2935:gst_bin_change_state_func:<pipeline0>[00m child 'appsink0' is changing state asynchronously to PAUSED
0:00:01.356836724 [34m18843[00m 0xffff4c005e00 [36mINFO   [00m [00;01;31m          GST_STATES gstbin.c:2479:gst_bin_element_set_state:<capsfilter1>[00m current READY pending VOID_PENDING, desired next PAUSED
0:00:01.356856373 [34m18843[00m 0xffff4c005e00 [36mINFO   [00m [00;01;31m          GST_STATES gstelement.c:2806:gst_element_continue_state:<capsfilter1>[00m completed state change to PAUSED
0:00:01.356867477 [34m18843[00m 0xffff4c005e00 [36mINFO   [00m [00;01;31m          GST_STATES gstelement.c:2706:_priv_gst_element_state_changed:<capsfilter1>[00m notifying about state-changed READY to PAUSED (VOID_PENDING pending)
0:00:01.356880918 [34m18843[00m 0xffff4c005e00 [36mINFO   [00m [00;01;31m          GST_STATES gstbin.c:2928:gst_bin_change_state_func:<pipeline0>[00m child 'capsfilter1' changed state to 3(PAUSED) successfully
0:00:01.356892886 [34m18843[00m 0xffff4c005e00 [36mINFO   [00m [00;01;31m          GST_STATES gstbin.c:2479:gst_bin_element_set_state:<videoconvert0>[00m current READY pending VOID_PENDING, desired next PAUSED
0:00:01.356908503 [34m18843[00m 0xffff4c005e00 [36mINFO   [00m [00;01;31m          GST_STATES gstelement.c:2806:gst_element_continue_state:<videoconvert0>[00m completed state change to PAUSED
0:00:01.356919031 [34m18843[00m 0xffff4c005e00 [36mINFO   [00m [00;01;31m          GST_STATES gstelement.c:2706:_priv_gst_element_state_changed:<videoconvert0>[00m notifying about state-changed READY to PAUSED (VOID_PENDING pending)
0:00:01.356931607 [34m18843[00m 0xffff4c005e00 [36mINFO   [00m [00;01;31m          GST_STATES gstbin.c:2928:gst_bin_change_state_func:<pipeline0>[00m child 'videoconvert0' changed state to 3(PAUSED) successfully
0:00:01.356943320 [34m18843[00m 0xffff4c005e00 [36mINFO   [00m [00;01;31m          GST_STATES gstbin.c:2479:gst_bin_element_set_state:<capsfilter0>[00m current READY pending VOID_PENDING, desired next PAUSED
0:00:01.356957592 [34m18843[00m 0xffff4c005e00 [36mINFO   [00m [00;01;31m          GST_STATES gstelement.c:2806:gst_element_continue_state:<capsfilter0>[00m completed state change to PAUSED
0:00:01.356968121 [34m18843[00m 0xffff4c005e00 [36mINFO   [00m [00;01;31m          GST_STATES gstelement.c:2706:_priv_gst_element_state_changed:<capsfilter0>[00m notifying about state-changed READY to PAUSED (VOID_PENDING pending)
0:00:01.356981177 [34m18843[00m 0xffff4c005e00 [36mINFO   [00m [00;01;31m          GST_STATES gstbin.c:2928:gst_bin_change_state_func:<pipeline0>[00m child 'capsfilter0' changed state to 3(PAUSED) successfully
0:00:01.356992985 [34m18843[00m 0xffff4c005e00 [36mINFO   [00m [00;01;31m          GST_STATES gstbin.c:2479:gst_bin_element_set_state:<nvvconv0>[00m current READY pending VOID_PENDING, desired next PAUSED
0:00:01.357012314 [34m18843[00m 0xffff4c005e00 [36mINFO   [00m [00;01;31m          GST_STATES gstelement.c:2806:gst_element_continue_state:<nvvconv0>[00m completed state change to PAUSED
0:00:01.357023514 [34m18843[00m 0xffff4c005e00 [36mINFO   [00m [00;01;31m          GST_STATES gstelement.c:2706:_priv_gst_element_state_changed:<nvvconv0>[00m notifying about state-changed READY to PAUSED (VOID_PENDING pending)
0:00:01.357035547 [34m18843[00m 0xffff4c005e00 [36mINFO   [00m [00;01;31m          GST_STATES gstbin.c:2928:gst_bin_change_state_func:<pipeline0>[00m child 'nvvconv0' changed state to 3(PAUSED) successfully
0:00:01.357046715 [34m18843[00m 0xffff4c005e00 [36mINFO   [00m [00;01;31m          GST_STATES gstbin.c:2479:gst_bin_element_set_state:<nvv4l2decoder0>[00m current READY pending VOID_PENDING, desired next PAUSED
0:00:01.357072284 [34m18843[00m 0xffff4c005e00 [36mINFO   [00m [00;01;31m          GST_STATES gstelement.c:2806:gst_element_continue_state:<nvv4l2decoder0>[00m completed state change to PAUSED
0:00:01.357083932 [34m18843[00m 0xffff4c005e00 [36mINFO   [00m [00;01;31m          GST_STATES gstelement.c:2706:_priv_gst_element_state_changed:<nvv4l2decoder0>[00m notifying about state-changed READY to PAUSED (VOID_PENDING pending)
0:00:01.357106301 [34m18843[00m 0xffff4c005e00 [36mINFO   [00m [00;01;31m          GST_STATES gstbin.c:2928:gst_bin_change_state_func:<pipeline0>[00m child 'nvv4l2decoder0' changed state to 3(PAUSED) successfully
0:00:01.357118878 [34m18843[00m 0xffff4c005e00 [36mINFO   [00m [00;01;31m          GST_STATES gstbin.c:2479:gst_bin_element_set_state:<queue1>[00m current READY pending VOID_PENDING, desired next PAUSED
0:00:01.357140766 [34m18843[00m 0xffff4c005e00 [36mINFO   [00m [00m                task gsttask.c:516:gst_task_set_lock:[00m setting stream lock 0xffff4c2835c0 on task 0xffff4c290a70
0:00:01.357154335 [34m18843[00m 0xffff4c005e00 [36mINFO   [00m [00;01;31;44m            GST_PADS gstpad.c:6291:gst_pad_start_task:<queue1:src>[00m created task 0xffff4c290a70
0:00:01.357185344 [34m18843[00m 0xffff4c005e00 [36mINFO   [00m [00;01;31m          GST_STATES gstelement.c:2806:gst_element_continue_state:<queue1>[00m completed state change to PAUSED
0:00:01.357198144 [34m18843[00m 0xffff4c005e00 [36mINFO   [00m [00;01;31m          GST_STATES gstelement.c:2706:_priv_gst_element_state_changed:<queue1>[00m notifying about state-changed READY to PAUSED (VOID_PENDING pending)
0:00:01.357211233 [34m18843[00m 0xffff4c005e00 [36mINFO   [00m [00;01;31m          GST_STATES gstbin.c:2928:gst_bin_change_state_func:<pipeline0>[00m child 'queue1' changed state to 3(PAUSED) successfully
0:00:01.357223649 [34m18843[00m 0xffff4c005e00 [36mINFO   [00m [00;01;31m          GST_STATES gstbin.c:2479:gst_bin_element_set_state:<h265parse0>[00m current READY pending VOID_PENDING, desired next PAUSED
0:00:01.357334277 [34m18843[00m 0xffff4c005e00 [36mINFO   [00m [00;01;31m          GST_STATES gstelement.c:2806:gst_element_continue_state:<h265parse0>[00m completed state change to PAUSED
0:00:01.357355109 [34m18843[00m 0xffff4c005e00 [36mINFO   [00m [00;01;31m          GST_STATES gstelement.c:2706:_priv_gst_element_state_changed:<h265parse0>[00m notifying about state-changed READY to PAUSED (VOID_PENDING pending)
0:00:01.357370982 [34m18843[00m 0xffff4c005e00 [36mINFO   [00m [00;01;31m          GST_STATES gstbin.c:2928:gst_bin_change_state_func:<pipeline0>[00m child 'h265parse0' changed state to 3(PAUSED) successfully
0:00:01.357385254 [34m18843[00m 0xffff4c005e00 [36mINFO   [00m [00;01;31m          GST_STATES gstbin.c:2479:gst_bin_element_set_state:<queue0>[00m current READY pending VOID_PENDING, desired next PAUSED
0:00:01.357404231 [34m18843[00m 0xffff4c005e00 [36mINFO   [00m [00m                task gsttask.c:516:gst_task_set_lock:[00m setting stream lock 0xffff4c282c80 on task 0xffff4c290dd0
0:00:01.357415623 [34m18843[00m 0xffff4c005e00 [36mINFO   [00m [00;01;31;44m            GST_PADS gstpad.c:6291:gst_pad_start_task:<queue0:src>[00m created task 0xffff4c290dd0
0:00:01.357496394 [34m18843[00m 0xffff4c005e00 [36mINFO   [00m [00;01;31m          GST_STATES gstelement.c:2806:gst_element_continue_state:<queue0>[00m completed state change to PAUSED
0:00:01.357512747 [34m18843[00m 0xffff4c005e00 [36mINFO   [00m [00;01;31m          GST_STATES gstelement.c:2706:_priv_gst_element_state_changed:<queue0>[00m notifying about state-changed READY to PAUSED (VOID_PENDING pending)
0:00:01.357529227 [34m18843[00m 0xffff4c005e00 [36mINFO   [00m [00;01;31m          GST_STATES gstbin.c:2928:gst_bin_change_state_func:<pipeline0>[00m child 'queue0' changed state to 3(PAUSED) successfully
0:00:01.357544652 [34m18843[00m 0xffff4c005e00 [36mINFO   [00m [00;01;31m          GST_STATES gstbin.c:2479:gst_bin_element_set_state:<rtph265depay0>[00m current READY pending VOID_PENDING, desired next PAUSED
0:00:01.357566380 [34m18843[00m 0xffff4c005e00 [36mINFO   [00m [00;01;31m          GST_STATES gstelement.c:2806:gst_element_continue_state:<rtph265depay0>[00m completed state change to PAUSED
0:00:01.357589037 [34m18843[00m 0xffff4c005e00 [36mINFO   [00m [00;01;31m          GST_STATES gstelement.c:2706:_priv_gst_element_state_changed:<rtph265depay0>[00m notifying about state-changed READY to PAUSED (VOID_PENDING pending)
0:00:01.357604142 [34m18843[00m 0xffff4c005e00 [36mINFO   [00m [00;01;31m          GST_STATES gstbin.c:2928:gst_bin_change_state_func:<pipeline0>[00m child 'rtph265depay0' changed state to 3(PAUSED) successfully
0:00:01.357616302 [34m18843[00m 0xffff4c005e00 [36mINFO   [00m [00;01;31m          GST_STATES gstbin.c:2479:gst_bin_element_set_state:<rtpjitterbuffer0>[00m current READY pending VOID_PENDING, desired next PAUSED
0:00:01.357822901 [34m18843[00m 0xffff4c005e00 [36mINFO   [00m [00m                task gsttask.c:516:gst_task_set_lock:[00m setting stream lock 0xffff4c2820f0 on task 0xffff4c290710
0:00:01.357849430 [34m18843[00m 0xffff4c005e00 [36mINFO   [00m [00;01;31;44m            GST_PADS gstpad.c:6291:gst_pad_start_task:<rtpjitterbuffer0:src>[00m created task 0xffff4c290710
0:00:01.357881463 [34m18843[00m 0xffff4c005e00 [36mINFO   [00m [00;01;31m          GST_STATES gstelement.c:2806:gst_element_continue_state:<rtpjitterbuffer0>[00m completed state change to PAUSED
0:00:01.357897591 [34m18843[00m 0xffff4c005e00 [36mINFO   [00m [00;01;31m          GST_STATES gstelement.c:2706:_priv_gst_element_state_changed:<rtpjitterbuffer0>[00m notifying about state-changed READY to PAUSED (VOID_PENDING pending)
0:00:01.357915480 [34m18843[00m 0xffff4c005e00 [36mINFO   [00m [00;01;31m          GST_STATES gstbin.c:2971:gst_bin_change_state_func:<pipeline0>[00m child 'rtpjitterbuffer0' changed state to 3(PAUSED) successfully without preroll
0:00:01.357930680 [34m18843[00m 0xffff4c005e00 [36mINFO   [00m [00;01;31m          GST_STATES gstbin.c:2479:gst_bin_element_set_state:<rtspsrc0>[00m current READY pending VOID_PENDING, desired next PAUSED
0:00:01.358173664 [34m18843[00m 0xffff4c005e00 [36mINFO   [00m [00;01;31m          GST_STATES gstelement.c:2806:gst_element_continue_state:<rtspsrc0>[00m completed state change to PAUSED
0:00:01.358200449 [34m18843[00m 0xffff4c005e00 [36mINFO   [00m [00;01;31m          GST_STATES gstelement.c:2706:_priv_gst_element_state_changed:<rtspsrc0>[00m notifying about state-changed READY to PAUSED (VOID_PENDING pending)
0:00:01.358221314 [34m18843[00m 0xffff4c005e00 [36mINFO   [00m [00;01;31m          GST_STATES gstbin.c:2971:gst_bin_change_state_func:<pipeline0>[00m child 'rtspsrc0' changed state to 3(PAUSED) successfully without preroll
0:00:01.358240547 [34m18843[00m 0xffff4c005e00 [36mINFO   [00m [00;01m            pipeline gstpipeline.c:533:gst_pipeline_change_state:<pipeline0>[00m pipeline is live
0:00:01.358254019 [34m18843[00m 0xffff4c005e00 [36mINFO   [00m [00;01;31m          GST_STATES gstelement.c:2778:gst_element_continue_state:<pipeline0>[00m committing state from READY to PAUSED, pending PLAYING, next PLAYING
0:00:01.358263811 [34m18843[00m 0xffff4c005e00 [36mINFO   [00m [00;01;31m          GST_STATES gstelement.c:2706:_priv_gst_element_state_changed:<pipeline0>[00m notifying about state-changed READY to PAUSED (PLAYING pending)
0:00:01.358276388 [34m18843[00m 0xffff4c005e00 [36mINFO   [00m [00;01;31m          GST_STATES gstelement.c:2786:gst_element_continue_state:<pipeline0>[00m continue state change PAUSED to PLAYING, final PLAYING
0:00:01.358352966 [34m18843[00m 0xffff4c005e00 [36mINFO   [00m [00;01;34m           GST_EVENT gstevent.c:1530:gst_event_new_latency:[00m creating latency event 0:00:00.000000000
0:00:01.358384455 [34m18843[00m 0xffff4c005e00 [36mINFO   [00m [00;01m                 bin gstbin.c:2759:gst_bin_do_latency_func:<pipeline0>[00m configured latency of 0:00:00.000000000
0:00:01.358411848 [34m18843[00m 0xffff4c005e00 [36mINFO   [00m [00;01;31m          GST_STATES gstbin.c:2479:gst_bin_element_set_state:<appsink0>[00m current READY pending PAUSED, desired next PLAYING
0:00:01.358424713 [34m18843[00m 0xffff4c005e00 [36mINFO   [00m [00;01;31m          GST_STATES gstbin.c:2935:gst_bin_change_state_func:<pipeline0>[00m child 'appsink0' is changing state asynchronously to PLAYING
0:00:01.358452554 [34m18843[00m 0xffff4c005e00 [36mINFO   [00m [00;01;31m          GST_STATES gstbin.c:2479:gst_bin_element_set_state:<capsfilter1>[00m current PAUSED pending VOID_PENDING, desired next PLAYING
0:00:01.358465418 [34m18843[00m 0xffff4c005e00 [36mINFO   [00m [00;01;31m          GST_STATES gstelement.c:2806:gst_element_continue_state:<capsfilter1>[00m completed state change to PLAYING
0:00:01.358475722 [34m18843[00m 0xffff4c005e00 [36mINFO   [00m [00;01;31m          GST_STATES gstelement.c:2706:_priv_gst_element_state_changed:<capsfilter1>[00m notifying about state-changed PAUSED to PLAYING (VOID_PENDING pending)
0:00:01.358489067 [34m18843[00m 0xffff4c005e00 [36mINFO   [00m [00;01;31m          GST_STATES gstbin.c:2928:gst_bin_change_state_func:<pipeline0>[00m child 'capsfilter1' changed state to 4(PLAYING) successfully
0:00:01.358502859 [34m18843[00m 0xffff4c005e00 [36mINFO   [00m [00;01;31m          GST_STATES gstbin.c:2479:gst_bin_element_set_state:<videoconvert0>[00m current PAUSED pending VOID_PENDING, desired next PLAYING
0:00:01.358513964 [34m18843[00m 0xffff4c005e00 [36mINFO   [00m [00;01;31m          GST_STATES gstelement.c:2806:gst_element_continue_state:<videoconvert0>[00m completed state change to PLAYING
0:00:01.358523244 [34m18843[00m 0xffff4c005e00 [36mINFO   [00m [00;01;31m          GST_STATES gstelement.c:2706:_priv_gst_element_state_changed:<videoconvert0>[00m notifying about state-changed PAUSED to PLAYING (VOID_PENDING pending)
0:00:01.358535276 [34m18843[00m 0xffff4c005e00 [36mINFO   [00m [00;01;31m          GST_STATES gstbin.c:2928:gst_bin_change_state_func:<pipeline0>[00m child 'videoconvert0' changed state to 4(PLAYING) successfully
0:00:01.358546765 [34m18843[00m 0xffff4c005e00 [36mINFO   [00m [00;01;31m          GST_STATES gstbin.c:2479:gst_bin_element_set_state:<capsfilter0>[00m current PAUSED pending VOID_PENDING, desired next PLAYING
0:00:01.358557101 [34m18843[00m 0xffff4c005e00 [36mINFO   [00m [00;01;31m          GST_STATES gstelement.c:2806:gst_element_continue_state:<capsfilter0>[00m completed state change to PLAYING
0:00:01.358566349 [34m18843[00m 0xffff4c005e00 [36mINFO   [00m [00;01;31m          GST_STATES gstelement.c:2706:_priv_gst_element_state_changed:<capsfilter0>[00m notifying about state-changed PAUSED to PLAYING (VOID_PENDING pending)
0:00:01.358577742 [34m18843[00m 0xffff4c005e00 [36mINFO   [00m [00;01;31m          GST_STATES gstbin.c:2928:gst_bin_change_state_func:<pipeline0>[00m child 'capsfilter0' changed state to 4(PLAYING) successfully
0:00:01.358589134 [34m18843[00m 0xffff4c005e00 [36mINFO   [00m [00;01;31m          GST_STATES gstbin.c:2479:gst_bin_element_set_state:<nvvconv0>[00m current PAUSED pending VOID_PENDING, desired next PLAYING
0:00:01.358601966 [34m18843[00m 0xffff4c005e00 [36mINFO   [00m [00;01;31m          GST_STATES gstelement.c:2806:gst_element_continue_state:<nvvconv0>[00m completed state change to PLAYING
0:00:01.358611503 [34m18843[00m 0xffff4c005e00 [36mINFO   [00m [00;01;31m          GST_STATES gstelement.c:2706:_priv_gst_element_state_changed:<nvvconv0>[00m notifying about state-changed PAUSED to PLAYING (VOID_PENDING pending)
0:00:01.358625231 [34m18843[00m 0xffff4c005e00 [36mINFO   [00m [00;01;31m          GST_STATES gstbin.c:2928:gst_bin_change_state_func:<pipeline0>[00m child 'nvvconv0' changed state to 4(PLAYING) successfully
0:00:01.358637072 [34m18843[00m 0xffff4c005e00 [36mINFO   [00m [00;01;31m          GST_STATES gstbin.c:2479:gst_bin_element_set_state:<nvv4l2decoder0>[00m current PAUSED pending VOID_PENDING, desired next PLAYING
0:00:01.358649552 [34m18843[00m 0xffff4c005e00 [36mINFO   [00m [00;01;31m          GST_STATES gstelement.c:2806:gst_element_continue_state:<nvv4l2decoder0>[00m completed state change to PLAYING
0:00:01.358668529 [34m18843[00m 0xffff4c005e00 [36mINFO   [00m [00;01;31m          GST_STATES gstelement.c:2706:_priv_gst_element_state_changed:<nvv4l2decoder0>[00m notifying about state-changed PAUSED to PLAYING (VOID_PENDING pending)
0:00:01.358683633 [34m18843[00m 0xffff4c005e00 [36mINFO   [00m [00;01;31m          GST_STATES gstbin.c:2928:gst_bin_change_state_func:<pipeline0>[00m child 'nvv4l2decoder0' changed state to 4(PLAYING) successfully
0:00:01.358695474 [34m18843[00m 0xffff4c005e00 [36mINFO   [00m [00;01;31m          GST_STATES gstbin.c:2479:gst_bin_element_set_state:<queue1>[00m current PAUSED pending VOID_PENDING, desired next PLAYING
0:00:01.358705714 [34m18843[00m 0xffff4c005e00 [36mINFO   [00m [00;01;31m          GST_STATES gstelement.c:2806:gst_element_continue_state:<queue1>[00m completed state change to PLAYING
0:00:01.358714706 [34m18843[00m 0xffff4c005e00 [36mINFO   [00m [00;01;31m          GST_STATES gstelement.c:2706:_priv_gst_element_state_changed:<queue1>[00m notifying about state-changed PAUSED to PLAYING (VOID_PENDING pending)
0:00:01.358726899 [34m18843[00m 0xffff4c005e00 [36mINFO   [00m [00;01;31m          GST_STATES gstbin.c:2928:gst_bin_change_state_func:<pipeline0>[00m child 'queue1' changed state to 4(PLAYING) successfully
0:00:01.358738451 [34m18843[00m 0xffff4c005e00 [36mINFO   [00m [00;01;31m          GST_STATES gstbin.c:2479:gst_bin_element_set_state:<h265parse0>[00m current PAUSED pending VOID_PENDING, desired next PLAYING
0:00:01.358749139 [34m18843[00m 0xffff4c005e00 [36mINFO   [00m [00;01;31m          GST_STATES gstelement.c:2806:gst_element_continue_state:<h265parse0>[00m completed state change to PLAYING
0:00:01.358758516 [34m18843[00m 0xffff4c005e00 [36mINFO   [00m [00;01;31m          GST_STATES gstelement.c:2706:_priv_gst_element_state_changed:<h265parse0>[00m notifying about state-changed PAUSED to PLAYING (VOID_PENDING pending)
0:00:01.358770420 [34m18843[00m 0xffff4c005e00 [36mINFO   [00m [00;01;31m          GST_STATES gstbin.c:2928:gst_bin_change_state_func:<pipeline0>[00m child 'h265parse0' changed state to 4(PLAYING) successfully
0:00:01.358781300 [34m18843[00m 0xffff4c005e00 [36mINFO   [00m [00;01;31m          GST_STATES gstbin.c:2479:gst_bin_element_set_state:<queue0>[00m current PAUSED pending VOID_PENDING, desired next PLAYING
0:00:01.358790357 [34m18843[00m 0xffff4c005e00 [36mINFO   [00m [00;01;31m          GST_STATES gstelement.c:2806:gst_element_continue_state:<queue0>[00m completed state change to PLAYING
0:00:01.358800629 [34m18843[00m 0xffff4c005e00 [36mINFO   [00m [00;01;31m          GST_STATES gstelement.c:2706:_priv_gst_element_state_changed:<queue0>[00m notifying about state-changed PAUSED to PLAYING (VOID_PENDING pending)
0:00:01.358812757 [34m18843[00m 0xffff4c005e00 [36mINFO   [00m [00;01;31m          GST_STATES gstbin.c:2928:gst_bin_change_state_func:<pipeline0>[00m child 'queue0' changed state to 4(PLAYING) successfully
0:00:01.358824054 [34m18843[00m 0xffff4c005e00 [36mINFO   [00m [00;01;31m          GST_STATES gstbin.c:2479:gst_bin_element_set_state:<rtph265depay0>[00m current PAUSED pending VOID_PENDING, desired next PLAYING
0:00:01.358835318 [34m18843[00m 0xffff4c005e00 [36mINFO   [00m [00;01;31m          GST_STATES gstelement.c:2806:gst_element_continue_state:<rtph265depay0>[00m completed state change to PLAYING
0:00:01.358844502 [34m18843[00m 0xffff4c005e00 [36mINFO   [00m [00;01;31m          GST_STATES gstelement.c:2706:_priv_gst_element_state_changed:<rtph265depay0>[00m notifying about state-changed PAUSED to PLAYING (VOID_PENDING pending)
0:00:01.358856151 [34m18843[00m 0xffff4c005e00 [36mINFO   [00m [00;01;31m          GST_STATES gstbin.c:2928:gst_bin_change_state_func:<pipeline0>[00m child 'rtph265depay0' changed state to 4(PLAYING) successfully
0:00:01.358881464 [34m18843[00m 0xffff4c005e00 [36mINFO   [00m [00;01;31m          GST_STATES gstelement.c:2806:gst_element_continue_state:<rtpjitterbuffer0>[00m completed state change to PLAYING
0:00:01.358902232 [34m18843[00m 0xffff4c005e00 [36mINFO   [00m [00;01;31m          GST_STATES gstelement.c:2706:_priv_gst_element_state_changed:<rtpjitterbuffer0>[00m notifying about state-changed PAUSED to PLAYING (VOID_PENDING pending)
0:00:01.358916057 [34m18843[00m 0xffff4c005e00 [36mINFO   [00m [00;01;31m          GST_STATES gstbin.c:2928:gst_bin_change_state_func:<pipeline0>[00m child 'rtpjitterbuffer0' changed state to 4(PLAYING) successfully
0:00:01.358944186 [34m18843[00m 0xffff4c005e00 [36mINFO   [00m [00;01;31m          GST_STATES gstelement.c:2806:gst_element_continue_state:<rtspsrc0>[00m completed state change to PLAYING
0:00:01.358957594 [34m18843[00m 0xffff4c005e00 [36mINFO   [00m [00;01;31m          GST_STATES gstelement.c:2706:_priv_gst_element_state_changed:<rtspsrc0>[00m notifying about state-changed PAUSED to PLAYING (VOID_PENDING pending)
0:00:01.358971387 [34m18843[00m 0xffff4c005e00 [36mINFO   [00m [00;01;31m          GST_STATES gstbin.c:2928:gst_bin_change_state_func:<pipeline0>[00m child 'rtspsrc0' changed state to 4(PLAYING) successfully
0:00:01.358986875 [34m18843[00m 0xffff4c005e00 [36mINFO   [00m [00;01;31m          GST_STATES gstbin.c:2069:gst_bin_get_state_func:<pipeline0>[00m getting state
0:00:01.358997948 [34m18843[00m 0xffff4c005e00 [36mINFO   [00m [00;01;31m          GST_STATES gstelement.c:2522:gst_element_get_state_func:<pipeline0>[00m waiting for element to commit state
0:00:01.387320192 [34m18843[00m 0xffff4c008360 [36mINFO   [00m [00m             rtspsrc gstrtspsrc.c:8025:gst_rtspsrc_retrieve_sdp:<rtspsrc0>[00m Now using version: 1.0
0:00:01.389668750 [34m18843[00m 0xffff4c008360 [36mINFO   [00m [00;01;37;41m GST_ELEMENT_FACTORY gstelementfactory.c:489:gst_element_factory_create_with_properties:[00m creating element "rtpbin"
0:00:01.390215584 [34m18843[00m 0xffff4c008360 [36mINFO   [00m [00;01;31m          GST_STATES gstelement.c:2778:gst_element_continue_state:<manager>[00m committing state from NULL to READY, pending PAUSED, next PAUSED
0:00:01.390298018 [34m18843[00m 0xffff4c008360 [36mINFO   [00m [00;01;31m          GST_STATES gstelement.c:2706:_priv_gst_element_state_changed:<manager>[00m notifying about state-changed NULL to READY (PAUSED pending)
0:00:01.390335684 [34m18843[00m 0xffff4c008360 [36mINFO   [00m [00;01;31m          GST_STATES gstelement.c:2786:gst_element_continue_state:<manager>[00m continue state change READY to PAUSED, final PAUSED
0:00:01.390359717 [34m18843[00m 0xffff4c008360 [36mINFO   [00m [00;01;31m          GST_STATES gstelement.c:2806:gst_element_continue_state:<manager>[00m completed state change to PAUSED
0:00:01.390374725 [34m18843[00m 0xffff4c008360 [36mINFO   [00m [00;01;31m          GST_STATES gstelement.c:2706:_priv_gst_element_state_changed:<manager>[00m notifying about state-changed READY to PAUSED (VOID_PENDING pending)
0:00:01.390474568 [34m18843[00m 0xffff4c008360 [36mINFO   [00m [00;01;37;41m    GST_ELEMENT_PADS gstelement.c:1013:gst_element_get_static_pad:[00m no such pad 'recv_rtp_sink_0' in element "manager"
0:00:01.390511081 [34m18843[00m 0xffff4c008360 [36mINFO   [00m [00;01;37;41m GST_ELEMENT_FACTORY gstelementfactory.c:489:gst_element_factory_create_with_properties:[00m creating element "rtpsession"
0:00:01.390594540 [34m18843[00m 0xffff4c008360 [36mINFO   [00m [00;01;37;41m GST_ELEMENT_FACTORY gstelementfactory.c:489:gst_element_factory_create_with_properties:[00m creating element "rtpssrcdemux"
0:00:01.390651054 [34m18843[00m 0xffff4c008360 [36mINFO   [00m [00;01;37;41m    GST_ELEMENT_PADS gstelement.c:759:gst_element_add_pad:<GstRtpSsrcDemux@0xffff380386a0>[00m adding pad 'sink'
0:00:01.390679599 [34m18843[00m 0xffff4c008360 [36mINFO   [00m [00;01;37;41m    GST_ELEMENT_PADS gstelement.c:759:gst_element_add_pad:<GstRtpSsrcDemux@0xffff380386a0>[00m adding pad 'rtcp_sink'
0:00:01.390702512 [34m18843[00m 0xffff4c008360 [36mINFO   [00m [00;01;37;41m GST_ELEMENT_FACTORY gstelementfactory.c:489:gst_element_factory_create_with_properties:[00m creating element "rtpstorage"
0:00:01.390798227 [34m18843[00m 0xffff4c008360 [36mINFO   [00m [00;01;37;41m    GST_ELEMENT_PADS gstelement.c:759:gst_element_add_pad:<GstRtpStorage@0xffff38056480>[00m adding pad 'src'
0:00:01.390815380 [34m18843[00m 0xffff4c008360 [36mINFO   [00m [00;01;37;41m    GST_ELEMENT_PADS gstelement.c:759:gst_element_add_pad:<GstRtpStorage@0xffff38056480>[00m adding pad 'sink'
0:00:01.390941656 [34m18843[00m 0xffff4c008360 [36mINFO   [00m [00;01;31m          GST_STATES gstelement.c:2778:gst_element_continue_state:<rtpssrcdemux1>[00m committing state from NULL to READY, pending PAUSED, next PAUSED
0:00:01.390970073 [34m18843[00m 0xffff4c008360 [36mINFO   [00m [00;01;31m          GST_STATES gstelement.c:2706:_priv_gst_element_state_changed:<rtpssrcdemux1>[00m notifying about state-changed NULL to READY (PAUSED pending)
0:00:01.391004570 [34m18843[00m 0xffff4c008360 [36mINFO   [00m [00;01;31m          GST_STATES gstelement.c:2786:gst_element_continue_state:<rtpssrcdemux1>[00m continue state change READY to PAUSED, final PAUSED
0:00:01.391028283 [34m18843[00m 0xffff4c008360 [36mINFO   [00m [00;01;31m          GST_STATES gstelement.c:2806:gst_element_continue_state:<rtpssrcdemux1>[00m completed state change to PAUSED
0:00:01.391042139 [34m18843[00m 0xffff4c008360 [36mINFO   [00m [00;01;31m          GST_STATES gstelement.c:2706:_priv_gst_element_state_changed:<rtpssrcdemux1>[00m notifying about state-changed READY to PAUSED (VOID_PENDING pending)
0:00:01.391060572 [34m18843[00m 0xffff4c008360 [36mINFO   [00m [00;01;31m          GST_STATES gstelement.c:2778:gst_element_continue_state:<rtpsession1>[00m committing state from NULL to READY, pending PAUSED, next PAUSED
0:00:01.391072572 [34m18843[00m 0xffff4c008360 [36mINFO   [00m [00;01;31m          GST_STATES gstelement.c:2706:_priv_gst_element_state_changed:<rtpsession1>[00m notifying about state-changed NULL to READY (PAUSED pending)
0:00:01.391087836 [34m18843[00m 0xffff4c008360 [36mINFO   [00m [00;01;31m          GST_STATES gstelement.c:2786:gst_element_continue_state:<rtpsession1>[00m continue state change READY to PAUSED, final PAUSED
0:00:01.391099677 [34m18843[00m 0xffff4c008360 [36mINFO   [00m [00;01;31m          GST_STATES gstelement.c:2806:gst_element_continue_state:<rtpsession1>[00m completed state change to PAUSED
0:00:01.391111261 [34m18843[00m 0xffff4c008360 [36mINFO   [00m [00;01;31m          GST_STATES gstelement.c:2706:_priv_gst_element_state_changed:<rtpsession1>[00m notifying about state-changed READY to PAUSED (VOID_PENDING pending)
0:00:01.391127134 [34m18843[00m 0xffff4c008360 [36mINFO   [00m [00;01;31m          GST_STATES gstelement.c:2778:gst_element_continue_state:<rtpstorage1>[00m committing state from NULL to READY, pending PAUSED, next PAUSED
0:00:01.391138462 [34m18843[00m 0xffff4c008360 [36mINFO   [00m [00;01;31m          GST_STATES gstelement.c:2706:_priv_gst_element_state_changed:<rtpstorage1>[00m notifying about state-changed NULL to READY (PAUSED pending)
0:00:01.391150879 [34m18843[00m 0xffff4c008360 [36mINFO   [00m [00;01;31m          GST_STATES gstelement.c:2786:gst_element_continue_state:<rtpstorage1>[00m continue state change READY to PAUSED, final PAUSED
0:00:01.391165695 [34m18843[00m 0xffff4c008360 [36mINFO   [00m [00;01;31m          GST_STATES gstelement.c:2806:gst_element_continue_state:<rtpstorage1>[00m completed state change to PAUSED
0:00:01.391176639 [34m18843[00m 0xffff4c008360 [36mINFO   [00m [00;01;31m          GST_STATES gstelement.c:2706:_priv_gst_element_state_changed:<rtpstorage1>[00m notifying about state-changed READY to PAUSED (VOID_PENDING pending)
0:00:01.391193824 [34m18843[00m 0xffff4c008360 [36mINFO   [00m [00;01;37;41m    GST_ELEMENT_PADS gstelement.c:1013:gst_element_get_static_pad:[00m no such pad 'recv_rtp_sink' in element "rtpsession1"
0:00:01.391233153 [34m18843[00m 0xffff4c008360 [36mINFO   [00m [00;01;37;41m    GST_ELEMENT_PADS gstelement.c:759:gst_element_add_pad:<rtpsession1>[00m adding pad 'recv_rtp_sink'
0:00:01.391375686 [34m18843[00m 0xffff4c008360 [36mINFO   [00m [00;01;37;41m    GST_ELEMENT_PADS gstelement.c:759:gst_element_add_pad:<rtpsession1>[00m adding pad 'recv_rtp_src'
0:00:01.391443848 [34m18843[00m 0xffff4c008360 [36mINFO   [00m [00;01;31;44m            GST_PADS gstpad.c:2382:gst_pad_link_prepare:[00m trying to link recv_rtp_sink_0:proxypad5 and rtpsession1:recv_rtp_sink
0:00:01.391465961 [34m18843[00m 0xffff4c008360 [36mINFO   [00m [00;01;31;44m            GST_PADS gstpad.c:2590:gst_pad_link_full:[00m linked recv_rtp_sink_0:proxypad5 and rtpsession1:recv_rtp_sink, successful
0:00:01.391478345 [34m18843[00m 0xffff4c008360 [36mINFO   [00m [00;01;34m           GST_EVENT gstevent.c:1660:gst_event_new_reconfigure:[00m creating reconfigure event
0:00:01.391502186 [34m18843[00m 0xffff4c008360 [36mINFO   [00m [00;01;37;41m    GST_ELEMENT_PADS gstelement.c:1016:gst_element_get_static_pad:[00m found pad rtpsession1:recv_rtp_src
0:00:01.391516811 [34m18843[00m 0xffff4c008360 [36mINFO   [00m [00;01;37;41m    GST_ELEMENT_PADS gstelement.c:1016:gst_element_get_static_pad:[00m found pad rtpstorage1:sink
0:00:01.391537355 [34m18843[00m 0xffff4c008360 [36mINFO   [00m [00;01;31;44m            GST_PADS gstpad.c:2382:gst_pad_link_prepare:[00m trying to link rtpsession1:recv_rtp_src and rtpstorage1:sink
0:00:01.391566188 [34m18843[00m 0xffff4c008360 [36mINFO   [00m [00;01;31;44m            GST_PADS gstpad.c:4357:gst_pad_peer_query:<rtpstorage1:src>[00m pad has no peer
0:00:01.391592173 [34m18843[00m 0xffff4c008360 [36mINFO   [00m [00;01;31;44m            GST_PADS gstpad.c:2590:gst_pad_link_full:[00m linked rtpsession1:recv_rtp_src and rtpstorage1:sink, successful
0:00:01.391603533 [34m18843[00m 0xffff4c008360 [36mINFO   [00m [00;01;34m           GST_EVENT gstevent.c:1660:gst_event_new_reconfigure:[00m creating reconfigure event
0:00:01.391625998 [34m18843[00m 0xffff4c008360 [36mINFO   [00m [00;01;37;41m    GST_ELEMENT_PADS gstelement.c:1016:gst_element_get_static_pad:[00m found pad rtpstorage1:src
0:00:01.391638799 [34m18843[00m 0xffff4c008360 [36mINFO   [00m [00;01;37;41m    GST_ELEMENT_PADS gstelement.c:1016:gst_element_get_static_pad:[00m found pad rtpssrcdemux1:sink
0:00:01.391653455 [34m18843[00m 0xffff4c008360 [36mINFO   [00m [00;01;31;44m            GST_PADS gstpad.c:2382:gst_pad_link_prepare:[00m trying to link rtpstorage1:src and rtpssrcdemux1:sink
0:00:01.391665584 [34m18843[00m 0xffff4c008360 [36mINFO   [00m [00;01;31;44m            GST_PADS gstpad.c:2590:gst_pad_link_full:[00m linked rtpstorage1:src and rtpssrcdemux1:sink, successful
0:00:01.391674128 [34m18843[00m 0xffff4c008360 [36mINFO   [00m [00;01;34m           GST_EVENT gstevent.c:1660:gst_event_new_reconfigure:[00m creating reconfigure event
0:00:01.391705297 [34m18843[00m 0xffff4c008360 [36mINFO   [00m [00;01;37;41m    GST_ELEMENT_PADS gstelement.c:759:gst_element_add_pad:<manager>[00m adding pad 'recv_rtp_sink_0'
0:00:01.391733138 [34m18843[00m 0xffff4c008360 [36mINFO   [00m [00;01;37;41m    GST_ELEMENT_PADS gstelement.c:1013:gst_element_get_static_pad:[00m no such pad 'recv_rtcp_sink_0' in element "manager"
0:00:01.391753554 [34m18843[00m 0xffff4c008360 [36mINFO   [00m [00;01;37;41m    GST_ELEMENT_PADS gstelement.c:1013:gst_element_get_static_pad:[00m no such pad 'recv_rtcp_sink' in element "rtpsession1"
0:00:01.391785971 [34m18843[00m 0xffff4c008360 [36mINFO   [00m [00;01;37;41m    GST_ELEMENT_PADS gstelement.c:759:gst_element_add_pad:<rtpsession1>[00m adding pad 'recv_rtcp_sink'
0:00:01.391816116 [34m18843[00m 0xffff4c008360 [36mINFO   [00m [00;01;37;41m    GST_ELEMENT_PADS gstelement.c:759:gst_element_add_pad:<rtpsession1>[00m adding pad 'sync_src'
0:00:01.391838005 [34m18843[00m 0xffff4c008360 [36mINFO   [00m [00;01;37;41m    GST_ELEMENT_PADS gstelement.c:1016:gst_element_get_static_pad:[00m found pad rtpsession1:sync_src
0:00:01.391851062 [34m18843[00m 0xffff4c008360 [36mINFO   [00m [00;01;37;41m    GST_ELEMENT_PADS gstelement.c:1016:gst_element_get_static_pad:[00m found pad rtpssrcdemux1:rtcp_sink
0:00:01.391886807 [34m18843[00m 0xffff4c008360 [36mINFO   [00m [00;01;31;44m            GST_PADS gstpad.c:2382:gst_pad_link_prepare:[00m trying to link rtpsession1:sync_src and rtpssrcdemux1:rtcp_sink
0:00:01.391901015 [34m18843[00m 0xffff4c008360 [36mINFO   [00m [00;01;31;44m            GST_PADS gstpad.c:2590:gst_pad_link_full:[00m linked rtpsession1:sync_src and rtpssrcdemux1:rtcp_sink, successful
0:00:01.391910136 [34m18843[00m 0xffff4c008360 [36mINFO   [00m [00;01;34m           GST_EVENT gstevent.c:1660:gst_event_new_reconfigure:[00m creating reconfigure event
0:00:01.391948537 [34m18843[00m 0xffff4c008360 [36mINFO   [00m [00;01;31;44m            GST_PADS gstpad.c:2382:gst_pad_link_prepare:[00m trying to link recv_rtcp_sink_0:proxypad6 and rtpsession1:recv_rtcp_sink
0:00:01.391964633 [34m18843[00m 0xffff4c008360 [36mINFO   [00m [00;01;31;44m            GST_PADS gstpad.c:2590:gst_pad_link_full:[00m linked recv_rtcp_sink_0:proxypad6 and rtpsession1:recv_rtcp_sink, successful
0:00:01.391974426 [34m18843[00m 0xffff4c008360 [36mINFO   [00m [00;01;34m           GST_EVENT gstevent.c:1660:gst_event_new_reconfigure:[00m creating reconfigure event
0:00:01.391993498 [34m18843[00m 0xffff4c008360 [36mINFO   [00m [00;01;37;41m    GST_ELEMENT_PADS gstelement.c:759:gst_element_add_pad:<manager>[00m adding pad 'recv_rtcp_sink_0'
0:00:01.392020603 [34m18843[00m 0xffff4c008360 [36mINFO   [00m [00m             rtspsrc gstrtspsrc.c:4139:gst_rtspsrc_stream_configure_manager:<rtspsrc0>[00m configure bandwidth in session 0xffff38034da0
0:00:01.392044476 [34m18843[00m 0xffff4c008360 [36mINFO   [00m [00m             rtspsrc gstrtspsrc.c:4144:gst_rtspsrc_stream_configure_manager:<rtspsrc0>[00m setting AS: 500000.000000
0:00:01.392353030 [34m18843[00m 0xffff4c008360 [36mINFO   [00m [00;01;31;44m            GST_PADS gstpad.c:2382:gst_pad_link_prepare:[00m trying to link '':internalsrc_0 and manager:recv_rtp_sink_0
0:00:01.392386119 [34m18843[00m 0xffff4c008360 [36mINFO   [00m [00;01;31;44m            GST_PADS gstpad.c:2590:gst_pad_link_full:[00m linked '':internalsrc_0 and manager:recv_rtp_sink_0, successful
0:00:01.392397960 [34m18843[00m 0xffff4c008360 [36mINFO   [00m [00;01;34m           GST_EVENT gstevent.c:1660:gst_event_new_reconfigure:[00m creating reconfigure event
0:00:01.392409448 [34m18843[00m 0xffff4c008360 [36mINFO   [00m [00;01;34m           GST_EVENT gstpad.c:5946:gst_pad_send_event_unchecked:<'':internalsrc_0>[00m Received event on flushing pad. Discarding
0:00:01.392434601 [34m18843[00m 0xffff4c008360 [36mINFO   [00m [00;01;31;44m            GST_PADS gstpad.c:2382:gst_pad_link_prepare:[00m trying to link '':internalsrc_1 and manager:recv_rtcp_sink_0
0:00:01.392448425 [34m18843[00m 0xffff4c008360 [36mINFO   [00m [00;01;31;44m            GST_PADS gstpad.c:2590:gst_pad_link_full:[00m linked '':internalsrc_1 and manager:recv_rtcp_sink_0, successful
0:00:01.392456970 [34m18843[00m 0xffff4c008360 [36mINFO   [00m [00;01;34m           GST_EVENT gstevent.c:1660:gst_event_new_reconfigure:[00m creating reconfigure event
0:00:01.392465674 [34m18843[00m 0xffff4c008360 [36mINFO   [00m [00;01;34m           GST_EVENT gstpad.c:5946:gst_pad_send_event_unchecked:<'':internalsrc_1>[00m Received event on flushing pad. Discarding
0:00:01.392497643 [34m18843[00m 0xffff4c008360 [36mINFO   [00m [00;01;37;41m    GST_ELEMENT_PADS gstelement.c:1013:gst_element_get_static_pad:[00m no such pad 'send_rtcp_src_0' in element "manager"
0:00:01.392521324 [34m18843[00m 0xffff4c008360 [36mINFO   [00m [00;01;37;41m    GST_ELEMENT_PADS gstelement.c:1013:gst_element_get_static_pad:[00m no such pad 'send_rtcp_src' in element "rtpsession1"
0:00:01.392548365 [34m18843[00m 0xffff4c008360 [36mINFO   [00m [00;01;37;41m    GST_ELEMENT_PADS gstelement.c:759:gst_element_add_pad:<rtpsession1>[00m adding pad 'send_rtcp_src'
0:00:01.392685745 [34m18843[00m 0xffff4c008360 [36mINFO   [00m [00;01;31;44m            GST_PADS gstpad.c:2382:gst_pad_link_prepare:[00m trying to link rtpsession1:send_rtcp_src and send_rtcp_src_0:proxypad7
0:00:01.392709106 [34m18843[00m 0xffff4c008360 [36mINFO   [00m [00;01;31;44m            GST_PADS gstpad.c:2590:gst_pad_link_full:[00m linked rtpsession1:send_rtcp_src and send_rtcp_src_0:proxypad7, successful
0:00:01.392722130 [34m18843[00m 0xffff4c008360 [36mINFO   [00m [00;01;34m           GST_EVENT gstevent.c:1660:gst_event_new_reconfigure:[00m creating reconfigure event
0:00:01.392791221 [34m18843[00m 0xffff4c008360 [36mINFO   [00m [00;01;37;41m    GST_ELEMENT_PADS gstelement.c:759:gst_element_add_pad:<manager>[00m adding pad 'send_rtcp_src_0'
0:00:01.392819062 [34m18843[00m 0xffff4c008360 [36mINFO   [00m [00;01;31;44m            GST_PADS gstpad.c:2382:gst_pad_link_prepare:[00m trying to link manager:send_rtcp_src_0 and '':internalsink_0
0:00:01.392859767 [34m18843[00m 0xffff4c008360 [36mINFO   [00m [00;01;31;44m            GST_PADS gstpad.c:2590:gst_pad_link_full:[00m linked manager:send_rtcp_src_0 and '':internalsink_0, successful
0:00:01.392872023 [34m18843[00m 0xffff4c008360 [36mINFO   [00m [00;01;34m           GST_EVENT gstevent.c:1660:gst_event_new_reconfigure:[00m creating reconfigure event
0:00:01.403460660 [34m18843[00m 0xffff4c008360 [36mINFO   [00m [00;01;34m           GST_EVENT gstevent.c:892:gst_event_new_caps:[00m creating caps event application/x-rtp, media=(string)video, payload=(int)96, clock-rate=(int)90000, encoding-name=(string)H265, profile-space=(string)0, profile-id=(string)1, tier-flag=(string)0, level-id=(string)93, interop-constraints=(string)000000000000, sprop-vps=(string)QAEMAf//AWAAAAMAAAMAAAMAAAMAXawJ, sprop-sps=(string)"QgEBAWAAAAMAAAMAAAMAAAMAXaACgIAtFja5JMmuWcAgAAB9AAAMNQE\=", sprop-pps=(string)"RAHgdrAmQA\=\=", a-tool=(string)"LIVE555\ Streaming\ Media\ v2019.08.12", a-type=(string)broadcast, x-qt-text-nam=(string)"LIVE555\ Streaming\ Media\ v2019.08.12", x-qt-text-inf=(string)"LIVE555\ Streaming\ Media\ v2019.08.12"
0:00:01.403695452 [34m18843[00m 0xffff4c008360 [36mINFO   [00m [00;01;34m           GST_EVENT gstevent.c:892:gst_event_new_caps:[00m creating caps event application/x-rtcp
0:00:01.403783743 [34m18843[00m 0xffff4c008360 [36mINFO   [00m [00;01;34m           GST_EVENT gstevent.c:972:gst_event_new_segment:[00m creating segment event time segment start=0:00:00.000000000, offset=0:00:00.000000000, stop=99:99:99.999999999, rate=1.000000, applied_rate=1.000000, flags=0x00, time=0:00:00.000000000, base=0:00:00.000000000, position 0:00:00.000000000, duration 99:99:99.999999999
0:00:01.403984773 [34m18843[00m 0xffff4c008360 [36mINFO   [00m [00;01;37;41m    GST_ELEMENT_PADS gstelement.c:759:gst_element_add_pad:<rtpssrcdemux1>[00m adding pad 'src_509190101'
0:00:01.404014982 [34m18843[00m 0xffff4c008360 [36mINFO   [00m [00;01;37;41m    GST_ELEMENT_PADS gstelement.c:759:gst_element_add_pad:<rtpssrcdemux1>[00m adding pad 'rtcp_src_509190101'
0:00:01.404050631 [34m18843[00m 0xffff4c008360 [36mINFO   [00m [00;01;37;41m GST_ELEMENT_FACTORY gstelementfactory.c:489:gst_element_factory_create_with_properties:[00m creating element "rtpjitterbuffer"
0:00:01.404146731 [34m18843[00m 0xffff4c008360 [36mINFO   [00m [00;01;37;41m    GST_ELEMENT_PADS gstelement.c:759:gst_element_add_pad:<GstRtpJitterBuffer@0xffff40017230>[00m adding pad 'src'
0:00:01.404165675 [34m18843[00m 0xffff4c008360 [36mINFO   [00m [00;01;37;41m    GST_ELEMENT_PADS gstelement.c:759:gst_element_add_pad:<GstRtpJitterBuffer@0xffff40017230>[00m adding pad 'sink'
0:00:01.404225197 [34m18843[00m 0xffff4c008360 [36mINFO   [00m [00;01;31m          GST_STATES gstelement.c:2778:gst_element_continue_state:<rtpjitterbuffer2>[00m committing state from NULL to READY, pending PAUSED, next PAUSED
0:00:01.404246798 [34m18843[00m 0xffff4c008360 [36mINFO   [00m [00;01;31m          GST_STATES gstelement.c:2706:_priv_gst_element_state_changed:<rtpjitterbuffer2>[00m notifying about state-changed NULL to READY (PAUSED pending)
0:00:01.404292943 [34m18843[00m 0xffff4c008360 [36mINFO   [00m [00;01;31m          GST_STATES gstelement.c:2786:gst_element_continue_state:<rtpjitterbuffer2>[00m continue state change READY to PAUSED, final PAUSED
0:00:01.404416564 [34m18843[00m 0xffff4c008360 [36mINFO   [00m [00m                task gsttask.c:516:gst_task_set_lock:[00m setting stream lock 0xffff400186e0 on task 0xffff3803c170
0:00:01.404438516 [34m18843[00m 0xffff4c008360 [36mINFO   [00m [00;01;31;44m            GST_PADS gstpad.c:6291:gst_pad_start_task:<rtpjitterbuffer2:src>[00m created task 0xffff3803c170
0:00:01.404477078 [34m18843[00m 0xffff4c008360 [36mINFO   [00m [00;01;31m          GST_STATES gstelement.c:2806:gst_element_continue_state:<rtpjitterbuffer2>[00m completed state change to PAUSED
0:00:01.404494006 [34m18843[00m 0xffff4c008360 [36mINFO   [00m [00;01;31m          GST_STATES gstelement.c:2706:_priv_gst_element_state_changed:<rtpjitterbuffer2>[00m notifying about state-changed READY to PAUSED (VOID_PENDING pending)
0:00:01.404515671 [34m18843[00m 0xffff4c008360 [36mINFO   [00m [00;01;37;41m GST_ELEMENT_FACTORY gstelementfactory.c:489:gst_element_factory_create_with_properties:[00m creating element "rtpptdemux"
0:00:01.404543832 [34m18843[00m 0xffff4c008360 [36mINFO   [00m [00;01;37;41m    GST_ELEMENT_PADS gstelement.c:759:gst_element_add_pad:<GstRtpPtDemux@0xffff380387e0>[00m adding pad 'sink'
0:00:01.404640699 [34m18843[00m 0xffff4c008360 [36mINFO   [00m [00;01;37;41m    GST_ELEMENT_PADS gstutils.c:1816:gst_element_link_pads_full:[00m trying to link element rtpjitterbuffer2:src to element rtpptdemux1:sink
0:00:01.404662076 [34m18843[00m 0xffff4c008360 [36mINFO   [00m [00;01;37;41m    GST_ELEMENT_PADS gstelement.c:1016:gst_element_get_static_pad:[00m found pad rtpjitterbuffer2:src
0:00:01.404674044 [34m18843[00m 0xffff4c008360 [36mINFO   [00m [00;01;37;41m    GST_ELEMENT_PADS gstelement.c:1016:gst_element_get_static_pad:[00m found pad rtpptdemux1:sink
0:00:01.404685404 [34m18843[00m 0xffff4c008360 [36mINFO   [00m [00;01;31;44m            GST_PADS gstutils.c:1632:prepare_link_maybe_ghosting:[00m rtpjitterbuffer2 and rtpptdemux1 in same bin, no need for ghost pads
0:00:01.404703901 [34m18843[00m 0xffff4c008360 [36mINFO   [00m [00;01;31;44m            GST_PADS gstpad.c:2382:gst_pad_link_prepare:[00m trying to link rtpjitterbuffer2:src and rtpptdemux1:sink
0:00:01.404718269 [34m18843[00m 0xffff4c008360 [36mINFO   [00m [00;01;31;44m            GST_PADS gstpad.c:2590:gst_pad_link_full:[00m linked rtpjitterbuffer2:src and rtpptdemux1:sink, successful
0:00:01.404727102 [34m18843[00m 0xffff4c008360 [36mINFO   [00m [00;01;34m           GST_EVENT gstevent.c:1660:gst_event_new_reconfigure:[00m creating reconfigure event
0:00:01.404751519 [34m18843[00m 0xffff4c008360 [36mINFO   [00m [00;01;31m          GST_STATES gstelement.c:2778:gst_element_continue_state:<rtpptdemux1>[00m committing state from NULL to READY, pending PAUSED, next PAUSED
0:00:01.404764479 [34m18843[00m 0xffff4c008360 [36mINFO   [00m [00;01;31m          GST_STATES gstelement.c:2706:_priv_gst_element_state_changed:<rtpptdemux1>[00m notifying about state-changed NULL to READY (PAUSED pending)
0:00:01.404777759 [34m18843[00m 0xffff4c008360 [36mINFO   [00m [00;01;31m          GST_STATES gstelement.c:2786:gst_element_continue_state:<rtpptdemux1>[00m continue state change READY to PAUSED, final PAUSED
0:00:01.404791488 [34m18843[00m 0xffff4c008360 [36mINFO   [00m [00;01;31m          GST_STATES gstelement.c:2806:gst_element_continue_state:<rtpptdemux1>[00m completed state change to PAUSED
0:00:01.404802368 [34m18843[00m 0xffff4c008360 [36mINFO   [00m [00;01;31m          GST_STATES gstelement.c:2706:_priv_gst_element_state_changed:<rtpptdemux1>[00m notifying about state-changed READY to PAUSED (VOID_PENDING pending)
0:00:01.404816417 [34m18843[00m 0xffff4c008360 [36mINFO   [00m [00;01;31m          GST_STATES gstelement.c:2806:gst_element_continue_state:<rtpjitterbuffer2>[00m completed state change to PAUSED
0:00:01.404847298 [34m18843[00m 0xffff4c008360 [36mINFO   [00m [00;01;37;41m    GST_ELEMENT_PADS gstelement.c:1016:gst_element_get_static_pad:[00m found pad rtpssrcdemux1:src_509190101
0:00:01.404858498 [34m18843[00m 0xffff4c008360 [36mINFO   [00m [00;01;37;41m    GST_ELEMENT_PADS gstelement.c:1016:gst_element_get_static_pad:[00m found pad rtpjitterbuffer2:sink
0:00:01.404874435 [34m18843[00m 0xffff4c008360 [36mINFO   [00m [00;01;31;44m            GST_PADS gstpad.c:2382:gst_pad_link_prepare:[00m trying to link rtpssrcdemux1:src_509190101 and rtpjitterbuffer2:sink
0:00:01.404886115 [34m18843[00m 0xffff4c008360 [36mINFO   [00m [00;01;31;44m            GST_PADS gstpad.c:2590:gst_pad_link_full:[00m linked rtpssrcdemux1:src_509190101 and rtpjitterbuffer2:sink, successful
0:00:01.404894115 [34m18843[00m 0xffff4c008360 [36mINFO   [00m [00;01;34m           GST_EVENT gstevent.c:1660:gst_event_new_reconfigure:[00m creating reconfigure event
0:00:01.404920708 [34m18843[00m 0xffff4c008360 [36mINFO   [00m [00;01;37;41m    GST_ELEMENT_PADS gstelement.c:1013:gst_element_get_static_pad:[00m no such pad 'sink_rtcp' in element "rtpjitterbuffer2"
0:00:01.404954341 [34m18843[00m 0xffff4c008360 [36mINFO   [00m [00;01;37;41m    GST_ELEMENT_PADS gstelement.c:759:gst_element_add_pad:<rtpjitterbuffer2>[00m adding pad 'sink_rtcp'
0:00:01.404970694 [34m18843[00m 0xffff4c008360 [36mINFO   [00m [00;01;37;41m    GST_ELEMENT_PADS gstelement.c:1016:gst_element_get_static_pad:[00m found pad rtpssrcdemux1:rtcp_src_509190101
0:00:01.404987718 [34m18843[00m 0xffff4c008360 [36mINFO   [00m [00;01;31;44m            GST_PADS gstpad.c:2382:gst_pad_link_prepare:[00m trying to link rtpssrcdemux1:rtcp_src_509190101 and rtpjitterbuffer2:sink_rtcp
0:00:01.404999719 [34m18843[00m 0xffff4c008360 [36mINFO   [00m [00;01;31;44m            GST_PADS gstpad.c:2590:gst_pad_link_full:[00m linked rtpssrcdemux1:rtcp_src_509190101 and rtpjitterbuffer2:sink_rtcp, successful
0:00:01.405007623 [34m18843[00m 0xffff4c008360 [36mINFO   [00m [00;01;34m           GST_EVENT gstevent.c:1660:gst_event_new_reconfigure:[00m creating reconfigure event
0:00:01.405058921 [34m18843[00m 0xffff4c008360 [36mINFO   [00m [00;01;34m           GST_EVENT gstevent.c:892:gst_event_new_caps:[00m creating caps event application/x-rtcp, ssrc=(uint)509190101
0:00:01.405467798 [34m18843[00m 0xffff4c008360 [36mINFO   [00m [00;01;31m          GST_STATES gstbin.c:2479:gst_bin_element_set_state:<rtpptdemux1>[00m current PAUSED pending VOID_PENDING, desired next PLAYING
0:00:01.405495991 [34m18843[00m 0xffff4c008360 [36mINFO   [00m [00;01;31m          GST_STATES gstelement.c:2806:gst_element_continue_state:<rtpptdemux1>[00m completed state change to PLAYING
0:00:01.405512216 [34m18843[00m 0xffff4c008360 [36mINFO   [00m [00;01;31m          GST_STATES gstelement.c:2706:_priv_gst_element_state_changed:<rtpptdemux1>[00m notifying about state-changed PAUSED to PLAYING (VOID_PENDING pending)
0:00:01.405534040 [34m18843[00m 0xffff4c008360 [36mINFO   [00m [00;01;31m          GST_STATES gstbin.c:2928:gst_bin_change_state_func:<manager>[00m child 'rtpptdemux1' changed state to 4(PLAYING) successfully
0:00:01.405556569 [34m18843[00m 0xffff4c008360 [36mINFO   [00m [00;01;31m          GST_STATES gstelement.c:2806:gst_element_continue_state:<rtpjitterbuffer2>[00m completed state change to PLAYING
0:00:01.405570010 [34m18843[00m 0xffff4c008360 [36mINFO   [00m [00;01;31m          GST_STATES gstelement.c:2706:_priv_gst_element_state_changed:<rtpjitterbuffer2>[00m notifying about state-changed PAUSED to PLAYING (VOID_PENDING pending)
0:00:01.405585498 [34m18843[00m 0xffff4c008360 [36mINFO   [00m [00;01;31m          GST_STATES gstbin.c:2928:gst_bin_change_state_func:<manager>[00m child 'rtpjitterbuffer2' changed state to 4(PLAYING) successfully
0:00:01.405599610 [34m18843[00m 0xffff4c008360 [36mINFO   [00m [00;01;31m          GST_STATES gstbin.c:2479:gst_bin_element_set_state:<rtpssrcdemux1>[00m current PAUSED pending VOID_PENDING, desired next PLAYING
0:00:01.405626491 [34m18843[00m 0xffff4c008360 [36mINFO   [00m [00;01;31m          GST_STATES gstelement.c:2806:gst_element_continue_state:<rtpssrcdemux1>[00m completed state change to PLAYING
0:00:01.405639772 [34m18843[00m 0xffff4c008360 [36mINFO   [00m [00;01;31m          GST_STATES gstelement.c:2706:_priv_gst_element_state_changed:<rtpssrcdemux1>[00m notifying about state-changed PAUSED to PLAYING (VOID_PENDING pending)
0:00:01.405654300 [34m18843[00m 0xffff4c008360 [36mINFO   [00m [00;01;31m          GST_STATES gstbin.c:2928:gst_bin_change_state_func:<manager>[00m child 'rtpssrcdemux1' changed state to 4(PLAYING) successfully
0:00:01.405668061 [34m18843[00m 0xffff4c008360 [36mINFO   [00m [00;01;31m          GST_STATES gstbin.c:2479:gst_bin_element_set_state:<rtpstorage1>[00m current PAUSED pending VOID_PENDING, desired next PLAYING
0:00:01.405678973 [34m18843[00m 0xffff4c008360 [36mINFO   [00m [00;01;31m          GST_STATES gstelement.c:2806:gst_element_continue_state:<rtpstorage1>[00m completed state change to PLAYING
0:00:01.405689437 [34m18843[00m 0xffff4c008360 [36mINFO   [00m [00;01;31m          GST_STATES gstelement.c:2706:_priv_gst_element_state_changed:<rtpstorage1>[00m notifying about state-changed PAUSED to PLAYING (VOID_PENDING pending)
0:00:01.405702302 [34m18843[00m 0xffff4c008360 [36mINFO   [00m [00;01;31m          GST_STATES gstbin.c:2928:gst_bin_change_state_func:<manager>[00m child 'rtpstorage1' changed state to 4(PLAYING) successfully
0:00:01.405715070 [34m18843[00m 0xffff4c008360 [36mINFO   [00m [00;01;31m          GST_STATES gstbin.c:2479:gst_bin_element_set_state:<rtpsession1>[00m current PAUSED pending VOID_PENDING, desired next PLAYING
0:00:01.405853091 [34m18843[00m 0xffff4c008360 [36mINFO   [00m [00;01;31m          GST_STATES gstelement.c:2806:gst_element_continue_state:<rtpsession1>[00m completed state change to PLAYING
0:00:01.405879940 [34m18843[00m 0xffff4c008360 [36mINFO   [00m [00;01;31m          GST_STATES gstelement.c:2706:_priv_gst_element_state_changed:<rtpsession1>[00m notifying about state-changed PAUSED to PLAYING (VOID_PENDING pending)
0:00:01.405901348 [34m18843[00m 0xffff4c008360 [36mINFO   [00m [00;01;31m          GST_STATES gstbin.c:2928:gst_bin_change_state_func:<manager>[00m child 'rtpsession1' changed state to 4(PLAYING) successfully
0:00:01.405917093 [34m18843[00m 0xffff4c008360 [36mINFO   [00m [00;01;31m          GST_STATES gstelement.c:2806:gst_element_continue_state:<manager>[00m completed state change to PLAYING
0:00:01.405929733 [34m18843[00m 0xffff4c008360 [36mINFO   [00m [00;01;31m          GST_STATES gstelement.c:2706:_priv_gst_element_state_changed:<manager>[00m notifying about state-changed PAUSED to PLAYING (VOID_PENDING pending)
0:00:01.406026793 [34m18843[00m 0xffff4c008360 [36mINFO   [00m [00;01;34m           GST_EVENT gstevent.c:892:gst_event_new_caps:[00m creating caps event application/x-rtp, media=(string)video, payload=(int)96, clock-rate=(int)90000, encoding-name=(string)H265, profile-space=(string)0, profile-id=(string)1, tier-flag=(string)0, level-id=(string)93, interop-constraints=(string)000000000000, sprop-vps=(string)QAEMAf//AWAAAAMAAAMAAAMAAAMAXawJ, sprop-sps=(string)"QgEBAWAAAAMAAAMAAAMAAAMAXaACgIAtFja5JMmuWcAgAAB9AAAMNQE\=", sprop-pps=(string)"RAHgdrAmQA\=\=", a-tool=(string)"LIVE555\ Streaming\ Media\ v2019.08.12", a-type=(string)broadcast, x-qt-text-nam=(string)"LIVE555\ Streaming\ Media\ v2019.08.12", x-qt-text-inf=(string)"LIVE555\ Streaming\ Media\ v2019.08.12", clock-base=(uint)2691022339, seqnum-base=(uint)1102, npt-start=(guint64)0, play-speed=(double)1, play-scale=(double)1, onvif-mode=(boolean)false
0:00:01.406344915 [34m18843[00m 0xffff4c008360 [36mINFO   [00m [00;01;34m           GST_EVENT gstevent.c:892:gst_event_new_caps:[00m creating caps event application/x-rtp, media=(string)video, payload=(int)96, clock-rate=(int)90000, encoding-name=(string)H265, profile-space=(string)0, profile-id=(string)1, tier-flag=(string)0, level-id=(string)93, interop-constraints=(string)000000000000, sprop-vps=(string)QAEMAf//AWAAAAMAAAMAAAMAAAMAXawJ, sprop-sps=(string)"QgEBAWAAAAMAAAMAAAMAAAMAXaACgIAtFja5JMmuWcAgAAB9AAAMNQE\=", sprop-pps=(string)"RAHgdrAmQA\=\=", a-tool=(string)"LIVE555\ Streaming\ Media\ v2019.08.12", a-type=(string)broadcast, x-qt-text-nam=(string)"LIVE555\ Streaming\ Media\ v2019.08.12", x-qt-text-inf=(string)"LIVE555\ Streaming\ Media\ v2019.08.12", clock-base=(uint)2691022339, seqnum-base=(uint)1102, npt-start=(guint64)0, play-speed=(double)1, play-scale=(double)1, onvif-mode=(boolean)false, ssrc=(uint)509190101
0:00:01.406544506 [34m18843[00m 0xffff4c008360 [36mINFO   [00m [00m     rtpjitterbuffer rtpjitterbuffer.c:809:rtp_jitter_buffer_calculate_pts:[00m resync to time 0:00:00.047667074, rtptime 8:18:20.248211111
0:00:01.406683902 [34m18843[00m 0xffff38014e40 [36mINFO   [00m [00;01;34m           GST_EVENT gstevent.c:892:gst_event_new_caps:[00m creating caps event application/x-rtp, media=(string)video, payload=(int)96, clock-rate=(int)90000, encoding-name=(string)H265, profile-space=(string)0, profile-id=(string)1, tier-flag=(string)0, level-id=(string)93, interop-constraints=(string)000000000000, sprop-vps=(string)QAEMAf//AWAAAAMAAAMAAAMAAAMAXawJ, sprop-sps=(string)"QgEBAWAAAAMAAAMAAAMAAAMAXaACgIAtFja5JMmuWcAgAAB9AAAMNQE\=", sprop-pps=(string)"RAHgdrAmQA\=\=", a-tool=(string)"LIVE555\ Streaming\ Media\ v2019.08.12", a-type=(string)broadcast, x-qt-text-nam=(string)"LIVE555\ Streaming\ Media\ v2019.08.12", x-qt-text-inf=(string)"LIVE555\ Streaming\ Media\ v2019.08.12", clock-base=(uint)2691022339, seqnum-base=(uint)1102, npt-start=(guint64)0, play-speed=(double)1, play-scale=(double)1, onvif-mode=(boolean)false, ssrc=(uint)509190101
0:00:01.406717215 [34m18843[00m 0xffff38014e40 [36mINFO   [00m [00;01;37;41m    GST_ELEMENT_PADS gstelement.c:759:gst_element_add_pad:<rtpptdemux1>[00m adding pad 'src_96'
0:00:01.406777665 [34m18843[00m 0xffff38014e40 [36mINFO   [00m [00;01;31;44m            GST_PADS gstpad.c:2382:gst_pad_link_prepare:[00m trying to link rtpptdemux1:src_96 and recv_rtp_src_0_509190101_96:proxypad8
0:00:01.406799458 [34m18843[00m 0xffff38014e40 [36mINFO   [00m [00;01;31;44m            GST_PADS gstpad.c:2590:gst_pad_link_full:[00m linked rtpptdemux1:src_96 and recv_rtp_src_0_509190101_96:proxypad8, successful
0:00:01.406810754 [34m18843[00m 0xffff38014e40 [36mINFO   [00m [00;01;34m           GST_EVENT gstevent.c:1660:gst_event_new_reconfigure:[00m creating reconfigure event
0:00:01.406849188 [34m18843[00m 0xffff38014e40 [36mINFO   [00m [00;01;37;41m    GST_ELEMENT_PADS gstelement.c:759:gst_element_add_pad:<manager>[00m adding pad 'recv_rtp_src_0_509190101_96'
0:00:01.406912070 [34m18843[00m 0xffff38014e40 [36mINFO   [00m [00;01;31;44m            GST_PADS gstpad.c:2382:gst_pad_link_prepare:[00m trying to link manager:recv_rtp_src_0_509190101_96 and recv_rtp_src_0_509190101_96:proxypad9
0:00:01.406931142 [34m18843[00m 0xffff38014e40 [36mINFO   [00m [00;01;31;44m            GST_PADS gstpad.c:2590:gst_pad_link_full:[00m linked manager:recv_rtp_src_0_509190101_96 and recv_rtp_src_0_509190101_96:proxypad9, successful
0:00:01.406942183 [34m18843[00m 0xffff38014e40 [36mINFO   [00m [00;01;34m           GST_EVENT gstevent.c:1660:gst_event_new_reconfigure:[00m creating reconfigure event
0:00:01.406977672 [34m18843[00m 0xffff38014e40 [36mINFO   [00m [00;01;37;41m    GST_ELEMENT_PADS gstelement.c:759:gst_element_add_pad:<rtspsrc0>[00m adding pad 'recv_rtp_src_0_509190101_96'
0:00:01.407023593 [34m18843[00m 0xffff38014e40 [36mINFO   [00m [00;01;31;44m            GST_PADS gstpad.c:4357:gst_pad_peer_query:<rtspsrc0:recv_rtp_src_0_509190101_96>[00m pad has no peer
0:00:01.407047722 [34m18843[00m 0xffff38014e40 [36mINFO   [00m [00;01;31;44m            GST_PADS gstpad.c:4357:gst_pad_peer_query:<rtspsrc0:recv_rtp_src_0_509190101_96>[00m pad has no peer
0:00:01.407095980 [34m18843[00m 0xffff38014e40 [36mINFO   [00m [00m                task gsttask.c:368:gst_task_func:<rtpjitterbuffer2:src>[00m Task going to paused
0:00:01.407202575 [34m18843[00m 0xffff4c008360 [33;01mWARN   [00m [00m             rtspsrc gstrtspsrc.c:6252:gst_rtspsrc_loop:<rtspsrc0>[00m error: Internal data stream error.
0:00:01.407222704 [34m18843[00m 0xffff4c008360 [33;01mWARN   [00m [00m             rtspsrc gstrtspsrc.c:6252:gst_rtspsrc_loop:<rtspsrc0>[00m error: streaming stopped, reason not-linked (-1)
0:00:01.407247953 [34m18843[00m 0xffff4c008360 [36mINFO   [00m [00;01;31;47m    GST_ERROR_SYSTEM gstelement.c:2271:gst_element_message_full_with_details:<rtspsrc0>[00m posting message: Internal data stream error.
0:00:01.407281426 [34m18843[00m 0xffff4c008360 [36mINFO   [00m [00;01;31;47m    GST_ERROR_SYSTEM gstelement.c:2298:gst_element_message_full_with_details:<rtspsrc0>[00m posted error message: Internal data stream error.
0:00:01.407337620 [34m18843[00m 0xffff4c008360 [36mINFO   [00m [00m                task gsttask.c:368:gst_task_func:<task6>[00m Task going to paused
[ WARN:0] global ./modules/videoio/src/cap_gstreamer.cpp (2075) handleMessage OpenCV | GStreamer warning: Embedded video playback halted; module rtspsrc0 reported: Internal data stream error.
0:00:01.407651742 [34m18843[00m 0xffff4c005e00 [36mINFO   [00m [00;01;31m          GST_STATES gstbin.c:2479:gst_bin_element_set_state:<appsink0>[00m current READY pending PAUSED, desired next READY
0:00:01.407732737 [34m18843[00m 0xffff4c005e00 [36mINFO   [00m [00;01;31m          GST_STATES gstelement.c:2806:gst_element_continue_state:<appsink0>[00m completed state change to READY
0:00:01.407753057 [34m18843[00m 0xffff4c005e00 [36mINFO   [00m [00;01;31m          GST_STATES gstelement.c:2706:_priv_gst_element_state_changed:<appsink0>[00m notifying about state-changed READY to READY (VOID_PENDING pending)
0:00:01.407769922 [34m18843[00m 0xffff4c005e00 [36mINFO   [00m [00;01;31m          GST_STATES gstbin.c:2928:gst_bin_change_state_func:<pipeline0>[00m child 'appsink0' changed state to 2(READY) successfully
0:00:01.407786179 [34m18843[00m 0xffff4c005e00 [36mINFO   [00m [00;01;31m          GST_STATES gstbin.c:2479:gst_bin_element_set_state:<capsfilter1>[00m current PLAYING pending VOID_PENDING, desired next READY
0:00:01.407800643 [34m18843[00m 0xffff4c005e00 [36mINFO   [00m [00;01;31m          GST_STATES gstelement.c:2778:gst_element_continue_state:<capsfilter1>[00m committing state from PLAYING to PAUSED, pending READY, next READY
0:00:01.407810819 [34m18843[00m 0xffff4c005e00 [36mINFO   [00m [00;01;31m          GST_STATES gstelement.c:2706:_priv_gst_element_state_changed:<capsfilter1>[00m notifying about state-changed PLAYING to PAUSED (READY pending)
0:00:01.407822820 [34m18843[00m 0xffff4c005e00 [36mINFO   [00m [00;01;31m          GST_STATES gstelement.c:2786:gst_element_continue_state:<capsfilter1>[00m continue state change PAUSED to READY, final READY
0:00:01.407849445 [34m18843[00m 0xffff4c005e00 [36mINFO   [00m [00;01;31m          GST_STATES gstelement.c:2806:gst_element_continue_state:<capsfilter1>[00m completed state change to READY
0:00:01.407861349 [34m18843[00m 0xffff4c005e00 [36mINFO   [00m [00;01;31m          GST_STATES gstelement.c:2706:_priv_gst_element_state_changed:<capsfilter1>[00m notifying about state-changed PAUSED to READY (VOID_PENDING pending)
0:00:01.407874341 [34m18843[00m 0xffff4c005e00 [36mINFO   [00m [00;01;31m          GST_STATES gstbin.c:2928:gst_bin_change_state_func:<pipeline0>[00m child 'capsfilter1' changed state to 2(READY) successfully
0:00:01.407887430 [34m18843[00m 0xffff4c005e00 [36mINFO   [00m [00;01;31m          GST_STATES gstbin.c:2479:gst_bin_element_set_state:<videoconvert0>[00m current PLAYING pending VOID_PENDING, desired next READY
0:00:01.407900838 [34m18843[00m 0xffff4c005e00 [36mINFO   [00m [00;01;31m          GST_STATES gstelement.c:2778:gst_element_continue_state:<videoconvert0>[00m committing state from PLAYING to PAUSED, pending READY, next READY
0:00:01.407946088 [34m18843[00m 0xffff4c005e00 [36mINFO   [00m [00;01;31m          GST_STATES gstelement.c:2706:_priv_gst_element_state_changed:<videoconvert0>[00m notifying about state-changed PLAYING to PAUSED (READY pending)
0:00:01.407959560 [34m18843[00m 0xffff4c005e00 [36mINFO   [00m [00;01;31m          GST_STATES gstelement.c:2786:gst_element_continue_state:<videoconvert0>[00m continue state change PAUSED to READY, final READY
0:00:01.407982825 [34m18843[00m 0xffff4c005e00 [36mINFO   [00m [00;01;31m          GST_STATES gstelement.c:2806:gst_element_continue_state:<videoconvert0>[00m completed state change to READY
0:00:01.407994217 [34m18843[00m 0xffff4c005e00 [36mINFO   [00m [00;01;31m          GST_STATES gstelement.c:2706:_priv_gst_element_state_changed:<videoconvert0>[00m notifying about state-changed PAUSED to READY (VOID_PENDING pending)
0:00:01.408007146 [34m18843[00m 0xffff4c005e00 [36mINFO   [00m [00;01;31m          GST_STATES gstbin.c:2928:gst_bin_change_state_func:<pipeline0>[00m child 'videoconvert0' changed state to 2(READY) successfully
0:00:01.408019786 [34m18843[00m 0xffff4c005e00 [36mINFO   [00m [00;01;31m          GST_STATES gstbin.c:2479:gst_bin_element_set_state:<capsfilter0>[00m current PLAYING pending VOID_PENDING, desired next READY
0:00:01.408031787 [34m18843[00m 0xffff4c005e00 [36mINFO   [00m [00;01;31m          GST_STATES gstelement.c:2778:gst_element_continue_state:<capsfilter0>[00m committing state from PLAYING to PAUSED, pending READY, next READY
0:00:01.408043403 [34m18843[00m 0xffff4c005e00 [36mINFO   [00m [00;01;31m          GST_STATES gstelement.c:2706:_priv_gst_element_state_changed:<capsfilter0>[00m notifying about state-changed PLAYING to PAUSED (READY pending)
0:00:01.408055275 [34m18843[00m 0xffff4c005e00 [36mINFO   [00m [00;01;31m          GST_STATES gstelement.c:2786:gst_element_continue_state:<capsfilter0>[00m continue state change PAUSED to READY, final READY
0:00:01.408072812 [34m18843[00m 0xffff4c005e00 [36mINFO   [00m [00;01;31m          GST_STATES gstelement.c:2806:gst_element_continue_state:<capsfilter0>[00m completed state change to READY
0:00:01.408082796 [34m18843[00m 0xffff4c005e00 [36mINFO   [00m [00;01;31m          GST_STATES gstelement.c:2706:_priv_gst_element_state_changed:<capsfilter0>[00m notifying about state-changed PAUSED to READY (VOID_PENDING pending)
0:00:01.408094893 [34m18843[00m 0xffff4c005e00 [36mINFO   [00m [00;01;31m          GST_STATES gstbin.c:2928:gst_bin_change_state_func:<pipeline0>[00m child 'capsfilter0' changed state to 2(READY) successfully
0:00:01.408108205 [34m18843[00m 0xffff4c005e00 [36mINFO   [00m [00;01;31m          GST_STATES gstbin.c:2479:gst_bin_element_set_state:<nvvconv0>[00m current PLAYING pending VOID_PENDING, desired next READY
0:00:01.408124238 [34m18843[00m 0xffff4c005e00 [36mINFO   [00m [00;01;31m          GST_STATES gstelement.c:2778:gst_element_continue_state:<nvvconv0>[00m committing state from PLAYING to PAUSED, pending READY, next READY
0:00:01.408134158 [34m18843[00m 0xffff4c005e00 [36mINFO   [00m [00;01;31m          GST_STATES gstelement.c:2706:_priv_gst_element_state_changed:<nvvconv0>[00m notifying about state-changed PLAYING to PAUSED (READY pending)
0:00:01.408145038 [34m18843[00m 0xffff4c005e00 [36mINFO   [00m [00;01;31m          GST_STATES gstelement.c:2786:gst_element_continue_state:<nvvconv0>[00m continue state change PAUSED to READY, final READY
0:00:01.408166031 [34m18843[00m 0xffff4c005e00 [36mINFO   [00m [00;01;31m          GST_STATES gstelement.c:2806:gst_element_continue_state:<nvvconv0>[00m completed state change to READY
0:00:01.408176559 [34m18843[00m 0xffff4c005e00 [36mINFO   [00m [00;01;31m          GST_STATES gstelement.c:2706:_priv_gst_element_state_changed:<nvvconv0>[00m notifying about state-changed PAUSED to READY (VOID_PENDING pending)
0:00:01.408189232 [34m18843[00m 0xffff4c005e00 [36mINFO   [00m [00;01;31m          GST_STATES gstbin.c:2928:gst_bin_change_state_func:<pipeline0>[00m child 'nvvconv0' changed state to 2(READY) successfully
0:00:01.408212625 [34m18843[00m 0xffff4c005e00 [36mINFO   [00m [00;01;31m          GST_STATES gstbin.c:2479:gst_bin_element_set_state:<nvv4l2decoder0>[00m current PLAYING pending VOID_PENDING, desired next READY
0:00:01.408232721 [34m18843[00m 0xffff4c005e00 [36mINFO   [00m [00;01;31m          GST_STATES gstelement.c:2778:gst_element_continue_state:<nvv4l2decoder0>[00m committing state from PLAYING to PAUSED, pending READY, next READY
0:00:01.408242674 [34m18843[00m 0xffff4c005e00 [36mINFO   [00m [00;01;31m          GST_STATES gstelement.c:2706:_priv_gst_element_state_changed:<nvv4l2decoder0>[00m notifying about state-changed PLAYING to PAUSED (READY pending)
0:00:01.408254066 [34m18843[00m 0xffff4c005e00 [36mINFO   [00m [00;01;31m          GST_STATES gstelement.c:2786:gst_element_continue_state:<nvv4l2decoder0>[00m continue state change PAUSED to READY, final READY
0:00:01.408315412 [34m18843[00m 0xffff4c005e00 [36mINFO   [00m [00;01;31m          GST_STATES gstelement.c:2806:gst_element_continue_state:<nvv4l2decoder0>[00m completed state change to READY
0:00:01.408330068 [34m18843[00m 0xffff4c005e00 [36mINFO   [00m [00;01;31m          GST_STATES gstelement.c:2706:_priv_gst_element_state_changed:<nvv4l2decoder0>[00m notifying about state-changed PAUSED to READY (VOID_PENDING pending)
0:00:01.408344213 [34m18843[00m 0xffff4c005e00 [36mINFO   [00m [00;01;31m          GST_STATES gstbin.c:2928:gst_bin_change_state_func:<pipeline0>[00m child 'nvv4l2decoder0' changed state to 2(READY) successfully
0:00:01.408357749 [34m18843[00m 0xffff4c005e00 [36mINFO   [00m [00;01;31m          GST_STATES gstbin.c:2479:gst_bin_element_set_state:<queue1>[00m current PLAYING pending VOID_PENDING, desired next READY
0:00:01.408369942 [34m18843[00m 0xffff4c005e00 [36mINFO   [00m [00;01;31m          GST_STATES gstelement.c:2778:gst_element_continue_state:<queue1>[00m committing state from PLAYING to PAUSED, pending READY, next READY
0:00:01.408379766 [34m18843[00m 0xffff4c005e00 [36mINFO   [00m [00;01;31m          GST_STATES gstelement.c:2706:_priv_gst_element_state_changed:<queue1>[00m notifying about state-changed PLAYING to PAUSED (READY pending)
0:00:01.408391254 [34m18843[00m 0xffff4c005e00 [36mINFO   [00m [00;01;31m          GST_STATES gstelement.c:2786:gst_element_continue_state:<queue1>[00m continue state change PAUSED to READY, final READY
0:00:01.408458201 [34m18843[00m 0xffff4c005e00 [36mINFO   [00m [00;01;31m          GST_STATES gstelement.c:2806:gst_element_continue_state:<queue1>[00m completed state change to READY
0:00:01.408475513 [34m18843[00m 0xffff4c005e00 [36mINFO   [00m [00;01;31m          GST_STATES gstelement.c:2706:_priv_gst_element_state_changed:<queue1>[00m notifying about state-changed PAUSED to READY (VOID_PENDING pending)
0:00:01.408490970 [34m18843[00m 0xffff4c005e00 [36mINFO   [00m [00;01;31m          GST_STATES gstbin.c:2928:gst_bin_change_state_func:<pipeline0>[00m child 'queue1' changed state to 2(READY) successfully
0:00:01.408505338 [34m18843[00m 0xffff4c005e00 [36mINFO   [00m [00;01;31m          GST_STATES gstbin.c:2479:gst_bin_element_set_state:<h265parse0>[00m current PLAYING pending VOID_PENDING, desired next READY
0:00:01.408519963 [34m18843[00m 0xffff4c005e00 [36mINFO   [00m [00;01;31m          GST_STATES gstelement.c:2778:gst_element_continue_state:<h265parse0>[00m committing state from PLAYING to PAUSED, pending READY, next READY
0:00:01.408529531 [34m18843[00m 0xffff4c005e00 [36mINFO   [00m [00;01;31m          GST_STATES gstelement.c:2706:_priv_gst_element_state_changed:<h265parse0>[00m notifying about state-changed PLAYING to PAUSED (READY pending)
0:00:01.408540443 [34m18843[00m 0xffff4c005e00 [36mINFO   [00m [00;01;31m          GST_STATES gstelement.c:2786:gst_element_continue_state:<h265parse0>[00m continue state change PAUSED to READY, final READY
0:00:01.408592445 [34m18843[00m 0xffff4c005e00 [36mINFO   [00m [00;01;31m          GST_STATES gstelement.c:2806:gst_element_continue_state:<h265parse0>[00m completed state change to READY
0:00:01.408606622 [34m18843[00m 0xffff4c005e00 [36mINFO   [00m [00;01;31m          GST_STATES gstelement.c:2706:_priv_gst_element_state_changed:<h265parse0>[00m notifying about state-changed PAUSED to READY (VOID_PENDING pending)
0:00:01.408620286 [34m18843[00m 0xffff4c005e00 [36mINFO   [00m [00;01;31m          GST_STATES gstbin.c:2928:gst_bin_change_state_func:<pipeline0>[00m child 'h265parse0' changed state to 2(READY) successfully
0:00:01.408634142 [34m18843[00m 0xffff4c005e00 [36mINFO   [00m [00;01;31m          GST_STATES gstbin.c:2479:gst_bin_element_set_state:<queue0>[00m current PLAYING pending VOID_PENDING, desired next READY
0:00:01.408646367 [34m18843[00m 0xffff4c005e00 [36mINFO   [00m [00;01;31m          GST_STATES gstelement.c:2778:gst_element_continue_state:<queue0>[00m committing state from PLAYING to PAUSED, pending READY, next READY
0:00:01.408656095 [34m18843[00m 0xffff4c005e00 [36mINFO   [00m [00;01;31m          GST_STATES gstelement.c:2706:_priv_gst_element_state_changed:<queue0>[00m notifying about state-changed PLAYING to PAUSED (READY pending)
0:00:01.408666848 [34m18843[00m 0xffff4c005e00 [36mINFO   [00m [00;01;31m          GST_STATES gstelement.c:2786:gst_element_continue_state:<queue0>[00m continue state change PAUSED to READY, final READY
0:00:01.408785411 [34m18843[00m 0xffff4c005e00 [36mINFO   [00m [00;01;31m          GST_STATES gstelement.c:2806:gst_element_continue_state:<queue0>[00m completed state change to READY
0:00:01.408823877 [34m18843[00m 0xffff4c005e00 [36mINFO   [00m [00;01;31m          GST_STATES gstelement.c:2706:_priv_gst_element_state_changed:<queue0>[00m notifying about state-changed PAUSED to READY (VOID_PENDING pending)
0:00:01.408849926 [34m18843[00m 0xffff4c005e00 [36mINFO   [00m [00;01;31m          GST_STATES gstbin.c:2928:gst_bin_change_state_func:<pipeline0>[00m child 'queue0' changed state to 2(READY) successfully
0:00:01.408870534 [34m18843[00m 0xffff4c005e00 [36mINFO   [00m [00;01;31m          GST_STATES gstbin.c:2479:gst_bin_element_set_state:<rtph265depay0>[00m current PLAYING pending VOID_PENDING, desired next READY
0:00:01.408888327 [34m18843[00m 0xffff4c005e00 [36mINFO   [00m [00;01;31m          GST_STATES gstelement.c:2778:gst_element_continue_state:<rtph265depay0>[00m committing state from PLAYING to PAUSED, pending READY, next READY
0:00:01.408899175 [34m18843[00m 0xffff4c005e00 [36mINFO   [00m [00;01;31m          GST_STATES gstelement.c:2706:_priv_gst_element_state_changed:<rtph265depay0>[00m notifying about state-changed PLAYING to PAUSED (READY pending)
0:00:01.408911368 [34m18843[00m 0xffff4c005e00 [36mINFO   [00m [00;01;31m          GST_STATES gstelement.c:2786:gst_element_continue_state:<rtph265depay0>[00m continue state change PAUSED to READY, final READY
0:00:01.408932520 [34m18843[00m 0xffff4c005e00 [36mINFO   [00m [00;01;31m          GST_STATES gstelement.c:2806:gst_element_continue_state:<rtph265depay0>[00m completed state change to READY
0:00:01.408943817 [34m18843[00m 0xffff4c005e00 [36mINFO   [00m [00;01;31m          GST_STATES gstelement.c:2706:_priv_gst_element_state_changed:<rtph265depay0>[00m notifying about state-changed PAUSED to READY (VOID_PENDING pending)
0:00:01.408956201 [34m18843[00m 0xffff4c005e00 [36mINFO   [00m [00;01;31m          GST_STATES gstbin.c:2928:gst_bin_change_state_func:<pipeline0>[00m child 'rtph265depay0' changed state to 2(READY) successfully
0:00:01.408968937 [34m18843[00m 0xffff4c005e00 [36mINFO   [00m [00;01;31m          GST_STATES gstbin.c:2479:gst_bin_element_set_state:<rtpjitterbuffer0>[00m current PLAYING pending VOID_PENDING, desired next READY
0:00:01.408983274 [34m18843[00m 0xffff4c005e00 [36mINFO   [00m [00;01;31m          GST_STATES gstelement.c:2778:gst_element_continue_state:<rtpjitterbuffer0>[00m committing state from PLAYING to PAUSED, pending READY, next READY
0:00:01.409006891 [34m18843[00m 0xffff4c005e00 [36mINFO   [00m [00;01;31m          GST_STATES gstelement.c:2706:_priv_gst_element_state_changed:<rtpjitterbuffer0>[00m notifying about state-changed PLAYING to PAUSED (READY pending)
0:00:01.409019627 [34m18843[00m 0xffff4c005e00 [36mINFO   [00m [00;01;31m          GST_STATES gstelement.c:2786:gst_element_continue_state:<rtpjitterbuffer0>[00m continue state change PAUSED to READY, final READY
0:00:01.409148399 [34m18843[00m 0xffff4c005e00 [36mINFO   [00m [00;01;31m          GST_STATES gstelement.c:2806:gst_element_continue_state:<rtpjitterbuffer0>[00m completed state change to READY
0:00:01.409166320 [34m18843[00m 0xffff4c005e00 [36mINFO   [00m [00;01;31m          GST_STATES gstelement.c:2706:_priv_gst_element_state_changed:<rtpjitterbuffer0>[00m notifying about state-changed PAUSED to READY (VOID_PENDING pending)
0:00:01.409181840 [34m18843[00m 0xffff4c005e00 [36mINFO   [00m [00;01;31m          GST_STATES gstbin.c:2928:gst_bin_change_state_func:<pipeline0>[00m child 'rtpjitterbuffer0' changed state to 2(READY) successfully
0:00:01.409196113 [34m18843[00m 0xffff4c005e00 [36mINFO   [00m [00;01;31m          GST_STATES gstbin.c:2479:gst_bin_element_set_state:<rtspsrc0>[00m current PLAYING pending VOID_PENDING, desired next READY
0:00:01.409224274 [34m18843[00m 0xffff4c005e00 [36mINFO   [00m [00;01;31m          GST_STATES gstbin.c:2928:gst_bin_change_state_func:<rtspsrc0>[00m child 'manager' changed state to 3(PAUSED) successfully
0:00:01.409227314 [34m18843[00m 0xffff4c008360 [36mINFO   [00m [00m                task gsttask.c:370:gst_task_func:<task6>[00m Task resume from paused
0:00:01.409282612 [34m18843[00m 0xffff4c005e00 [36mINFO   [00m [00;01;31m          GST_STATES gstelement.c:2778:gst_element_continue_state:<rtspsrc0>[00m committing state from PLAYING to PAUSED, pending READY, next READY
0:00:01.409301012 [34m18843[00m 0xffff4c005e00 [36mINFO   [00m [00;01;31m          GST_STATES gstelement.c:2706:_priv_gst_element_state_changed:<rtspsrc0>[00m notifying about state-changed PLAYING to PAUSED (READY pending)
0:00:01.409316277 [34m18843[00m 0xffff4c005e00 [36mINFO   [00m [00;01;31m          GST_STATES gstelement.c:2786:gst_element_continue_state:<rtspsrc0>[00m continue state change PAUSED to READY, final READY
0:00:01.409355126 [34m18843[00m 0xffff4c005e00 [36mINFO   [00m [00;01;31m          GST_STATES gstbin.c:2928:gst_bin_change_state_func:<rtspsrc0>[00m child 'manager' changed state to 2(READY) successfully
0:00:01.409477818 [34m18843[00m 0xffff4c008360 [33;01mWARN   [00m [00m             rtspsrc gstrtspsrc.c:6526:gst_rtsp_src_receive_response:<rtspsrc0>[00m receive interrupted
0:00:01.409501883 [34m18843[00m 0xffff4c008360 [33;01mWARN   [00m [00m             rtspsrc gstrtspsrc.c:6624:gst_rtspsrc_try_send:<rtspsrc0>[00m receive interrupted
0:00:01.409516027 [34m18843[00m 0xffff4c008360 [33;01mWARN   [00m [00m             rtspsrc gstrtspsrc.c:9037:gst_rtspsrc_pause:<rtspsrc0>[00m PAUSE interrupted
0:00:01.409584030 [34m18843[00m 0xffff4c008360 [36mINFO   [00m [00;01;31m          GST_STATES gstbin.c:2479:gst_bin_element_set_state:<rtpptdemux1>[00m current PLAYING pending VOID_PENDING, desired next PAUSED
0:00:01.409603134 [34m18843[00m 0xffff4c008360 [36mINFO   [00m [00;01;31m          GST_STATES gstelement.c:2806:gst_element_continue_state:<rtpptdemux1>[00m completed state change to PAUSED
0:00:01.409616607 [34m18843[00m 0xffff4c008360 [36mINFO   [00m [00;01;31m          GST_STATES gstelement.c:2706:_priv_gst_element_state_changed:<rtpptdemux1>[00m notifying about state-changed PLAYING to PAUSED (VOID_PENDING pending)
0:00:01.409633343 [34m18843[00m 0xffff4c008360 [36mINFO   [00m [00;01;31m          GST_STATES gstbin.c:2928:gst_bin_change_state_func:<manager>[00m child 'rtpptdemux1' changed state to 3(PAUSED) successfully
0:00:01.409648224 [34m18843[00m 0xffff4c008360 [36mINFO   [00m [00;01;31m          GST_STATES gstbin.c:2479:gst_bin_element_set_state:<rtpjitterbuffer2>[00m current PLAYING pending VOID_PENDING, desired next PAUSED
0:00:01.409673761 [34m18843[00m 0xffff4c008360 [36mINFO   [00m [00;01;31m          GST_STATES gstelement.c:2806:gst_element_continue_state:<rtpjitterbuffer2>[00m completed state change to PAUSED
0:00:01.409685249 [34m18843[00m 0xffff4c008360 [36mINFO   [00m [00;01;31m          GST_STATES gstelement.c:2706:_priv_gst_element_state_changed:<rtpjitterbuffer2>[00m notifying about state-changed PLAYING to PAUSED (VOID_PENDING pending)
0:00:01.409700514 [34m18843[00m 0xffff4c008360 [36mINFO   [00m [00;01;31m          GST_STATES gstbin.c:2971:gst_bin_change_state_func:<manager>[00m child 'rtpjitterbuffer2' changed state to 3(PAUSED) successfully without preroll
0:00:01.409714402 [34m18843[00m 0xffff4c008360 [36mINFO   [00m [00;01;31m          GST_STATES gstbin.c:2479:gst_bin_element_set_state:<rtpssrcdemux1>[00m current PLAYING pending VOID_PENDING, desired next PAUSED
0:00:01.409725538 [34m18843[00m 0xffff4c008360 [36mINFO   [00m [00;01;31m          GST_STATES gstelement.c:2806:gst_element_continue_state:<rtpssrcdemux1>[00m completed state change to PAUSED
0:00:01.409735779 [34m18843[00m 0xffff4c008360 [36mINFO   [00m [00;01;31m          GST_STATES gstelement.c:2706:_priv_gst_element_state_changed:<rtpssrcdemux1>[00m notifying about state-changed PLAYING to PAUSED (VOID_PENDING pending)
0:00:01.409749059 [34m18843[00m 0xffff4c008360 [36mINFO   [00m [00;01;31m          GST_STATES gstbin.c:2928:gst_bin_change_state_func:<manager>[00m child 'rtpssrcdemux1' changed state to 3(PAUSED) successfully
0:00:01.409780452 [34m18843[00m 0xffff4c008360 [36mINFO   [00m [00;01;31m          GST_STATES gstbin.c:2479:gst_bin_element_set_state:<rtpstorage1>[00m current PLAYING pending VOID_PENDING, desired next PAUSED
0:00:01.409791813 [34m18843[00m 0xffff4c008360 [36mINFO   [00m [00;01;31m          GST_STATES gstelement.c:2806:gst_element_continue_state:<rtpstorage1>[00m completed state change to PAUSED
0:00:01.409801573 [34m18843[00m 0xffff4c008360 [36mINFO   [00m [00;01;31m          GST_STATES gstelement.c:2706:_priv_gst_element_state_changed:<rtpstorage1>[00m notifying about state-changed PLAYING to PAUSED (VOID_PENDING pending)
0:00:01.409815269 [34m18843[00m 0xffff4c008360 [36mINFO   [00m [00;01;31m          GST_STATES gstbin.c:2928:gst_bin_change_state_func:<manager>[00m child 'rtpstorage1' changed state to 3(PAUSED) successfully
0:00:01.409828486 [34m18843[00m 0xffff4c008360 [36mINFO   [00m [00;01;31m          GST_STATES gstbin.c:2479:gst_bin_element_set_state:<rtpsession1>[00m current PLAYING pending VOID_PENDING, desired next PAUSED
0:00:01.409848038 [34m18843[00m 0xffff4c008360 [36mINFO   [00m [00;01;31m          GST_STATES gstelement.c:2806:gst_element_continue_state:<rtpsession1>[00m completed state change to PAUSED
0:00:01.409858343 [34m18843[00m 0xffff4c008360 [36mINFO   [00m [00;01;31m          GST_STATES gstelement.c:2706:_priv_gst_element_state_changed:<rtpsession1>[00m notifying about state-changed PLAYING to PAUSED (VOID_PENDING pending)
0:00:01.409871591 [34m18843[00m 0xffff4c008360 [36mINFO   [00m [00;01;31m          GST_STATES gstbin.c:2928:gst_bin_change_state_func:<manager>[00m child 'rtpsession1' changed state to 3(PAUSED) successfully
0:00:01.409887208 [34m18843[00m 0xffff4c008360 [36mINFO   [00m [00;01;31m          GST_STATES gstelement.c:2778:gst_element_continue_state:<manager>[00m committing state from PLAYING to PAUSED, pending READY, next READY
0:00:01.409897128 [34m18843[00m 0xffff4c008360 [36mINFO   [00m [00;01;31m          GST_STATES gstelement.c:2706:_priv_gst_element_state_changed:<manager>[00m notifying about state-changed PLAYING to PAUSED (READY pending)
0:00:01.409909096 [34m18843[00m 0xffff4c008360 [36mINFO   [00m [00;01;31m          GST_STATES gstelement.c:2786:gst_element_continue_state:<manager>[00m continue state change PAUSED to READY, final READY
0:00:01.409963370 [34m18843[00m 0xffff4c008360 [36mINFO   [00m [00;01;31m          GST_STATES gstbin.c:2479:gst_bin_element_set_state:<rtpptdemux1>[00m current PAUSED pending VOID_PENDING, desired next READY
0:00:01.410001035 [34m18843[00m 0xffff4c008360 [36mINFO   [00m [00;01;37;41m    GST_ELEMENT_PADS gstelement.c:875:gst_element_remove_pad:<rtpptdemux1>[00m removing pad 'src_96'
0:00:01.410017772 [34m18843[00m 0xffff4c008360 [36mINFO   [00m [00;01;37;41m    GST_ELEMENT_PADS gstpad.c:2137:gst_pad_unlink:[00m unlinking rtpptdemux1:src_96(0xffff3804cfa0) and recv_rtp_src_0_509190101_96:proxypad8(0xffff38044f30)
0:00:01.410036525 [34m18843[00m 0xffff4c008360 [36mINFO   [00m [00;01;37;41m    GST_ELEMENT_PADS gstpad.c:2192:gst_pad_unlink:[00m unlinked rtpptdemux1:src_96 and recv_rtp_src_0_509190101_96:proxypad8
0:00:01.410057005 [34m18843[00m 0xffff4c008360 [36mINFO   [00m [00;01;37;41m    GST_ELEMENT_PADS gstelement.c:875:gst_element_remove_pad:<manager>[00m removing pad 'recv_rtp_src_0_509190101_96'
0:00:01.410071854 [34m18843[00m 0xffff4c008360 [36mINFO   [00m [00;01;37;41m    GST_ELEMENT_PADS gstpad.c:2137:gst_pad_unlink:[00m unlinking manager:recv_rtp_src_0_509190101_96(0xffff38042f00) and recv_rtp_src_0_509190101_96:proxypad9(0xffff38045190)
0:00:01.410086254 [34m18843[00m 0xffff4c008360 [36mINFO   [00m [00;01;37;41m    GST_ELEMENT_PADS gstpad.c:2192:gst_pad_unlink:[00m unlinked manager:recv_rtp_src_0_509190101_96 and recv_rtp_src_0_509190101_96:proxypad9
0:00:01.410115887 [34m18843[00m 0xffff4c008360 [36mINFO   [00m [00;01;31m          GST_STATES gstelement.c:2806:gst_element_continue_state:<rtpptdemux1>[00m completed state change to READY
0:00:01.410129424 [34m18843[00m 0xffff4c008360 [36mINFO   [00m [00;01;31m          GST_STATES gstelement.c:2706:_priv_gst_element_state_changed:<rtpptdemux1>[00m notifying about state-changed PAUSED to READY (VOID_PENDING pending)
0:00:01.410143824 [34m18843[00m 0xffff4c008360 [36mINFO   [00m [00;01;31m          GST_STATES gstbin.c:2928:gst_bin_change_state_func:<manager>[00m child 'rtpptdemux1' changed state to 2(READY) successfully
0:00:01.410161521 [34m18843[00m 0xffff4c008360 [36mINFO   [00m [00;01;31m          GST_STATES gstbin.c:2479:gst_bin_element_set_state:<rtpptdemux1>[00m current READY pending VOID_PENDING, desired next READY
0:00:01.410172209 [34m18843[00m 0xffff4c008360 [36mINFO   [00m [00;01;31m          GST_STATES gstbin.c:2597:gst_bin_element_set_state:<rtpptdemux1>[00m skipping transition from READY to  READY
0:00:01.410181649 [34m18843[00m 0xffff4c008360 [36mINFO   [00m [00;01;31m          GST_STATES gstbin.c:2928:gst_bin_change_state_func:<manager>[00m child 'rtpptdemux1' changed state to 2(READY) successfully
0:00:01.410218035 [34m18843[00m 0xffff38014e40 [36mINFO   [00m [00m                task gsttask.c:370:gst_task_func:<rtpjitterbuffer2:src>[00m Task resume from paused
0:00:01.410339127 [34m18843[00m 0xffff4c008360 [36mINFO   [00m [00;01;31m          GST_STATES gstelement.c:2806:gst_element_continue_state:<rtpjitterbuffer2>[00m completed state change to READY
0:00:01.410361879 [34m18843[00m 0xffff4c008360 [36mINFO   [00m [00;01;31m          GST_STATES gstelement.c:2706:_priv_gst_element_state_changed:<rtpjitterbuffer2>[00m notifying about state-changed PAUSED to READY (VOID_PENDING pending)
0:00:01.410381304 [34m18843[00m 0xffff4c008360 [36mINFO   [00m [00;01;31m          GST_STATES gstbin.c:2928:gst_bin_change_state_func:<manager>[00m child 'rtpjitterbuffer2' changed state to 2(READY) successfully
0:00:01.410398169 [34m18843[00m 0xffff4c008360 [36mINFO   [00m [00;01;31m          GST_STATES gstbin.c:2479:gst_bin_element_set_state:<rtpssrcdemux1>[00m current PAUSED pending VOID_PENDING, desired next READY
0:00:01.410443034 [34m18843[00m 0xffff4c008360 [36mINFO   [00m [00;01;37;41m    GST_ELEMENT_PADS gstelement.c:875:gst_element_remove_pad:<rtpssrcdemux1>[00m removing pad 'src_509190101'
0:00:01.410465659 [34m18843[00m 0xffff4c008360 [36mINFO   [00m [00;01;37;41m    GST_ELEMENT_PADS gstpad.c:2137:gst_pad_unlink:[00m unlinking rtpssrcdemux1:src_509190101(0xffff400181d0) and rtpjitterbuffer2:sink(0xffff400188c0)
0:00:01.410494332 [34m18843[00m 0xffff4c008360 [36mINFO   [00m [00;01;37;41m    GST_ELEMENT_PADS gstpad.c:2192:gst_pad_unlink:[00m unlinked rtpssrcdemux1:src_509190101 and rtpjitterbuffer2:sink
0:00:01.410515324 [34m18843[00m 0xffff4c008360 [36mINFO   [00m [00;01;37;41m    GST_ELEMENT_PADS gstelement.c:875:gst_element_remove_pad:<rtpssrcdemux1>[00m removing pad 'rtcp_src_509190101'
0:00:01.410529181 [34m18843[00m 0xffff4c008360 [36mINFO   [00m [00;01;37;41m    GST_ELEMENT_PADS gstpad.c:2137:gst_pad_unlink:[00m unlinking rtpssrcdemux1:rtcp_src_509190101(0xffff40018420) and rtpjitterbuffer2:sink_rtcp(0xffff40018d60)
0:00:01.410542397 [34m18843[00m 0xffff4c008360 [36mINFO   [00m [00;01;37;41m    GST_ELEMENT_PADS gstpad.c:2192:gst_pad_unlink:[00m unlinked rtpssrcdemux1:rtcp_src_509190101 and rtpjitterbuffer2:sink_rtcp
0:00:01.410558398 [34m18843[00m 0xffff4c008360 [36mINFO   [00m [00;01;31m          GST_STATES gstelement.c:2806:gst_element_continue_state:<rtpssrcdemux1>[00m completed state change to READY
0:00:01.410569438 [34m18843[00m 0xffff4c008360 [36mINFO   [00m [00;01;31m          GST_STATES gstelement.c:2706:_priv_gst_element_state_changed:<rtpssrcdemux1>[00m notifying about state-changed PAUSED to READY (VOID_PENDING pending)
0:00:01.410582751 [34m18843[00m 0xffff4c008360 [36mINFO   [00m [00;01;31m          GST_STATES gstbin.c:2928:gst_bin_change_state_func:<manager>[00m child 'rtpssrcdemux1' changed state to 2(READY) successfully
0:00:01.410599295 [34m18843[00m 0xffff4c008360 [36mINFO   [00m [00;01;31m          GST_STATES gstbin.c:2479:gst_bin_element_set_state:<rtpptdemux1>[00m current READY pending VOID_PENDING, desired next READY
0:00:01.410610016 [34m18843[00m 0xffff4c008360 [36mINFO   [00m [00;01;31m          GST_STATES gstbin.c:2597:gst_bin_element_set_state:<rtpptdemux1>[00m skipping transition from READY to  READY
0:00:01.410619104 [34m18843[00m 0xffff4c008360 [36mINFO   [00m [00;01;31m          GST_STATES gstbin.c:2928:gst_bin_change_state_func:<manager>[00m child 'rtpptdemux1' changed state to 2(READY) successfully
0:00:01.410629152 [34m18843[00m 0xffff4c008360 [36mINFO   [00m [00;01;31m          GST_STATES gstbin.c:2479:gst_bin_element_set_state:<rtpjitterbuffer2>[00m current READY pending VOID_PENDING, desired next READY
0:00:01.410637856 [34m18843[00m 0xffff4c008360 [36mINFO   [00m [00;01;31m          GST_STATES gstbin.c:2597:gst_bin_element_set_state:<rtpjitterbuffer2>[00m skipping transition from READY to  READY
0:00:01.410646593 [34m18843[00m 0xffff4c008360 [36mINFO   [00m [00;01;31m          GST_STATES gstbin.c:2928:gst_bin_change_state_func:<manager>[00m child 'rtpjitterbuffer2' changed state to 2(READY) successfully
0:00:01.410657569 [34m18843[00m 0xffff4c008360 [36mINFO   [00m [00;01;31m          GST_STATES gstbin.c:2479:gst_bin_element_set_state:<rtpssrcdemux1>[00m current READY pending VOID_PENDING, desired next READY
0:00:01.410666945 [34m18843[00m 0xffff4c008360 [36mINFO   [00m [00;01;31m          GST_STATES gstbin.c:2597:gst_bin_element_set_state:<rtpssrcdemux1>[00m skipping transition from READY to  READY
0:00:01.410676098 [34m18843[00m 0xffff4c008360 [36mINFO   [00m [00;01;31m          GST_STATES gstbin.c:2928:gst_bin_change_state_func:<manager>[00m child 'rtpssrcdemux1' changed state to 2(READY) successfully
0:00:01.410686434 [34m18843[00m 0xffff4c008360 [36mINFO   [00m [00;01;31m          GST_STATES gstbin.c:2479:gst_bin_element_set_state:<rtpstorage1>[00m current PAUSED pending VOID_PENDING, desired next READY
0:00:01.410709507 [34m18843[00m 0xffff4c008360 [36mINFO   [00m [00;01;31m          GST_STATES gstelement.c:2806:gst_element_continue_state:<rtpstorage1>[00m completed state change to READY
0:00:01.410720483 [34m18843[00m 0xffff4c008360 [36mINFO   [00m [00;01;31m          GST_STATES gstelement.c:2706:_priv_gst_element_state_changed:<rtpstorage1>[00m notifying about state-changed PAUSED to READY (VOID_PENDING pending)
0:00:01.410745796 [34m18843[00m 0xffff4c008360 [36mINFO   [00m [00;01;31m          GST_STATES gstbin.c:2928:gst_bin_change_state_func:<manager>[00m child 'rtpstorage1' changed state to 2(READY) successfully
0:00:01.410759172 [34m18843[00m 0xffff4c008360 [36mINFO   [00m [00;01;31m          GST_STATES gstbin.c:2479:gst_bin_element_set_state:<rtpsession1>[00m current PAUSED pending VOID_PENDING, desired next READY
0:00:01.410817702 [34m18843[00m 0xffff4c008360 [36mINFO   [00m [00;01;31m          GST_STATES gstelement.c:2806:gst_element_continue_state:<rtpsession1>[00m completed state change to READY
0:00:01.410833351 [34m18843[00m 0xffff4c008360 [36mINFO   [00m [00;01;31m          GST_STATES gstelement.c:2706:_priv_gst_element_state_changed:<rtpsession1>[00m notifying about state-changed PAUSED to READY (VOID_PENDING pending)
0:00:01.410848967 [34m18843[00m 0xffff4c008360 [36mINFO   [00m [00;01;31m          GST_STATES gstbin.c:2928:gst_bin_change_state_func:<manager>[00m child 'rtpsession1' changed state to 2(READY) successfully
0:00:01.410884393 [34m18843[00m 0xffff4c008360 [36mINFO   [00m [00;01;31m          GST_STATES gstelement.c:2806:gst_element_continue_state:<manager>[00m completed state change to READY
0:00:01.410896201 [34m18843[00m 0xffff4c008360 [36mINFO   [00m [00;01;31m          GST_STATES gstelement.c:2706:_priv_gst_element_state_changed:<manager>[00m notifying about state-changed PAUSED to READY (VOID_PENDING pending)
0:00:01.411252117 [34m18843[00m 0xffff4c008360 [36mINFO   [00m [00;01;37;41m    GST_ELEMENT_PADS gstpad.c:2137:gst_pad_unlink:[00m unlinking '':internalsrc_0(0xffff3804d690) and manager:recv_rtp_sink_0(0xffff380433e0)
0:00:01.411282646 [34m18843[00m 0xffff4c008360 [36mINFO   [00m [00;01;37;41m    GST_ELEMENT_PADS gstpad.c:2192:gst_pad_unlink:[00m unlinked '':internalsrc_0 and manager:recv_rtp_sink_0
0:00:01.411305622 [34m18843[00m 0xffff4c008360 [36mINFO   [00m [00;01;37;41m    GST_ELEMENT_PADS gstpad.c:2137:gst_pad_unlink:[00m unlinking '':internalsrc_1(0xffff3804d8e0) and manager:recv_rtcp_sink_0(0xffff38043650)
0:00:01.411318583 [34m18843[00m 0xffff4c008360 [36mINFO   [00m [00;01;37;41m    GST_ELEMENT_PADS gstpad.c:2192:gst_pad_unlink:[00m unlinked '':internalsrc_1 and manager:recv_rtcp_sink_0
0:00:01.411337816 [34m18843[00m 0xffff4c008360 [36mINFO   [00m [00;01;37;41m    GST_ELEMENT_PADS gstelement.c:875:gst_element_remove_pad:<rtspsrc0>[00m removing pad 'recv_rtp_src_0_509190101_96'
0:00:01.411360216 [34m18843[00m 0xffff4c008360 [36mINFO   [00m [00;01;37;41m    GST_ELEMENT_PADS gstpad.c:2137:gst_pad_unlink:[00m unlinking manager:send_rtcp_src_0(0xffff380438c0) and '':internalsink_0(0xffff3804db30)
0:00:01.411377849 [34m18843[00m 0xffff4c008360 [36mINFO   [00m [00;01;37;41m    GST_ELEMENT_PADS gstpad.c:2192:gst_pad_unlink:[00m unlinked manager:send_rtcp_src_0 and '':internalsink_0
0:00:01.411413274 [34m18843[00m 0xffff4c008360 [36mINFO   [00m [00;01;31m          GST_STATES gstbin.c:2479:gst_bin_element_set_state:<rtpptdemux1>[00m current READY pending VOID_PENDING, desired next NULL
0:00:01.411430779 [34m18843[00m 0xffff4c008360 [36mINFO   [00m [00;01;31m          GST_STATES gstelement.c:2806:gst_element_continue_state:<rtpptdemux1>[00m completed state change to NULL
0:00:01.411441851 [34m18843[00m 0xffff4c008360 [36mINFO   [00m [00;01;31m          GST_STATES gstelement.c:2706:_priv_gst_element_state_changed:<rtpptdemux1>[00m notifying about state-changed READY to NULL (VOID_PENDING pending)
0:00:01.411456347 [34m18843[00m 0xffff4c008360 [36mINFO   [00m [00;01;31m          GST_STATES gstbin.c:2928:gst_bin_change_state_func:<manager>[00m child 'rtpptdemux1' changed state to 1(NULL) successfully
0:00:01.411468764 [34m18843[00m 0xffff4c008360 [36mINFO   [00m [00;01;31m          GST_STATES gstbin.c:2479:gst_bin_element_set_state:<rtpjitterbuffer2>[00m current READY pending VOID_PENDING, desired next NULL
0:00:01.411493533 [34m18843[00m 0xffff4c008360 [36mINFO   [00m [00;01;31m          GST_STATES gstelement.c:2806:gst_element_continue_state:<rtpjitterbuffer2>[00m completed state change to NULL
0:00:01.411504733 [34m18843[00m 0xffff4c008360 [36mINFO   [00m [00;01;31m          GST_STATES gstelement.c:2706:_priv_gst_element_state_changed:<rtpjitterbuffer2>[00m notifying about state-changed READY to NULL (VOID_PENDING pending)
0:00:01.411517533 [34m18843[00m 0xffff4c008360 [36mINFO   [00m [00;01;31m          GST_STATES gstbin.c:2928:gst_bin_change_state_func:<manager>[00m child 'rtpjitterbuffer2' changed state to 1(NULL) successfully
0:00:01.411530718 [34m18843[00m 0xffff4c008360 [36mINFO   [00m [00;01;31m          GST_STATES gstbin.c:2479:gst_bin_element_set_state:<rtpssrcdemux1>[00m current READY pending VOID_PENDING, desired next NULL
0:00:01.411542878 [34m18843[00m 0xffff4c008360 [36mINFO   [00m [00;01;31m          GST_STATES gstelement.c:2806:gst_element_continue_state:<rtpssrcdemux1>[00m completed state change to NULL
0:00:01.411552639 [34m18843[00m 0xffff4c008360 [36mINFO   [00m [00;01;31m          GST_STATES gstelement.c:2706:_priv_gst_element_state_changed:<rtpssrcdemux1>[00m notifying about state-changed READY to NULL (VOID_PENDING pending)
0:00:01.411565503 [34m18843[00m 0xffff4c008360 [36mINFO   [00m [00;01;31m          GST_STATES gstbin.c:2928:gst_bin_change_state_func:<manager>[00m child 'rtpssrcdemux1' changed state to 1(NULL) successfully
0:00:01.411576895 [34m18843[00m 0xffff4c008360 [36mINFO   [00m [00;01;31m          GST_STATES gstbin.c:2479:gst_bin_element_set_state:<rtpstorage1>[00m current READY pending VOID_PENDING, desired next NULL
0:00:01.411588192 [34m18843[00m 0xffff4c008360 [36mINFO   [00m [00;01;31m          GST_STATES gstelement.c:2806:gst_element_continue_state:<rtpstorage1>[00m completed state change to NULL
0:00:01.411597856 [34m18843[00m 0xffff4c008360 [36mINFO   [00m [00;01;31m          GST_STATES gstelement.c:2706:_priv_gst_element_state_changed:<rtpstorage1>[00m notifying about state-changed READY to NULL (VOID_PENDING pending)
0:00:01.411609952 [34m18843[00m 0xffff4c008360 [36mINFO   [00m [00;01;31m          GST_STATES gstbin.c:2928:gst_bin_change_state_func:<manager>[00m child 'rtpstorage1' changed state to 1(NULL) successfully
0:00:01.411621185 [34m18843[00m 0xffff4c008360 [36mINFO   [00m [00;01;31m          GST_STATES gstbin.c:2479:gst_bin_element_set_state:<rtpsession1>[00m current READY pending VOID_PENDING, desired next NULL
0:00:01.411633185 [34m18843[00m 0xffff4c008360 [36mINFO   [00m [00;01;31m          GST_STATES gstelement.c:2806:gst_element_continue_state:<rtpsession1>[00m completed state change to NULL
0:00:01.411643010 [34m18843[00m 0xffff4c008360 [36mINFO   [00m [00;01;31m          GST_STATES gstelement.c:2706:_priv_gst_element_state_changed:<rtpsession1>[00m notifying about state-changed READY to NULL (VOID_PENDING pending)
0:00:01.411655650 [34m18843[00m 0xffff4c008360 [36mINFO   [00m [00;01;31m          GST_STATES gstbin.c:2928:gst_bin_change_state_func:<manager>[00m child 'rtpsession1' changed state to 1(NULL) successfully
0:00:01.411668226 [34m18843[00m 0xffff4c008360 [36mINFO   [00m [00;01;31m          GST_STATES gstelement.c:2806:gst_element_continue_state:<manager>[00m completed state change to NULL
0:00:01.411678691 [34m18843[00m 0xffff4c008360 [36mINFO   [00m [00;01;31m          GST_STATES gstelement.c:2706:_priv_gst_element_state_changed:<manager>[00m notifying about state-changed READY to NULL (VOID_PENDING pending)
0:00:01.411700483 [34m18843[00m 0xffff4c008360 [36mINFO   [00m [00;01;37;41m       GST_PARENTAGE gstbin.c:1803:gst_bin_remove_func:<rtspsrc0>[00m removed child "manager"
0:00:01.411769478 [34m18843[00m 0xffff4c005e00 [36mINFO   [00m [00;01;31m          GST_STATES gstelement.c:2806:gst_element_continue_state:<rtspsrc0>[00m completed state change to READY
0:00:01.411785702 [34m18843[00m 0xffff4c005e00 [36mINFO   [00m [00;01;31m          GST_STATES gstelement.c:2706:_priv_gst_element_state_changed:<rtspsrc0>[00m notifying about state-changed PAUSED to READY (VOID_PENDING pending)
0:00:01.411812199 [34m18843[00m 0xffff4c005e00 [36mINFO   [00m [00;01;31m          GST_STATES gstbin.c:2928:gst_bin_change_state_func:<pipeline0>[00m child 'rtspsrc0' changed state to 2(READY) successfully
0:00:01.411832072 [34m18843[00m 0xffff4c005e00 [36mINFO   [00m [00;01;31m          GST_STATES gstelement.c:2778:gst_element_continue_state:<pipeline0>[00m committing state from PAUSED to READY, pending NULL, next NULL
0:00:01.411843720 [34m18843[00m 0xffff4c005e00 [36mINFO   [00m [00;01;31m          GST_STATES gstelement.c:2706:_priv_gst_element_state_changed:<pipeline0>[00m notifying about state-changed PAUSED to READY (NULL pending)
0:00:01.411855177 [34m18843[00m 0xffff4c005e00 [36mINFO   [00m [00;01;31m          GST_STATES gstelement.c:2786:gst_element_continue_state:<pipeline0>[00m continue state change READY to NULL, final NULL
0:00:01.411884714 [34m18843[00m 0xffff4c005e00 [36mINFO   [00m [00;01;31m          GST_STATES gstbin.c:2479:gst_bin_element_set_state:<appsink0>[00m current READY pending VOID_PENDING, desired next NULL
0:00:01.411905578 [34m18843[00m 0xffff4c005e00 [36mINFO   [00m [00;01;31m          GST_STATES gstelement.c:2806:gst_element_continue_state:<appsink0>[00m completed state change to NULL
0:00:01.411916587 [34m18843[00m 0xffff4c005e00 [36mINFO   [00m [00;01;31m          GST_STATES gstelement.c:2706:_priv_gst_element_state_changed:<appsink0>[00m notifying about state-changed READY to NULL (VOID_PENDING pending)
0:00:01.411929259 [34m18843[00m 0xffff4c005e00 [36mINFO   [00m [00;01;31m          GST_STATES gstbin.c:2928:gst_bin_change_state_func:<pipeline0>[00m child 'appsink0' changed state to 1(NULL) successfully
0:00:01.411941067 [34m18843[00m 0xffff4c005e00 [36mINFO   [00m [00;01;31m          GST_STATES gstbin.c:2479:gst_bin_element_set_state:<capsfilter1>[00m current READY pending VOID_PENDING, desired next NULL
0:00:01.411953772 [34m18843[00m 0xffff4c005e00 [36mINFO   [00m [00;01;31m          GST_STATES gstelement.c:2806:gst_element_continue_state:<capsfilter1>[00m completed state change to NULL
0:00:01.411963852 [34m18843[00m 0xffff4c005e00 [36mINFO   [00m [00;01;31m          GST_STATES gstelement.c:2706:_priv_gst_element_state_changed:<capsfilter1>[00m notifying about state-changed READY to NULL (VOID_PENDING pending)
0:00:01.411975020 [34m18843[00m 0xffff4c005e00 [36mINFO   [00m [00;01;31m          GST_STATES gstbin.c:2928:gst_bin_change_state_func:<pipeline0>[00m child 'capsfilter1' changed state to 1(NULL) successfully
0:00:01.411987213 [34m18843[00m 0xffff4c005e00 [36mINFO   [00m [00;01;31m          GST_STATES gstbin.c:2479:gst_bin_element_set_state:<videoconvert0>[00m current READY pending VOID_PENDING, desired next NULL
0:00:01.411998573 [34m18843[00m 0xffff4c005e00 [36mINFO   [00m [00;01;31m          GST_STATES gstelement.c:2806:gst_element_continue_state:<videoconvert0>[00m completed state change to NULL
0:00:01.412010414 [34m18843[00m 0xffff4c005e00 [36mINFO   [00m [00;01;31m          GST_STATES gstelement.c:2706:_priv_gst_element_state_changed:<videoconvert0>[00m notifying about state-changed READY to NULL (VOID_PENDING pending)
0:00:01.412022638 [34m18843[00m 0xffff4c005e00 [36mINFO   [00m [00;01;31m          GST_STATES gstbin.c:2928:gst_bin_change_state_func:<pipeline0>[00m child 'videoconvert0' changed state to 1(NULL) successfully
0:00:01.412035182 [34m18843[00m 0xffff4c005e00 [36mINFO   [00m [00;01;31m          GST_STATES gstbin.c:2479:gst_bin_element_set_state:<capsfilter0>[00m current READY pending VOID_PENDING, desired next NULL
0:00:01.412046511 [34m18843[00m 0xffff4c005e00 [36mINFO   [00m [00;01;31m          GST_STATES gstelement.c:2806:gst_element_continue_state:<capsfilter0>[00m completed state change to NULL
0:00:01.412055887 [34m18843[00m 0xffff4c005e00 [36mINFO   [00m [00;01;31m          GST_STATES gstelement.c:2706:_priv_gst_element_state_changed:<capsfilter0>[00m notifying about state-changed READY to NULL (VOID_PENDING pending)
0:00:01.412078992 [34m18843[00m 0xffff4c005e00 [36mINFO   [00m [00;01;31m          GST_STATES gstbin.c:2928:gst_bin_change_state_func:<pipeline0>[00m child 'capsfilter0' changed state to 1(NULL) successfully
0:00:01.412092080 [34m18843[00m 0xffff4c005e00 [36mINFO   [00m [00;01;31m          GST_STATES gstbin.c:2479:gst_bin_element_set_state:<nvvconv0>[00m current READY pending VOID_PENDING, desired next NULL
0:00:01.412106257 [34m18843[00m 0xffff4c005e00 [36mINFO   [00m [00;01;31m          GST_STATES gstelement.c:2806:gst_element_continue_state:<nvvconv0>[00m completed state change to NULL
0:00:01.412115505 [34m18843[00m 0xffff4c005e00 [36mINFO   [00m [00;01;31m          GST_STATES gstelement.c:2706:_priv_gst_element_state_changed:<nvvconv0>[00m notifying about state-changed READY to NULL (VOID_PENDING pending)
0:00:01.412127634 [34m18843[00m 0xffff4c005e00 [36mINFO   [00m [00;01;31m          GST_STATES gstbin.c:2928:gst_bin_change_state_func:<pipeline0>[00m child 'nvvconv0' changed state to 1(NULL) successfully
0:00:01.412139538 [34m18843[00m 0xffff4c005e00 [36mINFO   [00m [00;01;31m          GST_STATES gstbin.c:2479:gst_bin_element_set_state:<nvv4l2decoder0>[00m current READY pending VOID_PENDING, desired next NULL
0:00:01.412623682 [34m18843[00m 0xffff4c008360 [36mINFO   [00m [00m                task gsttask.c:368:gst_task_func:<task6>[00m Task going to paused
0:00:01.413529952 [34m18843[00m 0xffff4c005e00 [36mINFO   [00m [00;01;31m          GST_STATES gstelement.c:2806:gst_element_continue_state:<nvv4l2decoder0>[00m completed state change to NULL
0:00:01.413582337 [34m18843[00m 0xffff4c005e00 [36mINFO   [00m [00;01;31m          GST_STATES gstelement.c:2706:_priv_gst_element_state_changed:<nvv4l2decoder0>[00m notifying about state-changed READY to NULL (VOID_PENDING pending)
0:00:01.413616259 [34m18843[00m 0xffff4c005e00 [36mINFO   [00m [00;01;31m          GST_STATES gstbin.c:2928:gst_bin_change_state_func:<pipeline0>[00m child 'nvv4l2decoder0' changed state to 1(NULL) successfully
0:00:01.413643907 [34m18843[00m 0xffff4c005e00 [36mINFO   [00m [00;01;31m          GST_STATES gstbin.c:2479:gst_bin_element_set_state:<queue1>[00m current READY pending VOID_PENDING, desired next NULL
0:00:01.413662724 [34m18843[00m 0xffff4c005e00 [36mINFO   [00m [00;01;31m          GST_STATES gstelement.c:2806:gst_element_continue_state:<queue1>[00m completed state change to NULL
0:00:01.413674052 [34m18843[00m 0xffff4c005e00 [36mINFO   [00m [00;01;31m          GST_STATES gstelement.c:2706:_priv_gst_element_state_changed:<queue1>[00m notifying about state-changed READY to NULL (VOID_PENDING pending)
0:00:01.413687749 [34m18843[00m 0xffff4c005e00 [36mINFO   [00m [00;01;31m          GST_STATES gstbin.c:2928:gst_bin_change_state_func:<pipeline0>[00m child 'queue1' changed state to 1(NULL) successfully
0:00:01.413701509 [34m18843[00m 0xffff4c005e00 [36mINFO   [00m [00;01;31m          GST_STATES gstbin.c:2479:gst_bin_element_set_state:<h265parse0>[00m current READY pending VOID_PENDING, desired next NULL
0:00:01.413716326 [34m18843[00m 0xffff4c005e00 [36mINFO   [00m [00;01;31m          GST_STATES gstelement.c:2806:gst_element_continue_state:<h265parse0>[00m completed state change to NULL
0:00:01.413727302 [34m18843[00m 0xffff4c005e00 [36mINFO   [00m [00;01;31m          GST_STATES gstelement.c:2706:_priv_gst_element_state_changed:<h265parse0>[00m notifying about state-changed READY to NULL (VOID_PENDING pending)
0:00:01.413739687 [34m18843[00m 0xffff4c005e00 [36mINFO   [00m [00;01;31m          GST_STATES gstbin.c:2928:gst_bin_change_state_func:<pipeline0>[00m child 'h265parse0' changed state to 1(NULL) successfully
0:00:01.413806153 [34m18843[00m 0xffff4c005e00 [36mINFO   [00m [00;01;31m          GST_STATES gstbin.c:2479:gst_bin_element_set_state:<queue0>[00m current READY pending VOID_PENDING, desired next NULL
0:00:01.413859179 [34m18843[00m 0xffff4c005e00 [36mINFO   [00m [00;01;31m          GST_STATES gstelement.c:2806:gst_element_continue_state:<queue0>[00m completed state change to NULL
0:00:01.413872523 [34m18843[00m 0xffff4c005e00 [36mINFO   [00m [00;01;31m          GST_STATES gstelement.c:2706:_priv_gst_element_state_changed:<queue0>[00m notifying about state-changed READY to NULL (VOID_PENDING pending)
0:00:01.413890156 [34m18843[00m 0xffff4c005e00 [36mINFO   [00m [00;01;31m          GST_STATES gstbin.c:2928:gst_bin_change_state_func:<pipeline0>[00m child 'queue0' changed state to 1(NULL) successfully
0:00:01.413906604 [34m18843[00m 0xffff4c005e00 [36mINFO   [00m [00;01;31m          GST_STATES gstbin.c:2479:gst_bin_element_set_state:<rtph265depay0>[00m current READY pending VOID_PENDING, desired next NULL
0:00:01.413923597 [34m18843[00m 0xffff4c005e00 [36mINFO   [00m [00;01;31m          GST_STATES gstelement.c:2806:gst_element_continue_state:<rtph265depay0>[00m completed state change to NULL
0:00:01.413934477 [34m18843[00m 0xffff4c005e00 [36mINFO   [00m [00;01;31m          GST_STATES gstelement.c:2706:_priv_gst_element_state_changed:<rtph265depay0>[00m notifying about state-changed READY to NULL (VOID_PENDING pending)
0:00:01.413947533 [34m18843[00m 0xffff4c005e00 [36mINFO   [00m [00;01;31m          GST_STATES gstbin.c:2928:gst_bin_change_state_func:<pipeline0>[00m child 'rtph265depay0' changed state to 1(NULL) successfully
0:00:01.413960366 [34m18843[00m 0xffff4c005e00 [36mINFO   [00m [00;01;31m          GST_STATES gstbin.c:2479:gst_bin_element_set_state:<rtpjitterbuffer0>[00m current READY pending VOID_PENDING, desired next NULL
0:00:01.413975374 [34m18843[00m 0xffff4c005e00 [36mINFO   [00m [00;01;31m          GST_STATES gstelement.c:2806:gst_element_continue_state:<rtpjitterbuffer0>[00m completed state change to NULL
0:00:01.413987247 [34m18843[00m 0xffff4c005e00 [36mINFO   [00m [00;01;31m          GST_STATES gstelement.c:2706:_priv_gst_element_state_changed:<rtpjitterbuffer0>[00m notifying about state-changed READY to NULL (VOID_PENDING pending)
0:00:01.414001743 [34m18843[00m 0xffff4c005e00 [36mINFO   [00m [00;01;31m          GST_STATES gstbin.c:2928:gst_bin_change_state_func:<pipeline0>[00m child 'rtpjitterbuffer0' changed state to 1(NULL) successfully
0:00:01.414015856 [34m18843[00m 0xffff4c005e00 [36mINFO   [00m [00;01;31m          GST_STATES gstbin.c:2479:gst_bin_element_set_state:<rtspsrc0>[00m current READY pending VOID_PENDING, desired next NULL
0:00:01.414069009 [34m18843[00m 0xffff4c008360 [36mINFO   [00m [00m                task gsttask.c:370:gst_task_func:<task6>[00m Task resume from paused
0:00:01.414144244 [34m18843[00m 0xffff4c005e00 [36mINFO   [00m [00;01;31m          GST_STATES gstelement.c:2806:gst_element_continue_state:<rtspsrc0>[00m completed state change to NULL
0:00:01.414164117 [34m18843[00m 0xffff4c005e00 [36mINFO   [00m [00;01;31m          GST_STATES gstelement.c:2706:_priv_gst_element_state_changed:<rtspsrc0>[00m notifying about state-changed READY to NULL (VOID_PENDING pending)
0:00:01.414182581 [34m18843[00m 0xffff4c005e00 [36mINFO   [00m [00;01;31m          GST_STATES gstbin.c:2928:gst_bin_change_state_func:<pipeline0>[00m child 'rtspsrc0' changed state to 1(NULL) successfully
0:00:01.414273816 [34m18843[00m 0xffff4c005e00 [36mINFO   [00m [00;01;31m          GST_STATES gstelement.c:2806:gst_element_continue_state:<rtpssrcdemux1>[00m completed state change to NULL
0:00:01.414292665 [34m18843[00m 0xffff4c005e00 [36mINFO   [00m [00;01;31m          GST_STATES gstelement.c:2806:gst_element_continue_state:<rtpsession1>[00m completed state change to NULL
0:00:01.414304921 [34m18843[00m 0xffff4c005e00 [36mINFO   [00m [00;01;31m          GST_STATES gstelement.c:2806:gst_element_continue_state:<rtpstorage1>[00m completed state change to NULL
0:00:01.414326874 [34m18843[00m 0xffff4c005e00 [36mINFO   [00m [00;01;37;41m    GST_ELEMENT_PADS gstelement.c:875:gst_element_remove_pad:<rtpsession1>[00m removing pad 'recv_rtp_sink'
0:00:01.414359419 [34m18843[00m 0xffff4c005e00 [36mINFO   [00m [00;01;37;41m    GST_ELEMENT_PADS gstpad.c:2137:gst_pad_unlink:[00m unlinking recv_rtp_sink_0:proxypad5(0xffff380453f0) and rtpsession1:recv_rtp_sink(0xffff3803aa70)
0:00:01.414378396 [34m18843[00m 0xffff4c005e00 [36mINFO   [00m [00;01;37;41m    GST_ELEMENT_PADS gstpad.c:2192:gst_pad_unlink:[00m unlinked recv_rtp_sink_0:proxypad5 and rtpsession1:recv_rtp_sink
0:00:01.414392924 [34m18843[00m 0xffff4c005e00 [36mINFO   [00m [00;01;37;41m    GST_ELEMENT_PADS gstelement.c:875:gst_element_remove_pad:<rtpsession1>[00m removing pad 'recv_rtp_src'
0:00:01.414406909 [34m18843[00m 0xffff4c005e00 [36mINFO   [00m [00;01;37;41m    GST_ELEMENT_PADS gstpad.c:2137:gst_pad_unlink:[00m unlinking rtpsession1:recv_rtp_src(0xffff3803acc0) and rtpstorage1:sink(0xffff4c2b38d0)
0:00:01.414425949 [34m18843[00m 0xffff4c005e00 [36mINFO   [00m [00;01;37;41m    GST_ELEMENT_PADS gstpad.c:2192:gst_pad_unlink:[00m unlinked rtpsession1:recv_rtp_src and rtpstorage1:sink
0:00:01.414459934 [34m18843[00m 0xffff4c005e00 [36mINFO   [00m [00;01;37;41m    GST_ELEMENT_PADS gstelement.c:875:gst_element_remove_pad:<manager>[00m removing pad 'recv_rtp_sink_0'
0:00:01.414483359 [34m18843[00m 0xffff4c005e00 [36mINFO   [00m [00;01;37;41m    GST_ELEMENT_PADS gstelement.c:875:gst_element_remove_pad:<manager>[00m removing pad 'recv_rtcp_sink_0'
0:00:01.414498176 [34m18843[00m 0xffff4c005e00 [36mINFO   [00m [00;01;37;41m    GST_ELEMENT_PADS gstpad.c:2137:gst_pad_unlink:[00m unlinking recv_rtcp_sink_0:proxypad6(0xffff38045650) and rtpsession1:recv_rtcp_sink(0xffff3803a5d0)
0:00:01.414509856 [34m18843[00m 0xffff4c005e00 [36mINFO   [00m [00;01;37;41m    GST_ELEMENT_PADS gstpad.c:2192:gst_pad_unlink:[00m unlinked recv_rtcp_sink_0:proxypad6 and rtpsession1:recv_rtcp_sink
0:00:01.414527457 [34m18843[00m 0xffff4c005e00 [36mINFO   [00m [00;01;37;41m    GST_ELEMENT_PADS gstelement.c:875:gst_element_remove_pad:<rtpsession1>[00m removing pad 'recv_rtcp_sink'
0:00:01.414539809 [34m18843[00m 0xffff4c005e00 [36mINFO   [00m [00;01;37;41m    GST_ELEMENT_PADS gstelement.c:875:gst_element_remove_pad:<rtpsession1>[00m removing pad 'sync_src'
0:00:01.414552385 [34m18843[00m 0xffff4c005e00 [36mINFO   [00m [00;01;37;41m    GST_ELEMENT_PADS gstpad.c:2137:gst_pad_unlink:[00m unlinking rtpsession1:sync_src(0xffff3803a820) and rtpssrcdemux1:rtcp_sink(0xffff4c2b3430)
0:00:01.414566658 [34m18843[00m 0xffff4c005e00 [36mINFO   [00m [00;01;37;41m    GST_ELEMENT_PADS gstpad.c:2192:gst_pad_unlink:[00m unlinked rtpsession1:sync_src and rtpssrcdemux1:rtcp_sink
0:00:01.414593475 [34m18843[00m 0xffff4c005e00 [36mINFO   [00m [00;01;37;41m    GST_ELEMENT_PADS gstelement.c:875:gst_element_remove_pad:<manager>[00m removing pad 'send_rtcp_src_0'
0:00:01.414608643 [34m18843[00m 0xffff4c005e00 [36mINFO   [00m [00;01;37;41m    GST_ELEMENT_PADS gstpad.c:2137:gst_pad_unlink:[00m unlinking rtpsession1:send_rtcp_src(0xffff3804dd80) and send_rtcp_src_0:proxypad7(0xffff380458b0)
0:00:01.414623556 [34m18843[00m 0xffff4c005e00 [36mINFO   [00m [00;01;37;41m    GST_ELEMENT_PADS gstpad.c:2192:gst_pad_unlink:[00m unlinked rtpsession1:send_rtcp_src and send_rtcp_src_0:proxypad7
0:00:01.414645540 [34m18843[00m 0xffff4c005e00 [36mINFO   [00m [00;01;37;41m    GST_ELEMENT_PADS gstelement.c:875:gst_element_remove_pad:<rtpsession1>[00m removing pad 'send_rtcp_src'
0:00:01.414668901 [34m18843[00m 0xffff4c005e00 [36mINFO   [00m [00;01;37;41m       GST_PARENTAGE gstbin.c:1803:gst_bin_remove_func:<manager>[00m removed child "rtpsession1"
0:00:01.414701062 [34m18843[00m 0xffff4c005e00 [36mINFO   [00m [00;01;37;41m    GST_ELEMENT_PADS gstpad.c:2137:gst_pad_unlink:[00m unlinking rtpstorage1:src(0xffff4c2b3680) and rtpssrcdemux1:sink(0xffff3803b600)
0:00:01.414718375 [34m18843[00m 0xffff4c005e00 [36mINFO   [00m [00;01;37;41m    GST_ELEMENT_PADS gstpad.c:2192:gst_pad_unlink:[00m unlinked rtpstorage1:src and rtpssrcdemux1:sink
0:00:01.414745832 [34m18843[00m 0xffff4c005e00 [36mINFO   [00m [00;01;37;41m       GST_PARENTAGE gstbin.c:1803:gst_bin_remove_func:<manager>[00m removed child "rtpssrcdemux1"
0:00:01.414765608 [34m18843[00m 0xffff4c005e00 [36mINFO   [00m [00;01;37;41m       GST_PARENTAGE gstbin.c:1803:gst_bin_remove_func:<manager>[00m removed child "rtpstorage1"
0:00:01.414786121 [34m18843[00m 0xffff4c005e00 [36mINFO   [00m [00;01;37;41m    GST_ELEMENT_PADS gstpad.c:2137:gst_pad_unlink:[00m unlinking rtpjitterbuffer2:src(0xffff40018670) and rtpptdemux1:sink(0xffff40018b10)
0:00:01.414802314 [34m18843[00m 0xffff4c005e00 [36mINFO   [00m [00;01;37;41m    GST_ELEMENT_PADS gstpad.c:2192:gst_pad_unlink:[00m unlinked rtpjitterbuffer2:src and rtpptdemux1:sink
0:00:01.414816970 [34m18843[00m 0xffff4c005e00 [36mINFO   [00m [00;01;37;41m       GST_PARENTAGE gstbin.c:1803:gst_bin_remove_func:<manager>[00m removed child "rtpjitterbuffer2"
0:00:01.414832811 [34m18843[00m 0xffff4c005e00 [36mINFO   [00m [00;01;31m          GST_STATES gstelement.c:2806:gst_element_continue_state:<rtpjitterbuffer2>[00m completed state change to NULL
0:00:01.414846507 [34m18843[00m 0xffff4c005e00 [36mINFO   [00m [00;01;31m          GST_STATES gstelement.c:2806:gst_element_continue_state:<rtpjitterbuffer2>[00m completed state change to NULL
0:00:01.414858635 [34m18843[00m 0xffff4c005e00 [36mINFO   [00m [00;01;31m          GST_STATES gstelement.c:2806:gst_element_continue_state:<rtpptdemux1>[00m completed state change to NULL
0:00:01.414880908 [34m18843[00m 0xffff4c005e00 [36mINFO   [00m [00;01;37;41m       GST_PARENTAGE gstbin.c:1803:gst_bin_remove_func:<manager>[00m removed child "rtpptdemux1"
0:00:01.414905549 [34m18843[00m 0xffff4c005e00 [36mINFO   [00m [00;01;31;44m     GST_REFCOUNTING gstelement.c:3382:gst_element_dispose:<manager>[00m 0xffff38028bd0 dispose
0:00:01.414919789 [34m18843[00m 0xffff4c005e00 [36mINFO   [00m [00;01;31;44m     GST_REFCOUNTING gstelement.c:3428:gst_element_dispose:<manager>[00m 0xffff38028bd0 parent class dispose
0:00:01.414936014 [34m18843[00m 0xffff4c005e00 [36mINFO   [00m [00;01;31;44m     GST_REFCOUNTING gstelement.c:3460:gst_element_finalize:<manager>[00m 0xffff38028bd0 finalize
0:00:01.414947182 [34m18843[00m 0xffff4c005e00 [36mINFO   [00m [00;01;31;44m     GST_REFCOUNTING gstelement.c:3465:gst_element_finalize:<manager>[00m 0xffff38028bd0 finalize parent
0:00:01.414959215 [34m18843[00m 0xffff4c005e00 [36mINFO   [00m [00;01;31;44m     GST_REFCOUNTING gstelement.c:3382:gst_element_dispose:<rtpsession1>[00m 0xffff38030c30 dispose
0:00:01.414969167 [34m18843[00m 0xffff4c005e00 [36mINFO   [00m [00;01;31;44m     GST_REFCOUNTING gstelement.c:3428:gst_element_dispose:<rtpsession1>[00m 0xffff38030c30 parent class dispose
0:00:01.415012081 [34m18843[00m 0xffff4c005e00 [36mINFO   [00m [00;01;31;44m     GST_REFCOUNTING gstelement.c:3460:gst_element_finalize:<rtpsession1>[00m 0xffff38030c30 finalize
0:00:01.415025009 [34m18843[00m 0xffff4c005e00 [36mINFO   [00m [00;01;31;44m     GST_REFCOUNTING gstelement.c:3465:gst_element_finalize:<rtpsession1>[00m 0xffff38030c30 finalize parent
0:00:01.415043954 [34m18843[00m 0xffff4c005e00 [36mINFO   [00m [00;01;31;44m     GST_REFCOUNTING gstelement.c:3382:gst_element_dispose:<rtpstorage1>[00m 0xffff38056480 dispose
0:00:01.415054770 [34m18843[00m 0xffff4c005e00 [36mINFO   [00m [00;01;37;41m    GST_ELEMENT_PADS gstelement.c:875:gst_element_remove_pad:<rtpstorage1>[00m removing pad 'src'
0:00:01.415069874 [34m18843[00m 0xffff4c005e00 [36mINFO   [00m [00;01;37;41m    GST_ELEMENT_PADS gstelement.c:875:gst_element_remove_pad:<rtpstorage1>[00m removing pad 'sink'
0:00:01.415086259 [34m18843[00m 0xffff4c005e00 [36mINFO   [00m [00;01;31;44m     GST_REFCOUNTING gstelement.c:3428:gst_element_dispose:<rtpstorage1>[00m 0xffff38056480 parent class dispose
0:00:01.415097683 [34m18843[00m 0xffff4c005e00 [36mINFO   [00m [00;01;31;44m     GST_REFCOUNTING gstelement.c:3460:gst_element_finalize:<rtpstorage1>[00m 0xffff38056480 finalize
0:00:01.415118964 [34m18843[00m 0xffff4c005e00 [36mINFO   [00m [00;01;31;44m     GST_REFCOUNTING gstelement.c:3465:gst_element_finalize:<rtpstorage1>[00m 0xffff38056480 finalize parent
0:00:01.415133141 [34m18843[00m 0xffff4c005e00 [36mINFO   [00m [00;01;31;44m     GST_REFCOUNTING gstelement.c:3382:gst_element_dispose:<rtpssrcdemux1>[00m 0xffff380386a0 dispose
0:00:01.415144181 [34m18843[00m 0xffff4c005e00 [36mINFO   [00m [00;01;37;41m    GST_ELEMENT_PADS gstelement.c:875:gst_element_remove_pad:<rtpssrcdemux1>[00m removing pad 'sink'
0:00:01.415157301 [34m18843[00m 0xffff4c005e00 [36mINFO   [00m [00;01;37;41m    GST_ELEMENT_PADS gstelement.c:875:gst_element_remove_pad:<rtpssrcdemux1>[00m removing pad 'rtcp_sink'
0:00:01.415170486 [34m18843[00m 0xffff4c005e00 [36mINFO   [00m [00;01;31;44m     GST_REFCOUNTING gstelement.c:3428:gst_element_dispose:<rtpssrcdemux1>[00m 0xffff380386a0 parent class dispose
0:00:01.415181846 [34m18843[00m 0xffff4c005e00 [36mINFO   [00m [00;01;31;44m     GST_REFCOUNTING gstelement.c:3460:gst_element_finalize:<rtpssrcdemux1>[00m 0xffff380386a0 finalize
0:00:01.415191478 [34m18843[00m 0xffff4c005e00 [36mINFO   [00m [00;01;31;44m     GST_REFCOUNTING gstelement.c:3465:gst_element_finalize:<rtpssrcdemux1>[00m 0xffff380386a0 finalize parent
0:00:01.415203223 [34m18843[00m 0xffff4c005e00 [36mINFO   [00m [00;01;31;44m     GST_REFCOUNTING gstelement.c:3382:gst_element_dispose:<rtpjitterbuffer2>[00m 0xffff40017230 dispose
0:00:01.415214935 [34m18843[00m 0xffff4c005e00 [36mINFO   [00m [00;01;37;41m    GST_ELEMENT_PADS gstelement.c:875:gst_element_remove_pad:<rtpjitterbuffer2>[00m removing pad 'sink_rtcp'
0:00:01.415228920 [34m18843[00m 0xffff4c005e00 [36mINFO   [00m [00;01;37;41m    GST_ELEMENT_PADS gstelement.c:875:gst_element_remove_pad:<rtpjitterbuffer2>[00m removing pad 'src'
0:00:01.415243032 [34m18843[00m 0xffff4c005e00 [36mINFO   [00m [00;01;37;41m    GST_ELEMENT_PADS gstelement.c:875:gst_element_remove_pad:<rtpjitterbuffer2>[00m removing pad 'sink'
0:00:01.415259225 [34m18843[00m 0xffff4c005e00 [36mINFO   [00m [00;01;31;44m     GST_REFCOUNTING gstelement.c:3428:gst_element_dispose:<rtpjitterbuffer2>[00m 0xffff40017230 parent class dispose
0:00:01.415278777 [34m18843[00m 0xffff4c005e00 [36mINFO   [00m [00;01;31;44m     GST_REFCOUNTING gstelement.c:3460:gst_element_finalize:<rtpjitterbuffer2>[00m 0xffff40017230 finalize
0:00:01.415289338 [34m18843[00m 0xffff4c005e00 [36mINFO   [00m [00;01;31;44m     GST_REFCOUNTING gstelement.c:3465:gst_element_finalize:<rtpjitterbuffer2>[00m 0xffff40017230 finalize parent
0:00:01.415301178 [34m18843[00m 0xffff4c005e00 [36mINFO   [00m [00;01;31;44m     GST_REFCOUNTING gstelement.c:3382:gst_element_dispose:<rtpptdemux1>[00m 0xffff380387e0 dispose
0:00:01.415311226 [34m18843[00m 0xffff4c005e00 [36mINFO   [00m [00;01;37;41m    GST_ELEMENT_PADS gstelement.c:875:gst_element_remove_pad:<rtpptdemux1>[00m removing pad 'sink'
0:00:01.415324027 [34m18843[00m 0xffff4c005e00 [36mINFO   [00m [00;01;31;44m     GST_REFCOUNTING gstelement.c:3428:gst_element_dispose:<rtpptdemux1>[00m 0xffff380387e0 parent class dispose
0:00:01.415336731 [34m18843[00m 0xffff4c005e00 [36mINFO   [00m [00;01;31;44m     GST_REFCOUNTING gstelement.c:3460:gst_element_finalize:<rtpptdemux1>[00m 0xffff380387e0 finalize
0:00:01.415346428 [34m18843[00m 0xffff4c005e00 [36mINFO   [00m [00;01;31;44m     GST_REFCOUNTING gstelement.c:3465:gst_element_finalize:<rtpptdemux1>[00m 0xffff380387e0 finalize parent
0:00:01.415401693 [34m18843[00m 0xffff4c005e00 [36mINFO   [00m [00;01;31m          GST_STATES gstelement.c:2806:gst_element_continue_state:<pipeline0>[00m completed state change to NULL
0:00:01.415420446 [34m18843[00m 0xffff4c005e00 [36mINFO   [00m [00;01;31m          GST_STATES gstelement.c:2706:_priv_gst_element_state_changed:<pipeline0>[00m notifying about state-changed READY to NULL (VOID_PENDING pending)
0:00:01.415467360 [34m18843[00m 0xffff4c005e00 [36mINFO   [00m [00;01;37;41m    GST_ELEMENT_PADS gstpad.c:2137:gst_pad_unlink:[00m unlinking videoconvert0:src(0xffff4c2b2650) and capsfilter1:sink(0xffff4c2b2f90)
0:00:01.415486016 [34m18843[00m 0xffff4c005e00 [36mINFO   [00m [00;01;37;41m    GST_ELEMENT_PADS gstpad.c:2192:gst_pad_unlink:[00m unlinked videoconvert0:src and capsfilter1:sink
0:00:01.415503745 [34m18843[00m 0xffff4c005e00 [36mINFO   [00m [00;01;37;41m    GST_ELEMENT_PADS gstpad.c:2137:gst_pad_unlink:[00m unlinking capsfilter1:src(0xffff4c2b31e0) and appsink0:sink(0xffff4c2b28a0)
0:00:01.415518017 [34m18843[00m 0xffff4c005e00 [36mINFO   [00m [00;01;37;41m    GST_ELEMENT_PADS gstpad.c:2192:gst_pad_unlink:[00m unlinked capsfilter1:src and appsink0:sink
0:00:01.415530242 [34m18843[00m 0xffff4c005e00 [36mINFO   [00m [00;01;37;41m       GST_PARENTAGE gstbin.c:1803:gst_bin_remove_func:<pipeline0>[00m removed child "capsfilter1"
0:00:01.415551330 [34m18843[00m 0xffff4c005e00 [36mINFO   [00m [00;01;31;44m     GST_REFCOUNTING gstelement.c:3382:gst_element_dispose:<capsfilter1>[00m 0xffff4c2c8560 dispose
0:00:01.415563299 [34m18843[00m 0xffff4c005e00 [36mINFO   [00m [00;01;37;41m    GST_ELEMENT_PADS gstelement.c:875:gst_element_remove_pad:<capsfilter1>[00m removing pad 'sink'
0:00:01.415577987 [34m18843[00m 0xffff4c005e00 [36mINFO   [00m [00;01;37;41m    GST_ELEMENT_PADS gstelement.c:875:gst_element_remove_pad:<capsfilter1>[00m removing pad 'src'
0:00:01.415596068 [34m18843[00m 0xffff4c005e00 [36mINFO   [00m [00;01;31;44m     GST_REFCOUNTING gstelement.c:3428:gst_element_dispose:<capsfilter1>[00m 0xffff4c2c8560 parent class dispose
0:00:01.415608772 [34m18843[00m 0xffff4c005e00 [36mINFO   [00m [00;01;31;44m     GST_REFCOUNTING gstelement.c:3460:gst_element_finalize:<capsfilter1>[00m 0xffff4c2c8560 finalize
0:00:01.415618597 [34m18843[00m 0xffff4c005e00 [36mINFO   [00m [00;01;31;44m     GST_REFCOUNTING gstelement.c:3465:gst_element_finalize:<capsfilter1>[00m 0xffff4c2c8560 finalize parent
0:00:01.415634405 [34m18843[00m 0xffff4c005e00 [36mINFO   [00m [00;01;37;41m    GST_ELEMENT_PADS gstpad.c:2137:gst_pad_unlink:[00m unlinking nvvconv0:src(0xffff4c2b21b0) and capsfilter0:sink(0xffff4c2b2af0)
0:00:01.415650022 [34m18843[00m 0xffff4c005e00 [36mINFO   [00m [00;01;37;41m    GST_ELEMENT_PADS gstpad.c:2192:gst_pad_unlink:[00m unlinked nvvconv0:src and capsfilter0:sink
0:00:01.415667398 [34m18843[00m 0xffff4c005e00 [36mINFO   [00m [00;01;37;41m    GST_ELEMENT_PADS gstpad.c:2137:gst_pad_unlink:[00m unlinking capsfilter0:src(0xffff4c2b2d40) and videoconvert0:sink(0xffff4c2b2400)
0:00:01.415680423 [34m18843[00m 0xffff4c005e00 [36mINFO   [00m [00;01;37;41m    GST_ELEMENT_PADS gstpad.c:2192:gst_pad_unlink:[00m unlinked capsfilter0:src and videoconvert0:sink
0:00:01.415692263 [34m18843[00m 0xffff4c005e00 [36mINFO   [00m [00;01;37;41m       GST_PARENTAGE gstbin.c:1803:gst_bin_remove_func:<pipeline0>[00m removed child "capsfilter0"
0:00:01.415709896 [34m18843[00m 0xffff4c005e00 [36mINFO   [00m [00;01;31;44m     GST_REFCOUNTING gstelement.c:3382:gst_element_dispose:<capsfilter0>[00m 0xffff4c2c8220 dispose
0:00:01.415720744 [34m18843[00m 0xffff4c005e00 [36mINFO   [00m [00;01;37;41m    GST_ELEMENT_PADS gstelement.c:875:gst_element_remove_pad:<capsfilter0>[00m removing pad 'sink'
0:00:01.415734376 [34m18843[00m 0xffff4c005e00 [36mINFO   [00m [00;01;37;41m    GST_ELEMENT_PADS gstelement.c:875:gst_element_remove_pad:<capsfilter0>[00m removing pad 'src'
0:00:01.415748105 [34m18843[00m 0xffff4c005e00 [36mINFO   [00m [00;01;31;44m     GST_REFCOUNTING gstelement.c:3428:gst_element_dispose:<capsfilter0>[00m 0xffff4c2c8220 parent class dispose
0:00:01.415760361 [34m18843[00m 0xffff4c005e00 [36mINFO   [00m [00;01;31;44m     GST_REFCOUNTING gstelement.c:3460:gst_element_finalize:<capsfilter0>[00m 0xffff4c2c8220 finalize
0:00:01.415770730 [34m18843[00m 0xffff4c005e00 [36mINFO   [00m [00;01;31;44m     GST_REFCOUNTING gstelement.c:3465:gst_element_finalize:<capsfilter0>[00m 0xffff4c2c8220 finalize parent
0:00:01.415794506 [34m18843[00m 0xffff4c005e00 [36mINFO   [00m [00;01;37;41m       GST_PARENTAGE gstbin.c:1803:gst_bin_remove_func:<pipeline0>[00m removed child "appsink0"
0:00:01.415812075 [34m18843[00m 0xffff4c005e00 [36mINFO   [00m [00;01;37;41m       GST_PARENTAGE gstbin.c:1803:gst_bin_remove_func:<pipeline0>[00m removed child "videoconvert0"
0:00:01.415826827 [34m18843[00m 0xffff4c005e00 [36mINFO   [00m [00;01;31;44m     GST_REFCOUNTING gstelement.c:3382:gst_element_dispose:<videoconvert0>[00m 0xffff4c2bd8d0 dispose
0:00:01.415837324 [34m18843[00m 0xffff4c005e00 [36mINFO   [00m [00;01;37;41m    GST_ELEMENT_PADS gstelement.c:875:gst_element_remove_pad:<videoconvert0>[00m removing pad 'sink'
0:00:01.415850700 [34m18843[00m 0xffff4c005e00 [36mINFO   [00m [00;01;37;41m    GST_ELEMENT_PADS gstelement.c:875:gst_element_remove_pad:<videoconvert0>[00m removing pad 'src'
0:00:01.415864877 [34m18843[00m 0xffff4c005e00 [36mINFO   [00m [00;01;31;44m     GST_REFCOUNTING gstelement.c:3428:gst_element_dispose:<videoconvert0>[00m 0xffff4c2bd8d0 parent class dispose
0:00:01.415907406 [34m18843[00m 0xffff4c005e00 [36mINFO   [00m [00;01;31;44m     GST_REFCOUNTING gstelement.c:3460:gst_element_finalize:<videoconvert0>[00m 0xffff4c2bd8d0 finalize
0:00:01.415919598 [34m18843[00m 0xffff4c005e00 [36mINFO   [00m [00;01;31;44m     GST_REFCOUNTING gstelement.c:3465:gst_element_finalize:<videoconvert0>[00m 0xffff4c2bd8d0 finalize parent
0:00:01.415936591 [34m18843[00m 0xffff4c005e00 [36mINFO   [00m [00;01;37;41m    GST_ELEMENT_PADS gstpad.c:2137:gst_pad_unlink:[00m unlinking nvv4l2decoder0:src(0xffff4c2839f0) and nvvconv0:sink(0xffff4c283c40)
0:00:01.415951663 [34m18843[00m 0xffff4c005e00 [36mINFO   [00m [00;01;37;41m    GST_ELEMENT_PADS gstpad.c:2192:gst_pad_unlink:[00m unlinked nvv4l2decoder0:src and nvvconv0:sink
0:00:01.415966512 [34m18843[00m 0xffff4c005e00 [36mINFO   [00m [00;01;37;41m       GST_PARENTAGE gstbin.c:1803:gst_bin_remove_func:<pipeline0>[00m removed child "nvvconv0"
0:00:01.415981648 [34m18843[00m 0xffff4c005e00 [36mINFO   [00m [00;01;31;44m     GST_REFCOUNTING gstelement.c:3382:gst_element_dispose:<nvvconv0>[00m 0xffff4c2b0130 dispose
0:00:01.415993105 [34m18843[00m 0xffff4c005e00 [36mINFO   [00m [00;01;37;41m    GST_ELEMENT_PADS gstelement.c:875:gst_element_remove_pad:<nvvconv0>[00m removing pad 'sink'
0:00:01.416007697 [34m18843[00m 0xffff4c005e00 [36mINFO   [00m [00;01;37;41m    GST_ELEMENT_PADS gstelement.c:875:gst_element_remove_pad:<nvvconv0>[00m removing pad 'src'
0:00:01.416022066 [34m18843[00m 0xffff4c005e00 [36mINFO   [00m [00;01;31;44m     GST_REFCOUNTING gstelement.c:3428:gst_element_dispose:<nvvconv0>[00m 0xffff4c2b0130 parent class dispose
0:00:01.416036946 [34m18843[00m 0xffff4c005e00 [36mINFO   [00m [00;01;31;44m     GST_REFCOUNTING gstelement.c:3460:gst_element_finalize:<nvvconv0>[00m 0xffff4c2b0130 finalize
0:00:01.416048019 [34m18843[00m 0xffff4c005e00 [36mINFO   [00m [00;01;31;44m     GST_REFCOUNTING gstelement.c:3465:gst_element_finalize:<nvvconv0>[00m 0xffff4c2b0130 finalize parent
0:00:01.416063731 [34m18843[00m 0xffff4c005e00 [36mINFO   [00m [00;01;37;41m    GST_ELEMENT_PADS gstpad.c:2137:gst_pad_unlink:[00m unlinking queue1:src(0xffff4c283550) and nvv4l2decoder0:sink(0xffff4c2837a0)
0:00:01.416078452 [34m18843[00m 0xffff4c005e00 [36mINFO   [00m [00;01;37;41m    GST_ELEMENT_PADS gstpad.c:2192:gst_pad_unlink:[00m unlinked queue1:src and nvv4l2decoder0:sink
0:00:01.416093140 [34m18843[00m 0xffff4c005e00 [36mINFO   [00m [00;01;37;41m       GST_PARENTAGE gstbin.c:1803:gst_bin_remove_func:<pipeline0>[00m removed child "nvv4l2decoder0"
0:00:01.416112085 [34m18843[00m 0xffff4c005e00 [36mINFO   [00m [00;01;37;41m    GST_ELEMENT_PADS gstpad.c:2137:gst_pad_unlink:[00m unlinking h265parse0:src(0xffff4c2830b0) and queue1:sink(0xffff4c283300)
0:00:01.416128373 [34m18843[00m 0xffff4c005e00 [36mINFO   [00m [00;01;37;41m    GST_ELEMENT_PADS gstpad.c:2192:gst_pad_unlink:[00m unlinked h265parse0:src and queue1:sink
0:00:01.416154518 [34m18843[00m 0xffff4c005e00 [36mINFO   [00m [00;01;37;41m       GST_PARENTAGE gstbin.c:1803:gst_bin_remove_func:<pipeline0>[00m removed child "queue1"
0:00:01.416171159 [34m18843[00m 0xffff4c005e00 [36mINFO   [00m [00;01;31;44m     GST_REFCOUNTING gstelement.c:3382:gst_element_dispose:<queue1>[00m 0xffff4c2983d0 dispose
0:00:01.416182551 [34m18843[00m 0xffff4c005e00 [36mINFO   [00m [00;01;37;41m    GST_ELEMENT_PADS gstelement.c:875:gst_element_remove_pad:<queue1>[00m removing pad 'sink'
0:00:01.416198648 [34m18843[00m 0xffff4c005e00 [36mINFO   [00m [00;01;37;41m    GST_ELEMENT_PADS gstelement.c:875:gst_element_remove_pad:<queue1>[00m removing pad 'src'
0:00:01.416215192 [34m18843[00m 0xffff4c005e00 [36mINFO   [00m [00;01;31;44m     GST_REFCOUNTING gstelement.c:3428:gst_element_dispose:<queue1>[00m 0xffff4c2983d0 parent class dispose
0:00:01.416229433 [34m18843[00m 0xffff4c005e00 [36mINFO   [00m [00;01;31;44m     GST_REFCOUNTING gstelement.c:3460:gst_element_finalize:<queue1>[00m 0xffff4c2983d0 finalize
0:00:01.416240057 [34m18843[00m 0xffff4c005e00 [36mINFO   [00m [00;01;31;44m     GST_REFCOUNTING gstelement.c:3465:gst_element_finalize:<queue1>[00m 0xffff4c2983d0 finalize parent
0:00:01.416254297 [34m18843[00m 0xffff4c005e00 [36mINFO   [00m [00;01;37;41m    GST_ELEMENT_PADS gstpad.c:2137:gst_pad_unlink:[00m unlinking queue0:src(0xffff4c282c10) and h265parse0:sink(0xffff4c282e60)
0:00:01.416269754 [34m18843[00m 0xffff4c005e00 [36mINFO   [00m [00;01;37;41m    GST_ELEMENT_PADS gstpad.c:2192:gst_pad_unlink:[00m unlinked queue0:src and h265parse0:sink
0:00:01.416284698 [34m18843[00m 0xffff4c005e00 [36mINFO   [00m [00;01;37;41m       GST_PARENTAGE gstbin.c:1803:gst_bin_remove_func:<pipeline0>[00m removed child "h265parse0"
0:00:01.416298811 [34m18843[00m 0xffff4c005e00 [36mINFO   [00m [00;01;31;44m     GST_REFCOUNTING gstelement.c:3382:gst_element_dispose:<h265parse0>[00m 0xffff4c29e270 dispose
0:00:01.416309659 [34m18843[00m 0xffff4c005e00 [36mINFO   [00m [00;01;37;41m    GST_ELEMENT_PADS gstelement.c:875:gst_element_remove_pad:<h265parse0>[00m removing pad 'sink'
0:00:01.416325756 [34m18843[00m 0xffff4c005e00 [36mINFO   [00m [00;01;37;41m    GST_ELEMENT_PADS gstelement.c:875:gst_element_remove_pad:<h265parse0>[00m removing pad 'src'
0:00:01.416341116 [34m18843[00m 0xffff4c005e00 [36mINFO   [00m [00;01;31;44m     GST_REFCOUNTING gstelement.c:3428:gst_element_dispose:<h265parse0>[00m 0xffff4c29e270 parent class dispose
0:00:01.416371965 [34m18843[00m 0xffff4c005e00 [36mINFO   [00m [00;01;31;44m     GST_REFCOUNTING gstelement.c:3460:gst_element_finalize:<h265parse0>[00m 0xffff4c29e270 finalize
0:00:01.416384030 [34m18843[00m 0xffff4c005e00 [36mINFO   [00m [00;01;31;44m     GST_REFCOUNTING gstelement.c:3465:gst_element_finalize:<h265parse0>[00m 0xffff4c29e270 finalize parent
0:00:01.416399550 [34m18843[00m 0xffff4c005e00 [36mINFO   [00m [00;01;37;41m    GST_ELEMENT_PADS gstpad.c:2137:gst_pad_unlink:[00m unlinking rtph265depay0:src(0xffff4c282770) and queue0:sink(0xffff4c2829c0)
0:00:01.416414815 [34m18843[00m 0xffff4c005e00 [36mINFO   [00m [00;01;37;41m    GST_ELEMENT_PADS gstpad.c:2192:gst_pad_unlink:[00m unlinked rtph265depay0:src and queue0:sink
0:00:01.416429343 [34m18843[00m 0xffff4c005e00 [36mINFO   [00m [00;01;37;41m       GST_PARENTAGE gstbin.c:1803:gst_bin_remove_func:<pipeline0>[00m removed child "queue0"
0:00:01.416444512 [34m18843[00m 0xffff4c005e00 [36mINFO   [00m [00;01;31;44m     GST_REFCOUNTING gstelement.c:3382:gst_element_dispose:<queue0>[00m 0xffff4c2980d0 dispose
0:00:01.416454976 [34m18843[00m 0xffff4c005e00 [36mINFO   [00m [00;01;37;41m    GST_ELEMENT_PADS gstelement.c:875:gst_element_remove_pad:<queue0>[00m removing pad 'sink'
0:00:01.416470593 [34m18843[00m 0xffff4c005e00 [36mINFO   [00m [00;01;37;41m    GST_ELEMENT_PADS gstelement.c:875:gst_element_remove_pad:<queue0>[00m removing pad 'src'
0:00:01.416498113 [34m18843[00m 0xffff4c005e00 [36mINFO   [00m [00;01;31;44m     GST_REFCOUNTING gstelement.c:3428:gst_element_dispose:<queue0>[00m 0xffff4c2980d0 parent class dispose
0:00:01.416512354 [34m18843[00m 0xffff4c005e00 [36mINFO   [00m [00;01;31;44m     GST_REFCOUNTING gstelement.c:3460:gst_element_finalize:<queue0>[00m 0xffff4c2980d0 finalize
0:00:01.416522306 [34m18843[00m 0xffff4c005e00 [36mINFO   [00m [00;01;31;44m     GST_REFCOUNTING gstelement.c:3465:gst_element_finalize:<queue0>[00m 0xffff4c2980d0 finalize parent
0:00:01.416537507 [34m18843[00m 0xffff4c005e00 [36mINFO   [00m [00;01;37;41m    GST_ELEMENT_PADS gstpad.c:2137:gst_pad_unlink:[00m unlinking rtpjitterbuffer0:src(0xffff4c282080) and rtph265depay0:sink(0xffff4c282520)
0:00:01.416553379 [34m18843[00m 0xffff4c005e00 [36mINFO   [00m [00;01;37;41m    GST_ELEMENT_PADS gstpad.c:2192:gst_pad_unlink:[00m unlinked rtpjitterbuffer0:src and rtph265depay0:sink
0:00:01.416569092 [34m18843[00m 0xffff4c005e00 [36mINFO   [00m [00;01;37;41m       GST_PARENTAGE gstbin.c:1803:gst_bin_remove_func:<pipeline0>[00m removed child "rtph265depay0"
0:00:01.416583908 [34m18843[00m 0xffff4c005e00 [36mINFO   [00m [00;01;31;44m     GST_REFCOUNTING gstelement.c:3382:gst_element_dispose:<rtph265depay0>[00m 0xffff4c28e3b0 dispose
0:00:01.416594693 [34m18843[00m 0xffff4c005e00 [36mINFO   [00m [00;01;37;41m    GST_ELEMENT_PADS gstelement.c:875:gst_element_remove_pad:<rtph265depay0>[00m removing pad 'sink'
0:00:01.416608677 [34m18843[00m 0xffff4c005e00 [36mINFO   [00m [00;01;37;41m    GST_ELEMENT_PADS gstelement.c:875:gst_element_remove_pad:<rtph265depay0>[00m removing pad 'src'
0:00:01.416623526 [34m18843[00m 0xffff4c005e00 [36mINFO   [00m [00;01;31;44m     GST_REFCOUNTING gstelement.c:3428:gst_element_dispose:<rtph265depay0>[00m 0xffff4c28e3b0 parent class dispose
0:00:01.416641094 [34m18843[00m 0xffff4c005e00 [36mINFO   [00m [00;01;31;44m     GST_REFCOUNTING gstelement.c:3460:gst_element_finalize:<rtph265depay0>[00m 0xffff4c28e3b0 finalize
0:00:01.416651879 [34m18843[00m 0xffff4c005e00 [36mINFO   [00m [00;01;31;44m     GST_REFCOUNTING gstelement.c:3465:gst_element_finalize:<rtph265depay0>[00m 0xffff4c28e3b0 finalize parent
0:00:01.416667079 [34m18843[00m 0xffff4c005e00 [36mINFO   [00m [00;01;37;41m       GST_PARENTAGE gstbin.c:1803:gst_bin_remove_func:<pipeline0>[00m removed child "rtpjitterbuffer0"
0:00:01.416681448 [34m18843[00m 0xffff4c005e00 [36mINFO   [00m [00;01;31;44m     GST_REFCOUNTING gstelement.c:3382:gst_element_dispose:<rtpjitterbuffer0>[00m 0xffff4c27eb70 dispose
0:00:01.416692424 [34m18843[00m 0xffff4c005e00 [36mINFO   [00m [00;01;37;41m    GST_ELEMENT_PADS gstelement.c:875:gst_element_remove_pad:<rtpjitterbuffer0>[00m removing pad 'src'
0:00:01.416709160 [34m18843[00m 0xffff4c005e00 [36mINFO   [00m [00;01;37;41m    GST_ELEMENT_PADS gstelement.c:875:gst_element_remove_pad:<rtpjitterbuffer0>[00m removing pad 'sink'
0:00:01.416725801 [34m18843[00m 0xffff4c005e00 [36mINFO   [00m [00;01;31;44m     GST_REFCOUNTING gstelement.c:3428:gst_element_dispose:<rtpjitterbuffer0>[00m 0xffff4c27eb70 parent class dispose
0:00:01.416742954 [34m18843[00m 0xffff4c005e00 [36mINFO   [00m [00;01;31;44m     GST_REFCOUNTING gstelement.c:3460:gst_element_finalize:<rtpjitterbuffer0>[00m 0xffff4c27eb70 finalize
0:00:01.416753674 [34m18843[00m 0xffff4c005e00 [36mINFO   [00m [00;01;31;44m     GST_REFCOUNTING gstelement.c:3465:gst_element_finalize:<rtpjitterbuffer0>[00m 0xffff4c27eb70 finalize parent
0:00:01.416770090 [34m18843[00m 0xffff4c005e00 [36mINFO   [00m [00;01;37;41m       GST_PARENTAGE gstbin.c:1803:gst_bin_remove_func:<pipeline0>[00m removed child "rtspsrc0"
0:00:01.416788875 [34m18843[00m 0xffff4c005e00 [36mINFO   [00m [00;01;31;44m     GST_REFCOUNTING gstelement.c:3382:gst_element_dispose:<rtspsrc0>[00m 0xffff4c2742c0 dispose
0:00:01.416800171 [34m18843[00m 0xffff4c005e00 [36mINFO   [00m [00;01;31;44m     GST_REFCOUNTING gstelement.c:3428:gst_element_dispose:<rtspsrc0>[00m 0xffff4c2742c0 parent class dispose
0:00:01.416822604 [34m18843[00m 0xffff4c005e00 [36mINFO   [00m [00;01;31;44m     GST_REFCOUNTING gstelement.c:3382:gst_element_dispose:<rtspwms0>[00m 0xffff4c27a000 dispose
0:00:01.416834797 [34m18843[00m 0xffff4c005e00 [36mINFO   [00m [00;01;31;44m     GST_REFCOUNTING gstelement.c:3428:gst_element_dispose:<rtspwms0>[00m 0xffff4c27a000 parent class dispose
0:00:01.416847853 [34m18843[00m 0xffff4c005e00 [36mINFO   [00m [00;01;31;44m     GST_REFCOUNTING gstelement.c:3460:gst_element_finalize:<rtspwms0>[00m 0xffff4c27a000 finalize
0:00:01.416858061 [34m18843[00m 0xffff4c005e00 [36mINFO   [00m [00;01;31;44m     GST_REFCOUNTING gstelement.c:3465:gst_element_finalize:<rtspwms0>[00m 0xffff4c27a000 finalize parent
0:00:01.416869870 [34m18843[00m 0xffff4c005e00 [36mINFO   [00m [00;01;31;44m     GST_REFCOUNTING gstelement.c:3382:gst_element_dispose:<rtspreal0>[00m 0xffff4c278070 dispose
0:00:01.416881582 [34m18843[00m 0xffff4c005e00 [36mINFO   [00m [00;01;31;44m     GST_REFCOUNTING gstelement.c:3428:gst_element_dispose:<rtspreal0>[00m 0xffff4c278070 parent class dispose
0:00:01.416894991 [34m18843[00m 0xffff4c005e00 [36mINFO   [00m [00;01;31;44m     GST_REFCOUNTING gstelement.c:3460:gst_element_finalize:<rtspreal0>[00m 0xffff4c278070 finalize
0:00:01.416905039 [34m18843[00m 0xffff4c005e00 [36mINFO   [00m [00;01;31;44m     GST_REFCOUNTING gstelement.c:3465:gst_element_finalize:<rtspreal0>[00m 0xffff4c278070 finalize parent
0:00:01.416918255 [34m18843[00m 0xffff4c005e00 [36mINFO   [00m [00;01;31;44m     GST_REFCOUNTING gstelement.c:3460:gst_element_finalize:<rtspsrc0>[00m 0xffff4c2742c0 finalize
0:00:01.416927984 [34m18843[00m 0xffff4c005e00 [36mINFO   [00m [00;01;31;44m     GST_REFCOUNTING gstelement.c:3465:gst_element_finalize:<rtspsrc0>[00m 0xffff4c2742c0 finalize parent
0:00:01.416938064 [34m18843[00m 0xffff4c005e00 [36mINFO   [00m [00;01;31;44m     GST_REFCOUNTING gstelement.c:3382:gst_element_dispose:<pipeline0>[00m 0xffff4c2c2140 dispose
0:00:01.416995890 [34m18843[00m 0xffff4c005e00 [36mINFO   [00m [00;01;31;44m     GST_REFCOUNTING gstelement.c:3428:gst_element_dispose:<pipeline0>[00m 0xffff4c2c2140 parent class dispose
0:00:01.417009522 [34m18843[00m 0xffff4c005e00 [36mINFO   [00m [00;01;31;44m     GST_REFCOUNTING gstelement.c:3460:gst_element_finalize:<pipeline0>[00m 0xffff4c2c2140 finalize
0:00:01.417020083 [34m18843[00m 0xffff4c005e00 [36mINFO   [00m [00;01;31;44m     GST_REFCOUNTING gstelement.c:3465:gst_element_finalize:<pipeline0>[00m 0xffff4c2c2140 finalize parent
[ WARN:0] global ./modules/videoio/src/cap_gstreamer.cpp (651) startPipeline OpenCV | GStreamer warning: unable to start pipeline
 [INFO] 2025-11-17 18:26:45,894 [SIYISDK::run] :	MAVSDK version: v3.10.2 (mavsdk_impl.cpp:32)
 [INFO] 2025-11-17 18:26:45,915 [SIYISDK::run] :	Waiting to discover system on serial:///dev/ttyACM0:57600... (connection_initiator.h:20)
 [WARNING] 2025-11-17 18:26:45,928 [SIYISDK::run] :	Vehicle type changed (new type: 13, old type: 0) (system_impl.cpp:323)
 [INFO] 2025-11-17 18:26:45,929 [SIYISDK::run] :	System discovered (connection_initiator.h:62)
 [INFO] 2025-11-17 18:26:45,931 [SIYISDK::run] :	Server started (grpc_server.cpp:177)
 [INFO] 2025-11-17 18:26:45,931 [SIYISDK::run] :	Server set to listen on 0.0.0.0:50051 (grpc_server.cpp:178)
 [WARNING] 2025-11-17 18:26:46,756 [SIYISDK::run] :	Received ack for not-existing command: 176! Ignoring... (mavlink_command_sender.cpp:304)
[ WARN:0] global ./modules/videoio/src/cap_gstreamer.cpp (616) isPipelinePlaying OpenCV | GStreamer warning: GStreamer: pipeline have not been created
0:00:17.611177787 [34m18843[00m 0xffff4c005e00 [36mINFO   [00m [00;01;31;44m     GST_REFCOUNTING gstelement.c:3382:gst_element_dispose:<appsink0>[00m 0xffff4c2c0950 dispose
0:00:17.611252478 [34m18843[00m 0xffff4c005e00 [36mINFO   [00m [00;01;37;41m    GST_ELEMENT_PADS gstelement.c:875:gst_element_remove_pad:<appsink0>[00m removing pad 'sink'
0:00:17.611327904 [34m18843[00m 0xffff4c005e00 [36mINFO   [00m [00;01;31;44m     GST_REFCOUNTING gstelement.c:3428:gst_element_dispose:<appsink0>[00m 0xffff4c2c0950 parent class dispose
0:00:17.611352609 [34m18843[00m 0xffff4c005e00 [36mINFO   [00m [00;01;31;44m     GST_REFCOUNTING gstelement.c:3460:gst_element_finalize:<appsink0>[00m 0xffff4c2c0950 finalize
0:00:17.611364321 [34m18843[00m 0xffff4c005e00 [36mINFO   [00m [00;01;31;44m     GST_REFCOUNTING gstelement.c:3465:gst_element_finalize:<appsink0>[00m 0xffff4c2c0950 finalize parent
0:00:17.611380418 [34m18843[00m 0xffff4c005e00 [36mINFO   [00m [00;01;31;44m     GST_REFCOUNTING gstelement.c:3382:gst_element_dispose:<nvv4l2decoder0>[00m 0xffff4c2a8d90 dispose
0:00:17.611390946 [34m18843[00m 0xffff4c005e00 [36mINFO   [00m [00;01;37;41m    GST_ELEMENT_PADS gstelement.c:875:gst_element_remove_pad:<nvv4l2decoder0>[00m removing pad 'sink'
0:00:17.611411939 [34m18843[00m 0xffff4c005e00 [36mINFO   [00m [00;01;37;41m    GST_ELEMENT_PADS gstelement.c:875:gst_element_remove_pad:<nvv4l2decoder0>[00m removing pad 'src'
0:00:17.611425155 [34m18843[00m 0xffff4c005e00 [36mINFO   [00m [00;01;31;44m     GST_REFCOUNTING gstelement.c:3428:gst_element_dispose:<nvv4l2decoder0>[00m 0xffff4c2a8d90 parent class dispose
0:00:17.611448068 [34m18843[00m 0xffff4c005e00 [36mINFO   [00m [00;01;31;44m     GST_REFCOUNTING gstelement.c:3460:gst_element_finalize:<nvv4l2decoder0>[00m 0xffff4c2a8d90 finalize
0:00:17.611457797 [34m18843[00m 0xffff4c005e00 [36mINFO   [00m [00;01;31;44m     GST_REFCOUNTING gstelement.c:3465:gst_element_finalize:<nvv4l2decoder0>[00m 0xffff4c2a8d90 finalize parent
